Country Name,Country Code,Indicator Name,Indicator Code,1960,1961,1962,1963,1964,1965,1966,1967,1968,1969,1970,1971,1972,1973,1974,1975,1976,1977,1978,1979,1980,1981,1982,1983,1984,1985,1986,1987,1988,1989,1990,1991,1992,1993,1994,1995,1996,1997,1998,1999,2000,2001,2002,2003,2004,2005,2006,2007,2008,2009,2010,2011,2012,2013,2014,2015,2016,2017,2018,2019,2020,2021,2022,2023,2024
Aruba,ABW,Population ages 15-64 (% of total population),SP.POP.1564.TO.ZS,54.6320236,54.95380408,55.23082386,55.61871179,56.13165796,56.70390101,57.27708729,57.64657021,57.79717113,57.92437174,58.07499512,58.30590077,58.88904925,59.78413574,60.69076212,61.58766701,62.4895954,63.32851035,64.03781656,64.63907199,65.09534325,65.31493913,65.48154887,65.71996862,65.98602478,66.36192989,66.83511077,67.32036967,67.68770717,67.77094179,67.39015722,66.56147153,66.20979041,66.47953118,66.75923657,67.36281251,68.17932774,68.79658227,69.25468804,69.60443614,69.77462075,69.81783954,69.89226131,69.99133355,70.08126592,70.10824578,70.04324239,69.9343597,69.80302542,69.66892366,69.70937985,69.90671512,69.99611845,69.91102552,69.67858957,69.32509154,68.89208537,68.43484141,67.97344784,67.52166685,67.16868171,66.96991391,66.75511681,66.44570751,66.09880119
Africa Eastern and Southern,AFE,Population ages 15-64 (% of total population),SP.POP.1564.TO.ZS,53.02180769,52.93316922,52.8423459,52.72985087,52.6127492,52.47967366,52.32867163,52.18542877,52.05327855,51.92956441,51.79934728,51.65945956,51.51962721,51.40062415,51.32747826,51.28353269,51.23001053,51.18604153,51.18440207,51.18236729,51.19376525,51.21853098,51.24452736,51.31349854,51.40231989,51.48494083,51.55795062,51.61537024,51.67355698,51.73369297,51.79564475,51.86210843,51.87524147,51.90934208,51.99748132,52.00938287,51.89340524,51.81799035,51.90675632,52.04956928,52.18753381,52.33148319,52.47137584,52.59933251,52.71596462,52.81551861,52.90620547,53.00158271,53.10690579,53.21755746,53.35128188,53.5174465,53.68956805,53.86597893,54.04839158,54.25563843,54.45704298,54.67509236,54.93140182,55.17622536,55.42609775,55.67756102,55.9149333,56.14496466,56.36737481
Afghanistan,AFG,Population ages 15-64 (% of total population),SP.POP.1564.TO.ZS,55.22988351,55.16205465,55.09435152,54.98899108,54.83266896,54.61609065,54.36295798,54.11433644,53.8705242,53.63167964,53.40235086,53.18403213,52.97293351,52.76745981,52.56413912,52.36501165,52.17182417,51.98178604,51.7959781,51.61366789,51.42663305,51.24007536,51.06810083,50.92897204,50.80470927,50.68365286,50.56280505,50.44830579,50.33463076,50.21816833,50.08401366,49.91668763,49.71884687,49.50575085,49.26188993,48.9973667,48.72725263,48.44670318,48.1710395,47.91887452,47.71309974,47.56936236,47.49812858,47.49295618,47.55443859,47.68068411,47.87228312,48.13773155,48.4650217,48.82825103,49.22605514,49.63806203,50.05678331,50.48884498,50.93039807,51.38396791,51.84305395,52.27565844,52.67327234,53.04701451,53.40516193,53.73932523,54.0650162,54.39625861,54.71152442
Africa Western and Central,AFW,Population ages 15-64 (% of total population),SP.POP.1564.TO.ZS,55.17713563,55.06970814,54.93350647,54.75272768,54.53774921,54.34927432,54.19058173,54.03470539,53.87771909,53.71656326,53.56318841,53.41013546,53.25036922,53.09158845,52.92740003,52.75407341,52.56851972,52.37864188,52.18939246,52.00992367,51.84296441,51.69045323,51.56304662,51.43290668,51.29514749,51.18433412,51.11060397,51.07218898,51.07221714,51.10726761,51.16894719,51.25832138,51.381596,51.52787326,51.68013177,51.83329346,51.97521518,52.10745081,52.25825508,52.3992277,52.49750374,52.55816474,52.60416547,52.649228,52.68694433,52.70577866,52.70158056,52.69165641,52.71172087,52.75612138,52.79174356,52.82720364,52.86045256,52.90768833,52.97468153,53.06269852,53.20526894,53.39938921,53.63024263,53.89725543,54.21383814,54.56477139,54.92923285,55.31879638,55.71693365
Angola,AGO,Population ages 15-64 (% of total population),SP.POP.1564.TO.ZS,55.5745659,55.19718778,54.78690576,54.32528031,53.78060817,53.22600712,52.71941837,52.26521396,51.87468672,51.54512261,51.17596947,50.91434764,50.98151399,51.23056516,51.50395404,51.76971645,52.0186929,52.27811744,52.54026686,52.7686921,52.97386982,53.14042605,53.26413647,53.3675475,53.43028941,53.4172325,53.3112276,53.13645665,52.94391339,52.75072113,52.56051131,52.35334619,52.15280054,51.96388172,51.78680346,51.67331179,51.61853389,51.60483718,51.62468493,51.65644901,51.70763196,51.77521685,51.84866577,51.92642693,52.00105933,52.06388957,52.11138701,52.14424492,52.15294002,52.14211511,52.129928,52.12218098,52.11064338,52.09698069,52.06962012,52.03441512,52.03238384,52.06393194,52.10972052,52.17925549,52.2548407,52.34604551,52.4687843,52.6162856,52.79661606
Albania,ALB,Population ages 15-64 (% of total population),SP.POP.1564.TO.ZS,53.33833115,52.90516988,52.72338139,52.65937581,52.67224074,52.69942333,52.71864309,52.7476319,52.82194233,52.99382897,53.27198844,53.6244425,54.03824939,54.50632544,55.0286509,55.60633014,56.23246421,56.88524836,57.48972899,58.04820234,58.57143849,59.04041803,59.49431093,59.94797135,60.37397494,60.69044721,60.97452044,61.32326253,61.59528142,61.76539283,61.92623718,62.08151916,62.19400999,62.2697768,62.34264934,62.38977133,62.43729353,62.54194908,62.69488876,62.86767952,63.05260573,63.35722036,63.80125408,64.26158663,64.71605849,65.17054222,65.61109948,66.03326555,66.45578639,66.90632165,67.38389089,67.84541598,68.19860041,68.38567224,68.4466928,68.46329579,68.47351319,68.41125268,68.25521183,68.00760968,67.71101969,67.3665632,67.0011897,66.65602643,66.23646085
Andorra,AND,Population ages 15-64 (% of total population),SP.POP.1564.TO.ZS,65.9831756,66.04911257,66.0653076,66.07217793,66.11039292,66.16180138,65.89634897,65.28067184,64.81718677,64.67798437,64.81866193,65.18200686,65.69020342,66.28471231,66.93009816,67.55180298,68.10483939,68.61272792,69.10493356,69.61610214,70.23461845,70.98483931,71.27010538,71.19895475,71.36706645,71.78404774,72.08781117,72.14341175,72.3460013,72.34366203,72.52029583,73.40186174,73.94164403,74.09043495,74.09324821,73.75688447,73.42929482,73.25327089,73.10783631,72.78095253,72.32777651,71.94770091,71.65594082,72.00495067,72.81802893,73.13695985,73.21182879,73.3437147,73.2910551,72.97885276,72.2883057,71.81453531,71.80219694,71.7050011,71.66551392,71.75556125,71.88822621,72.04744958,72.29384529,72.45777949,72.38304471,72.36149483,72.37500784,72.3341496,72.16903127
Arab World,ARB,Population ages 15-64 (% of total population),SP.POP.1564.TO.ZS,53.09974418,52.85003073,52.62517784,52.40455021,52.20688423,52.03751932,51.90019724,51.80646875,51.76432204,51.75779224,51.7552207,51.75106701,51.74279185,51.72836349,51.74315358,51.75016258,51.72853902,51.78593059,51.93166777,52.08301699,52.22870357,52.36718722,52.50492776,52.65182332,52.79331343,52.934944,53.0790405,53.23545457,53.41241755,53.60829541,53.82636148,54.13692878,54.44509722,54.75078997,55.07578396,55.43042069,55.80809958,56.21416922,56.66452253,57.14430598,57.61916372,58.09061133,58.5676946,59.04441336,59.51583309,59.97110896,60.44589797,60.93681815,61.31628086,61.57882589,61.73150181,61.86809532,61.95435063,61.94758352,61.89650649,61.89938155,61.92068949,61.90624438,61.87584545,61.92061271,62.03240243,62.14454643,62.43396331,62.7518238,63.03305552
United Arab Emirates,ARE,Population ages 15-64 (% of total population),SP.POP.1564.TO.ZS,59.8784021,61.01826957,62.02654782,62.85748073,63.54357137,64.20900819,65.00734295,66.12687813,67.15852078,67.89827255,68.72185122,69.53439574,70.20208382,70.67462423,70.94757267,71.06076836,71.31510751,71.60518946,71.65564444,71.53930794,71.38594073,70.85843134,70.03485172,69.31957317,68.67566976,68.11493336,67.7299996,67.71583694,68.08423535,68.67984225,69.39185131,70.14395561,70.8885295,71.60895795,72.32113558,73.06199525,73.80953848,74.67909794,75.7395644,76.83366764,77.88798324,78.84437078,79.63004944,80.18361309,80.51310836,80.74228422,80.97087301,81.30513192,81.58452667,81.66117693,81.70407054,81.74915672,81.73197476,81.6884574,81.66109002,81.66420989,81.70376219,81.75735492,81.78974887,81.82260375,81.85634074,81.87240475,81.88465797,81.96542575,82.12206006
Argentina,ARG,Population ages 15-64 (% of total population),SP.POP.1564.TO.ZS,63.50833376,63.47493153,63.47374807,63.49374851,63.5190153,63.56169898,63.62992964,63.69767279,63.74782657,63.77182484,63.75899576,63.70540047,63.61719216,63.48898158,63.32592413,63.1366995,62.90590509,62.63587986,62.34887145,62.0650737,61.7909122,61.52822592,61.30736302,61.15129454,61.04667223,60.97219613,60.91981593,60.89221439,60.88584672,60.90494924,60.95108329,61.00944668,61.08723404,61.19023944,61.30178604,61.42535562,61.56629005,61.71604033,61.87135271,62.0256237,62.1736106,62.32778409,62.4960869,62.68972573,62.8966886,63.09604717,63.29099671,63.49003042,63.66418409,63.8016799,63.91731068,63.99018894,64.0423079,64.08255625,64.09202811,64.08108497,64.0835959,64.11374373,64.16305684,64.27016948,64.50747455,64.84263212,65.21517377,65.60632092,65.98005316
Armenia,ARM,Population ages 15-64 (% of total population),SP.POP.1564.TO.ZS,56.82186827,55.85265559,55.27130491,55.02003139,54.95014352,54.98781962,55.13531213,55.37604364,55.69743664,56.1163847,56.65176475,57.31386062,58.09250669,58.96112698,59.89862067,60.8733225,61.79898977,62.56851805,63.19176157,63.75842273,64.2446857,64.59642365,64.82023898,64.91206907,64.89809266,64.84596213,64.78539599,64.69783868,64.58197534,64.6565595,64.60857613,64.26446049,63.27626365,61.92554583,61.07312586,60.71860965,60.76711586,60.93385401,61.78825527,63.24960866,64.59388888,65.57852798,66.19433636,66.66061198,67.11773306,67.6501513,68.26580729,68.90346942,69.43185619,69.78652131,69.97057055,69.99914992,69.87793956,69.6400159,69.33834333,68.96195113,68.53395711,68.11112729,67.83673821,67.65409027,67.48753196,67.35096801,67.22227921,67.24361986,67.06015336
American Samoa,ASM,Population ages 15-64 (% of total population),SP.POP.1564.TO.ZS,48.19570346,48.67774794,49.14545967,49.45485171,49.61407842,49.66781312,49.69236187,49.73354516,49.83602717,50.04644638,50.45605077,51.01151346,51.55828615,52.06512756,52.56277056,53.12781776,53.7651457,54.44448085,55.14311918,55.86662871,56.43391714,56.78065774,57.06981008,57.33781809,57.59418058,57.82986178,58.02913411,58.19309755,58.34231342,58.48620301,58.46698113,58.27764087,58.0921113,57.93975159,57.81740844,57.71943574,57.6597599,57.65792281,57.73085021,57.88916939,58.0736793,58.24883662,58.43782585,58.64526378,58.89154845,59.20483247,59.58367702,60.01550443,60.45532708,60.84497911,61.32160026,61.90307038,62.36763383,62.66525942,62.85957431,63.0186467,63.18464145,63.35149071,63.50904073,63.63898903,63.96209921,64.44184865,64.8304252,64.9386587,64.9470758
Antigua and Barbuda,ATG,Population ages 15-64 (% of total population),SP.POP.1564.TO.ZS,56.07790947,56.06650159,55.94090921,55.74151158,55.05714116,54.04118726,53.17859753,52.40266828,51.74417679,51.25119479,51.42226183,52.17367795,52.98847017,53.87693886,54.84127789,55.88198437,56.91634516,57.85946369,58.73810286,59.52718051,60.26273978,61.00874514,61.70486995,62.31481196,62.6432397,62.55128423,62.28948371,62.05470241,61.80046367,61.50287009,61.22743453,61.38403774,61.95452181,62.47274612,62.8866365,63.2401358,63.54266177,63.84107638,64.19195581,64.58091534,64.88212836,65.1599206,65.54938207,65.98852139,66.46066095,67.00560856,67.52642549,67.98198375,68.37249132,68.70492913,69.09125005,69.50435528,69.89227596,70.23829125,70.49625415,70.73057522,70.91220309,70.99637441,71.08252865,71.11975789,71.03140039,70.87732406,70.69797501,70.54401466,70.4158513
Australia,AUS,Population ages 15-64 (% of total population),SP.POP.1564.TO.ZS,61.2661664,61.25703935,61.3817749,61.53119163,61.674052,61.84492383,62.0333259,62.25822506,62.50149937,62.69069395,62.83600876,62.97706702,63.11586727,63.29938156,63.54653227,63.81945099,64.11518532,64.42252983,64.7049077,64.94552927,65.13693686,65.30524171,65.4878119,65.7013156,65.94007946,66.19169382,66.44264993,66.66053803,66.81076508,66.89517067,66.9038954,66.83729521,66.75036427,66.67285639,66.62445484,66.61817077,66.6448952,66.69600032,66.75656037,66.82851506,66.90760697,66.98514048,67.08081328,67.18418007,67.27222173,67.35126874,67.41739097,67.46803922,67.51037062,67.49994985,67.40185959,67.21865099,66.96624251,66.70029943,66.44912894,66.19741597,65.96156147,65.77111794,65.59720814,65.39377242,65.10157148,64.82737843,64.68942608,64.58569209,64.42813582
Austria,AUT,Population ages 15-64 (% of total population),SP.POP.1564.TO.ZS,65.73627618,65.15789633,64.73251085,64.39015658,63.94442391,63.47123238,63.01300065,62.5666714,62.15268381,61.79233463,61.56677072,61.47561591,61.50354243,61.63596538,61.76530918,61.90567088,62.21928421,62.64442749,63.1030281,63.60119396,64.18698862,64.92548585,65.72809195,66.54342725,67.19064713,67.51910849,67.65185329,67.67612862,67.61764994,67.56025417,67.52568436,67.46340146,67.37763672,67.27155267,67.14232715,67.04085489,67.02661484,67.09344214,67.19759583,67.34166115,67.51868356,67.71952937,67.92606918,68.09557455,68.03792896,67.77344639,67.55301773,67.46918627,67.47034888,67.4518073,67.51982928,67.61804398,67.56016443,67.42668212,67.3108311,67.23471905,67.13397492,66.97432683,66.80745297,66.63685542,66.43705224,66.17648166,65.86409532,65.5333446,65.16559434
Azerbaijan,AZE,Population ages 15-64 (% of total population),SP.POP.1564.TO.ZS,55.00528347,53.45848038,52.26433791,51.43197748,50.84601304,50.45966655,50.23393272,50.18232386,50.31082192,50.60104509,51.04652925,51.63789489,52.37530588,53.25051505,54.23741863,55.3069497,56.55344666,57.92593876,59.37059239,60.50634757,61.20792416,61.81313467,62.25459103,62.54219346,62.75703607,62.93474814,63.07583263,63.17577926,63.10475632,62.68972743,62.20421937,61.86575682,61.6235562,61.40784756,61.33459887,61.42953201,61.66854936,62.05070007,62.5875987,63.31859201,64.13071634,64.99950526,65.881156,66.75279417,67.55405322,68.29898358,69.02725515,69.74177338,70.49028092,71.2322757,71.80075262,72.09394295,72.0406993,71.65925309,71.20182994,70.75210323,70.28915852,69.94484983,69.86921383,69.82558188,69.72666728,69.70800012,69.6758833,69.64501197,69.63259841
Burundi,BDI,Population ages 15-64 (% of total population),SP.POP.1564.TO.ZS,51.6954372,51.64152751,51.56037301,51.31637496,51.30278337,51.43545015,51.62857835,51.80521346,51.88661831,51.85922208,51.81359508,51.84358343,51.24068753,50.71301396,50.93214274,51.00591001,50.94040734,50.97827144,51.08698356,50.95475707,51.39131723,51.65703609,51.27366017,50.97930707,50.60924009,50.17419897,49.67871089,49.39149106,49.10291107,48.73195855,48.47225796,48.29631072,48.42426008,46.39465985,46.29074757,48.33117002,47.87418445,47.588361,48.15245669,48.85773278,49.33792166,49.87872992,50.39823743,50.91035558,51.48684331,51.89063328,52.10888398,52.24381067,52.45379035,52.67206887,52.62911224,52.35361204,52.04094617,51.71062291,51.38163624,50.73297048,50.0141466,49.73450828,49.87788637,50.25131297,50.60818959,51.01899224,51.52525909,52.1249631,52.76929404
Belgium,BEL,Population ages 15-64 (% of total population),SP.POP.1564.TO.ZS,64.3268128,64.05306124,63.87913257,63.75170057,63.57740508,63.37476393,63.19036404,63.04628921,62.9950555,62.99160382,63.00562966,63.04216063,63.1127259,63.25600289,63.48925297,63.7796513,64.10214634,64.39963151,64.6785423,64.97931914,65.3331696,65.78822718,66.31698248,66.86702032,67.27266504,67.43680062,67.46971409,67.44160721,67.33598617,67.17121185,66.95006449,66.70758592,66.51365864,66.37096309,66.25690348,66.12927155,65.99534438,65.86661309,65.75150604,65.66322614,65.58848142,65.55251337,65.56170717,65.58101859,65.58898839,65.64547346,65.80630268,65.97932284,66.04262068,66.00902225,65.94245181,65.77138661,65.52885622,65.29108241,65.03950583,64.84302528,64.66076201,64.44263283,64.24475253,64.07942114,63.97558965,63.86518407,63.70312803,63.56398031,63.44579223
Benin,BEN,Population ages 15-64 (% of total population),SP.POP.1564.TO.ZS,54.86287613,54.61296261,54.30717693,53.99335371,53.65611651,53.29777413,52.95393163,52.62450674,52.31234006,52.01635302,51.73854842,51.48187273,51.24939108,51.04658267,50.87728872,50.74005771,50.64496704,50.58786399,50.55367305,50.52496007,50.48296275,50.42691157,50.36729574,50.31780953,50.27808768,50.24673246,50.22569095,50.21330868,50.20677564,50.21878662,50.25038441,50.29187073,50.34700145,50.89076484,51.12225757,50.7931235,50.74556183,50.85528823,51.02049293,51.20327988,51.39904916,51.60053675,51.8021637,51.99399854,52.16324263,52.3634626,52.5033411,52.5721666,52.68190835,52.85349595,53.03726447,53.17383792,53.28723577,53.38022577,53.47101658,53.56448262,53.65661691,53.76413855,53.90632056,54.08974637,54.30685709,54.55410057,54.81683728,55.07585216,55.32936257
Burkina Faso,BFA,Population ages 15-64 (% of total population),SP.POP.1564.TO.ZS,57.50532423,57.45549298,57.34014381,57.05798605,56.64499029,56.23826313,55.85140169,55.47978653,55.12637065,54.7902507,54.47605869,54.16707326,53.86322009,53.57073083,53.2909404,53.01949437,52.75743615,52.51624601,52.26853077,52.00646372,51.75550539,51.51148325,51.27525188,51.0671583,50.86769857,50.64932094,50.40820421,50.16231315,49.94519384,49.76945862,49.63289179,49.49949077,49.39716908,49.38032032,49.4365257,49.53222251,49.63075767,49.74638801,49.94423817,50.21600349,50.50540455,50.80159408,51.09549234,51.35766532,51.5825282,51.76895683,51.88348768,51.90777135,51.85828596,51.78352694,51.71423382,51.66970373,51.67195552,51.71146087,51.79279025,51.92063773,52.09711549,52.31797811,52.59070378,52.93804334,53.38442087,53.90417828,54.4370276,54.97803635,55.54619791
Bangladesh,BGD,Population ages 15-64 (% of total population),SP.POP.1564.TO.ZS,54.98971558,54.81134221,54.59137369,54.29534499,53.92965051,53.61427288,53.36026072,53.11931395,52.90433431,52.68568474,52.53842211,52.47527317,52.32780938,52.16325404,52.04063563,51.95822422,51.93971928,51.9205146,51.88918646,51.8365735,51.76434755,51.70781919,51.71227517,51.78245869,51.89429908,52.04389259,52.2542014,52.56352723,52.94929584,53.35810466,53.78518795,54.25213325,54.74465612,55.2582859,55.80945639,56.39583918,57.01273682,57.62063708,58.18638781,58.71518048,59.21591798,59.58417643,59.82822679,60.05546422,60.28704094,60.53596219,60.78139086,61.00824041,61.22360723,61.46160888,61.74033056,62.0740347,62.48444256,62.94945702,63.43712522,63.91505781,64.36171178,64.66480015,64.79731777,64.86127978,64.90640953,64.95168587,65.09475232,65.31856977,65.51260647
Bulgaria,BGR,Population ages 15-64 (% of total population),SP.POP.1564.TO.ZS,66.46560285,66.56844664,66.7418093,66.95516608,67.21933292,67.43545637,67.5631423,67.68639236,67.72747191,67.65558307,67.57356132,67.50210039,67.43103149,67.32011367,67.12416163,66.86581112,66.6391649,66.42481061,66.37160486,66.27067764,66.01385411,66.05994554,66.39111891,66.80380671,67.06050552,67.02264598,66.86653906,66.69897059,66.57309407,66.53014047,66.51241476,66.5353101,66.62626522,66.72956923,66.85656002,67.00306213,67.16193096,67.34410745,67.51272042,67.62359912,67.74231973,67.97167341,68.23787505,68.51857914,68.79185308,68.99288952,69.09005727,69.07264876,68.94776608,68.72283783,68.39588074,67.9655489,67.49170273,66.97535081,66.41961711,65.88286729,65.3990272,64.95884363,64.52800319,64.13353711,63.88145814,63.81350299,63.76347375,63.62936065,63.49520254
Bahrain,BHR,Population ages 15-64 (% of total population),SP.POP.1564.TO.ZS,54.61799943,54.46034587,54.20855427,53.82598485,53.29719941,52.68263419,52.06366873,51.49529503,51.2244884,51.40480562,51.93331213,52.79749148,53.93092054,55.1887827,56.47834789,57.74158585,58.92306194,59.99095335,60.9446541,61.79250708,62.54622491,63.11977276,63.53375153,63.89718672,64.20176103,64.42399633,64.55520065,64.60129479,64.56402926,64.45179484,64.31395707,64.23834087,64.36704071,64.71443712,65.14805728,65.59306634,66.04561669,66.53143805,67.03819963,67.53053519,67.99839601,68.84244784,70.20828971,71.66975234,72.98558022,74.11307479,75.07721557,75.90729191,76.62988801,77.31034538,77.46776411,77.38765488,77.82444013,77.78481279,77.04406755,76.90245683,77.37422391,77.60859517,77.38429935,76.89507869,76.8265235,77.244686,77.42208954,77.37011484,77.42983488
"Bahamas, The",BHS,Population ages 15-64 (% of total population),SP.POP.1564.TO.ZS,55.17422217,55.40684305,55.57873028,55.71890707,55.79567294,55.8307959,55.88413807,55.97318001,56.10843767,56.26021879,56.4115871,56.5439046,56.64558415,56.76823164,56.97616659,57.30624555,57.76486412,58.33580493,58.99477343,59.7173021,60.46687152,61.20123661,61.91264847,62.61031433,63.28047303,63.9112951,64.48425757,64.9687231,65.35871915,65.65509434,65.84349389,65.9462261,65.92661763,65.81514007,65.71756675,65.6293849,65.54651482,65.4818939,65.44259405,65.44018723,65.49199438,65.57577569,65.68811932,65.84892027,66.03719444,66.22593008,66.43171869,66.73350607,67.08035424,67.3211874,67.53052908,67.77154863,67.98514926,68.17639655,68.34524376,68.51495991,68.70821313,68.91493911,69.11915053,69.32598888,69.53677097,69.76976232,69.99661668,70.17378058,70.31135134
Bosnia and Herzegovina,BIH,Population ages 15-64 (% of total population),SP.POP.1564.TO.ZS,58.36798592,58.02389192,57.88671128,57.90966458,57.99359631,58.1098701,58.29141004,58.58009755,59.01385695,59.56682129,60.16747645,60.76323261,61.34065939,61.91501671,62.4892015,63.05646886,63.61114801,64.15565183,64.70056936,65.25945105,65.83254709,66.47260808,67.11993709,67.63827133,68.01427109,68.27407214,68.4573116,68.59620167,68.70901131,68.7974073,68.84610215,68.83145052,67.88245971,66.44567704,65.6824714,65.89261201,67.01915182,67.89567887,68.39129824,68.78840289,69.15382251,69.45268718,69.67113797,69.77823264,69.73163644,69.65005189,69.68231514,69.70595432,69.6360991,69.49580313,69.31018637,69.13443338,69.00445994,68.90073802,68.74084283,68.46746542,68.11268231,67.69859851,67.20515205,66.67024358,66.19392702,65.84035138,65.52022559,65.13765933,64.73194463
Belarus,BLR,Population ages 15-64 (% of total population),SP.POP.1564.TO.ZS,61.90980432,61.45548186,61.40233217,61.4572366,61.60600365,61.70762457,61.77074182,61.89834056,61.9504533,62.09296744,62.47949158,63.0158603,63.54858836,64.09626631,64.61285593,65.01731152,65.38614891,65.71433099,66.00173101,66.27881655,66.54030562,66.85814985,67.16560071,67.280653,67.27256481,67.25283662,67.20519741,67.07818114,66.80031643,66.52157222,66.28835479,66.07099116,65.89584022,65.75599142,65.70562689,65.72975721,65.9082534,66.20141303,66.69399479,67.34685045,67.86050542,68.301284,68.70416464,69.07612038,69.43380909,69.76559962,70.04147362,70.31624101,70.67889568,70.99219792,71.20640025,71.25208823,70.99090343,70.57647177,70.06846247,69.51728486,68.99180114,68.48861803,68.07968244,67.65462309,67.21941656,66.85716108,66.53336221,66.26274178,66.0362068
Belize,BLZ,Population ages 15-64 (% of total population),SP.POP.1564.TO.ZS,50.91986246,50.39062291,49.81518502,49.19936983,48.57263775,47.97923105,47.4359509,46.96509454,46.59477742,46.39444256,46.58985965,47.06833163,47.54002374,47.99141125,48.43137484,48.88006044,49.33939902,49.80976841,50.26709825,50.66471387,50.99509175,51.19954565,51.27615988,51.283618,51.18686111,51.0511583,51.01087115,51.08338805,51.21574604,51.37278658,51.55960246,51.81645637,52.17349188,52.60823388,53.09447154,53.60991643,54.14755802,54.69830371,55.22376129,55.69932013,56.13395404,56.53891138,56.92447712,57.31367048,57.71002453,58.10378203,58.50627956,58.92502533,59.35589751,59.81034119,60.47182626,61.28757279,62.03986675,62.74884596,63.43056123,64.0869636,64.76714057,65.38666109,65.83391742,66.20830239,66.61984102,67.08520247,67.68082079,68.16607902,68.39774475
Bermuda,BMU,Population ages 15-64 (% of total population),SP.POP.1564.TO.ZS,60.95006812,61.05281466,61.38405723,61.701588,62.02798936,62.41756389,62.89508386,63.39621117,63.77966034,64.03672049,64.34785945,64.66439827,64.92211543,65.23972764,65.61684242,66.06153006,66.73557602,67.52623238,68.18887912,68.75694866,69.12693533,69.37700243,69.63428761,69.78750205,69.88644088,69.97020514,70.01672944,70.29147783,70.74525781,71.0952406,71.33438154,71.24120447,70.89842914,70.58173441,70.26979086,69.96883741,69.69638707,69.67362946,69.87227586,70.03983673,69.99130795,69.74986867,69.53453755,69.34889238,69.18391815,69.08437116,69.01652781,69.22686262,69.65536853,69.98033509,69.90137386,69.4833876,69.09546554,68.84157707,68.72451951,68.58824364,68.29318266,67.91132222,67.56043302,67.14867331,66.68867075,66.22246628,65.73125246,65.2098983,64.6492307
Bolivia,BOL,Population ages 15-64 (% of total population),SP.POP.1564.TO.ZS,54.33886432,54.48612848,54.62518014,54.69638451,54.68174714,54.65399677,54.64047989,54.61608502,54.58630201,54.56048172,54.54506635,54.53978912,54.54701105,54.56597954,54.59068939,54.62388172,54.65199631,54.67383791,54.70531321,54.74947028,54.80184976,54.86200622,54.93848711,55.03224436,55.12936955,55.22453333,55.31811701,55.40242451,55.4790035,55.55306096,55.62379013,55.69861611,55.79203282,55.88283084,55.96302315,56.05324308,56.15175443,56.26432131,56.39512575,56.54147131,56.7106717,56.92079025,57.19582774,57.5286,57.89441148,58.28159026,58.67448517,59.05629174,59.42212137,59.77338083,60.1113496,60.4436749,60.76897379,61.09955832,61.45256724,61.80007544,62.12169397,62.42532838,62.71953591,63.00651281,63.326175,63.68952447,64.02239302,64.30713354,64.57196164
Brazil,BRA,Population ages 15-64 (% of total population),SP.POP.1564.TO.ZS,53.28600472,53.10631506,52.9700867,52.90357857,52.93637811,53.04940404,53.21332002,53.43914253,53.7213493,54.04472389,54.39183057,54.75342877,55.12680101,55.50977388,55.90540338,56.30455485,56.69422857,57.07247846,57.43419894,57.76709961,58.06017031,58.30955397,58.51576586,58.69205471,58.86416176,59.05145213,59.25823267,59.49258872,59.76172226,60.05754873,60.38877677,60.76124736,61.17725489,61.62218512,62.07957258,62.55146259,63.03254951,63.51619241,64.00070602,64.48434514,64.96373601,65.43718848,65.89644734,66.33499119,66.74139021,67.10825223,67.4452226,67.75865951,68.05980937,68.34981874,68.62535977,68.88902676,69.13578136,69.36009596,69.53214643,69.64098972,69.71565259,69.7489522,69.71961815,69.66711377,69.6446402,69.61826286,69.54573823,69.43041648,69.28567588
Barbados,BRB,Population ages 15-64 (% of total population),SP.POP.1564.TO.ZS,58.24160594,58.25634361,58.31547801,58.29400944,58.21539603,58.10165562,57.98462016,57.97791506,58.07527576,58.21338299,58.45172363,58.6628299,58.86853215,59.18085669,59.57942714,60.21566594,60.88151367,61.50040139,62.29949394,63.1607958,63.89283705,64.46116371,64.79483988,64.93432864,65.00019614,64.96846409,64.94251194,64.9532901,64.93154564,64.84876544,64.97873978,65.30973793,65.5622218,65.75392584,65.89927013,66.01142194,66.13607032,66.29178156,66.4750644,66.6534612,66.83755433,67.01444791,67.11294426,67.22258594,67.40884705,67.64884297,67.92665967,68.15051136,68.19347706,68.09473867,68.0226781,68.00940831,67.98790341,67.95743072,67.92055269,67.89418976,67.88794607,67.82554226,67.67933512,67.46423904,67.16767602,66.83761805,66.57581167,66.41979769,66.20850186
Brunei Darussalam,BRN,Population ages 15-64 (% of total population),SP.POP.1564.TO.ZS,52.23579881,51.1670765,50.3572204,49.99777579,49.98631068,50.23976326,50.78468516,51.42148863,52.10402266,52.81618618,53.51990735,54.07044612,54.40505243,54.75895623,55.28443035,55.93407984,56.64017016,57.33915417,57.91124402,58.35790536,58.76466195,59.15344026,59.70670832,60.39117715,61.00996643,61.56509585,62.07201042,62.42559651,62.63941755,62.82632708,62.99068715,63.02235559,63.08472259,63.33864676,63.68265154,64.11465837,64.61375473,65.14181662,65.67926488,66.25465896,66.89382521,67.57053503,68.25453765,68.93609165,69.60348304,70.24828964,70.87279334,71.18618932,71.19388131,71.19722563,71.2205479,71.3257893,71.53343616,71.77579389,72.02354886,72.26603255,72.46049714,72.60023754,72.69942749,72.76497696,72.78709264,72.73800945,72.6164137,72.46455757,72.30688438
Bhutan,BTN,Population ages 15-64 (% of total population),SP.POP.1564.TO.ZS,55.31251673,55.46882623,55.65603624,55.77774968,55.8435809,55.89633251,55.90022978,55.8891455,55.86293967,55.82635289,55.77500259,55.70556106,55.62065499,55.52157563,55.41250928,55.29558586,55.17258689,55.04769054,54.92692039,54.8067209,54.68465912,54.56691129,54.45636075,54.36266912,54.2910745,54.23949016,54.20650761,54.19229997,54.20015422,54.23162351,54.26277858,54.30909653,54.41669234,54.59275518,54.82134726,55.11835092,55.48390212,55.91559997,56.43076032,57.00351369,57.64245731,58.38264752,59.21444055,60.13210729,61.13740105,62.0835351,62.85693415,63.56320941,64.25352024,64.89089149,65.46337681,65.96795498,66.39085601,66.73955876,67.06404443,67.41208018,67.77424031,68.34395086,69.13100075,69.90850183,70.60854071,71.20311461,71.71534144,72.16980232,72.59636309
Botswana,BWA,Population ages 15-64 (% of total population),SP.POP.1564.TO.ZS,50.64519035,50.1242086,49.6260081,49.14086116,48.81407324,48.54162733,48.16268117,47.76656496,47.37488773,47.01788215,46.70313755,46.61421427,46.94042644,47.56172518,48.19045354,48.7505544,49.28474669,49.77925745,50.42043524,50.97879938,50.9313749,50.7835853,50.8197769,50.78763622,50.79035362,50.8229013,50.85680438,50.91034026,51.04403038,51.2899781,51.63395614,52.04234151,52.53245847,53.11907838,53.79989007,54.54496022,55.3201872,56.10515804,56.86301477,57.58530619,58.27475248,58.92609975,59.55039726,60.13561134,60.65553088,61.10462819,61.48558842,61.81474371,62.10604212,62.35421388,62.52618832,62.57626772,62.42657211,62.21254203,62.10274746,62.08865175,62.17490303,62.34712123,62.58626591,62.88468292,63.23530624,63.54552611,63.69662339,63.74907796,63.83446133
Central African Republic,CAF,Population ages 15-64 (% of total population),SP.POP.1564.TO.ZS,55.15050994,54.89400892,54.62450123,54.32677616,54.10395886,54.0439901,54.04626756,54.03172802,53.99598524,53.94109867,53.85121847,53.71240368,53.54333575,53.3751451,53.22932211,53.10645393,53.08851297,53.15596053,53.20853842,53.24556187,53.26961255,53.28534273,53.30058328,53.32077192,53.33103378,53.31620486,53.27074138,53.18065081,53.03020617,52.79738058,52.49583944,52.21323023,52.02609298,51.93160576,51.90328837,51.8415114,51.79543447,51.84178325,51.93063102,52.06248268,52.22987119,52.30910321,52.43282238,52.60885343,52.69355323,52.77492442,52.73026483,52.60036338,52.51290118,52.38991253,52.19449919,51.81824445,51.19865153,50.5153671,49.63896079,49.03956207,48.96866312,48.87737286,48.79043556,48.79131782,48.88796735,48.77491637,48.64107075,48.73827748,48.84556679
Canada,CAN,Population ages 15-64 (% of total population),SP.POP.1564.TO.ZS,58.63030127,58.46462489,58.42282368,58.50305059,58.70101471,59.01011342,59.44667687,59.99363901,60.58313929,61.18340489,61.9018418,62.67410332,63.36524997,64.04057146,64.71997428,65.36321147,65.94994641,66.48803178,66.99473994,67.45871863,67.84327044,68.11524472,68.2793199,68.37670695,68.43308288,68.46987609,68.47059736,68.39481509,68.28767602,68.18106011,68.04551225,67.88323715,67.72580773,67.62541528,67.60280679,67.62881995,67.68343941,67.76448049,67.88309002,68.05297728,68.25683661,68.47012279,68.67367341,68.8586776,69.04934548,69.24610729,69.39352342,69.45754678,69.45418387,69.4115084,69.32764531,69.14833629,68.85179464,68.49987317,68.13582804,67.75712126,67.3902081,67.06992909,66.7853309,66.48468901,66.13828674,65.77465285,65.51134521,65.33733739,65.08908866
Central Europe and the Baltics,CEB,Population ages 15-64 (% of total population),SP.POP.1564.TO.ZS,63.80205407,63.73968744,63.87225466,64.09731619,64.36348461,64.66237584,64.98768315,65.24726369,65.43239435,65.64184197,65.89553888,66.11408749,66.21296397,66.21724505,66.0989763,65.87413783,65.60389326,65.29642178,65.0379418,64.81560938,64.67845103,64.71680364,64.96465224,65.37166243,65.62475871,65.66932643,65.65879662,65.63277733,65.61655705,65.69123438,65.85922922,66.04934096,66.25947311,66.47486346,66.69771775,66.92365871,67.15163981,67.38900173,67.64110448,67.92261236,68.23322799,68.56392338,68.88036804,69.18177596,69.44860251,69.65733275,69.80931819,69.90404692,69.92387855,69.89914835,69.7811415,69.52700178,69.22002673,68.87189685,68.44824083,67.97018974,67.45734041,66.91625506,66.37591368,65.84278687,65.35969341,65.01983491,64.82017371,64.65407512,64.47793223
Switzerland,CHE,Population ages 15-64 (% of total population),SP.POP.1564.TO.ZS,65.74125004,65.71974907,65.62005714,65.61468626,65.54706918,65.36282963,65.16469396,65.04920196,65.02293225,65.02901602,64.87877537,64.68531055,64.7030812,64.79971747,64.89967912,64.99339483,65.12723531,65.33753561,65.61962331,65.9836439,66.40931073,66.87727932,67.33561448,67.73950507,68.06985013,68.28593269,68.39927745,68.46615124,68.46861677,68.4191442,68.32651266,68.22961942,68.08853986,67.89548906,67.74177774,67.61522922,67.4964951,67.40239767,67.34611846,67.30858842,67.29332024,67.44382967,67.65904375,67.79421055,67.90925537,68.00751982,68.07809551,68.12696403,68.15951837,68.1179868,68.01527802,67.87895918,67.72530039,67.56920665,67.40702389,67.25225599,67.08522286,66.87101088,66.62502908,66.38661693,66.19656906,65.99295959,65.71091226,65.37762944,65.03013737
Channel Islands,CHI,Population ages 15-64 (% of total population),SP.POP.1564.TO.ZS,65.37524366,65.28973677,65.3512286,65.40274611,65.4093275,65.36005031,65.27733709,65.17760763,65.02736086,64.83337294,64.58712694,64.35645154,64.31928056,64.49441568,64.81810896,65.28317564,65.64624142,65.80908993,65.99464537,66.29050837,66.66232313,67.10508247,67.61593838,68.12917878,68.54305373,68.84927853,69.07061195,69.20254862,69.29666141,69.36855124,69.39239763,69.27115824,69.04897622,68.85977467,68.71781624,68.62895619,68.54601037,68.47279691,68.43004517,68.41101164,68.43574665,68.41272561,68.3389878,68.30274044,68.30023875,68.36983922,68.52922391,68.70358029,68.81617309,68.85677826,68.86174505,68.64748774,68.19817438,67.79311091,67.48132603,67.2205415,66.97928998,66.70145661,66.46731272,66.32395557,66.19013388,66.10071908,66.04571333,65.93923962,65.76604977
Chile,CHL,Population ages 15-64 (% of total population),SP.POP.1564.TO.ZS,56.98689496,56.88449065,56.84571822,56.87806339,56.96598783,57.09614334,57.25474713,57.42771987,57.62546144,57.85313382,58.11331732,58.41677489,58.75787912,59.12353741,59.51281086,59.91856204,60.32721977,60.73252429,61.1350994,61.53368869,61.92448223,62.30588353,62.6730454,63.01719484,63.3270634,63.5944085,63.8145778,63.98913758,64.11548558,64.18284367,64.20177499,64.1832518,64.15227255,64.13486376,64.14077466,64.17467938,64.24333018,64.36401914,64.53749485,64.75684859,65.00940263,65.29000311,65.61335214,65.9855911,66.39233674,66.81651579,67.24587926,67.63690161,67.9618306,68.22999048,68.4593612,68.65029195,68.77949742,68.84195186,68.84595416,68.81109097,68.79570875,68.85090106,68.92809161,68.97100513,68.96037009,68.94698148,68.9423635,68.92234204,68.89874998
China,CHN,Population ages 15-64 (% of total population),SP.POP.1564.TO.ZS,55.70018675,56.16399929,56.21564698,55.64998499,55.11070115,54.89663825,54.85499159,55.08212435,55.29995236,55.36225618,55.49907924,55.6064933,55.82835465,56.03229313,55.95596972,55.80325952,55.69743996,56.09109508,57.25530262,58.48787511,59.50780147,60.43806613,61.16388352,62.00704161,63.01513657,63.91079971,64.64255483,65.15017309,65.55184247,65.81969872,65.85698019,65.89786213,66.02149364,66.12115615,66.27987305,66.51294778,66.82389547,67.26043748,67.6620557,68.01240279,68.43842783,68.98011554,69.67006218,70.37744468,71.07631881,71.81590335,72.35395716,72.61736235,72.77791213,72.85616987,72.86447874,72.79881854,72.61343794,72.33833072,72.00516568,71.62843454,71.20445251,70.66591211,70.15531624,69.74115265,69.39992493,69.21240494,69.0962699,69.09431181,69.32691883
Cote d'Ivoire,CIV,Population ages 15-64 (% of total population),SP.POP.1564.TO.ZS,54.44726799,54.35298308,54.2095165,53.96203996,53.66866002,53.42018473,53.19860081,52.97849219,52.7623879,52.57493398,52.44484638,52.37353801,52.337511,52.29758364,52.22920093,52.14646378,51.85667383,51.39996508,51.02086904,50.70954634,50.44285691,50.21462681,50.02160152,49.86293162,49.72958959,49.62166908,49.54948402,49.51442313,49.53559313,49.62827984,49.77482977,49.96341022,50.17905829,50.39824691,50.62642954,50.85934634,51.08251601,51.29047053,51.46897207,51.54931313,51.53229809,51.49351064,51.45605241,51.420297,51.39349193,51.38687415,51.39971661,51.4313838,51.95643149,52.88990362,53.69204406,54.35297742,54.88483483,55.32225856,55.41969183,55.25653468,55.15531339,55.10910773,55.13585017,55.21372337,55.3233039,55.51259371,55.80450529,56.15533369,56.51967184
Cameroon,CMR,Population ages 15-64 (% of total population),SP.POP.1564.TO.ZS,56.54351594,56.16114642,55.85634903,55.60760749,55.32961282,55.0776502,54.85217896,54.62608816,54.39480119,54.15532439,53.91381553,53.67229391,53.43133381,53.19651805,52.96740491,52.74385486,52.4780298,52.16538804,51.8968235,51.64839393,51.55536715,51.53851472,51.10724405,50.60832431,50.44434463,50.37610137,50.32107755,50.2764482,50.22866236,50.19460144,50.19511868,50.21293492,50.25614147,50.34276735,50.46819326,50.62878125,50.84201858,51.10271971,51.3523906,51.56394873,51.76685455,51.98883986,52.22663596,52.44103466,52.61352504,52.75198052,52.87037654,52.99230533,53.11004357,53.20749503,53.29071501,53.36396076,53.4430044,53.55035815,53.7621896,53.99474011,54.13343172,54.21437405,54.3116181,54.47197425,54.67937768,54.91808823,55.1786273,55.4646058,55.76297395
"Congo, Dem. Rep.",COD,Population ages 15-64 (% of total population),SP.POP.1564.TO.ZS,54.09956314,54.23427335,54.35057713,54.40439444,54.37358553,54.29243327,54.18982125,54.08221524,53.97266196,53.84616701,53.69956235,53.51092675,53.30496312,53.12775553,52.96760942,52.82051568,52.67505898,52.53553465,52.62360925,52.84198129,52.89577477,52.86889355,52.87453173,52.92768229,53.01469518,53.0583564,53.01256035,52.94605642,52.88191736,52.79689674,52.76064223,52.70630356,52.64753341,52.63013676,52.99147717,53.0872921,52.39894535,51.67931815,51.42727115,51.42853212,51.37496224,51.32756546,51.26586346,51.17775832,51.11153879,51.08667525,51.0465615,50.96700022,50.87778914,50.81297151,50.82431332,50.88685795,50.90834648,50.90227465,50.89447896,50.88338164,50.9689468,51.07314083,51.03563038,50.92899706,50.86133141,50.83206191,50.82183732,50.84335525,50.89145136
"Congo, Rep.",COG,Population ages 15-64 (% of total population),SP.POP.1564.TO.ZS,53.74643417,53.46589025,53.16715701,52.90707388,52.68899441,52.50196522,52.35315398,52.20622019,52.05868658,51.9064359,51.75283291,51.59697274,51.43553328,51.28098714,51.1384054,50.99437227,50.87057836,50.79111075,50.76436347,50.81103189,50.93047535,51.09802921,51.27964613,51.4743346,51.64204961,51.75521042,51.8588703,51.97728573,52.10465141,52.26776247,52.46956598,52.68083289,52.87329793,53.08850367,53.27775958,53.41313323,53.55365788,53.49966515,53.50520306,53.75545667,54.41997712,54.99950726,55.04702575,55.2069976,55.53403482,55.86808546,56.19174292,56.43146595,56.48318015,56.67325124,56.8188531,56.64389018,56.35216066,55.98932614,55.67977926,55.43211137,55.27904451,55.22998364,55.24719694,55.33012407,55.47463444,55.65879403,55.89371782,56.20169225,56.56860985
Colombia,COL,Population ages 15-64 (% of total population),SP.POP.1564.TO.ZS,50.36184957,50.20798744,50.0805273,49.97035291,49.93404928,49.98898539,50.09022366,50.24846486,50.47493028,50.76467792,51.11601207,51.51180539,51.95708319,52.4584269,52.98852531,53.53017263,54.0648726,54.60909987,55.17682697,55.74459353,56.30336497,56.83280147,57.32293711,57.79366342,58.2459217,58.67183425,59.0484289,59.37174641,59.66910965,59.94524028,60.20801713,60.45013543,60.68362765,60.90816296,61.13183353,61.39200446,61.69301982,62.01962846,62.34704601,62.66271707,62.96700066,63.27442118,63.59173588,63.91416154,64.25584527,64.62752822,65.02694995,65.44550378,65.86788806,66.28919543,66.69866166,67.08136861,67.4426134,67.79670371,68.11784197,68.40138641,68.69556839,69.04195144,69.40270466,69.68693186,69.87116877,69.98800026,70.04016308,70.02672581,69.94945115
Comoros,COM,Population ages 15-64 (% of total population),SP.POP.1564.TO.ZS,54.81183612,54.3700081,53.84816428,53.22897128,52.57471845,52.06357255,51.66237544,51.23637817,50.84225682,50.52468133,50.27243744,50.0583646,49.84456496,49.62084224,49.39207048,49.16690564,48.97055166,48.82070756,48.72296089,48.6843751,48.72749992,48.79750707,48.84778756,48.90274022,48.94971752,48.97502781,48.98226476,48.97962913,48.97429726,48.97276168,48.98025513,48.98354977,48.77432879,48.40726479,48.13473195,47.95968495,47.872901,47.89548572,48.04756121,48.39000431,48.80871214,49.14348891,49.41767523,49.72099737,50.24039786,50.90074358,51.54079434,52.18425534,52.84797404,53.52454835,54.18295573,54.79593028,55.34553595,55.68495782,55.82102663,55.9251502,56.04671981,56.31038386,56.66629946,56.97883745,57.26451029,57.54029244,57.8260536,58.12571218,58.40643275
Cabo Verde,CPV,Population ages 15-64 (% of total population),SP.POP.1564.TO.ZS,52.18581642,51.43197869,50.6425768,49.98637587,49.47511877,49.13683961,48.96541365,48.9159521,48.9709954,49.11843436,49.32577244,49.44388047,49.40531834,49.3372371,49.30214496,48.96418798,48.36664458,47.87051259,47.48796052,47.2392638,47.20461737,47.43263605,47.77863935,48.11189577,48.42425658,48.70150994,48.93553006,49.1353253,49.30843144,49.46051356,49.59519589,49.73438971,49.90620591,50.12165238,50.38631004,50.7077776,51.08933435,51.53195201,52.04583619,52.64753275,53.36921694,54.21329458,55.12497698,56.06327223,57.01843776,57.98052216,58.941979,59.90755548,60.89108516,61.89668492,62.90373678,63.84597411,64.64796711,65.28712968,65.76853973,66.07285221,66.17949896,66.12548816,65.98765132,65.81032243,65.6218093,65.87180078,66.49667815,67.04969363,67.59450309
Costa Rica,CRI,Population ages 15-64 (% of total population),SP.POP.1564.TO.ZS,50.52591496,50.37084882,50.27409239,50.25124797,50.30805888,50.43077579,50.63338005,50.92681512,51.32256079,51.79719289,52.32428958,52.90947129,53.55215122,54.2474678,54.97164088,55.6978505,56.40261582,57.06416027,57.66542041,58.18853724,58.63420721,59.00424035,59.28695116,59.45967348,59.54325142,59.56955302,59.55064156,59.51384849,59.47561456,59.46670097,59.52234131,59.65699574,59.86566829,60.13676291,60.47147282,60.8567862,61.28568756,61.76250658,62.26968188,62.78800062,63.30932548,63.83400679,64.37147684,64.91512182,65.44250672,65.92982324,66.38428895,66.80357674,67.16145778,67.4733671,67.77909912,68.04588149,68.24546276,68.4238638,68.5844637,68.71125044,68.80451449,68.84125078,68.81097693,68.76521073,68.77863346,68.83745266,68.89830294,68.95016977,68.97556682
Caribbean small states,CSS,Population ages 15-64 (% of total population),SP.POP.1564.TO.ZS,52.21765201,52.03614229,51.79861111,51.55650426,51.36950371,51.21924265,51.12196547,51.1070144,51.16618643,51.32330897,51.65424282,52.09819698,52.57745953,53.10312322,53.66056021,54.26910817,54.90390943,55.55475771,56.20284629,56.78978845,57.31203891,57.81006503,58.26411825,58.64183268,58.95081304,59.20705058,59.4473774,59.68936221,59.94308922,60.1878666,60.42794765,60.69089545,60.97263169,61.27246143,61.5867171,61.93868984,62.34133468,62.77371506,63.22719912,63.67975652,64.11983404,64.56813187,65.01523124,65.44210259,65.85303024,66.15337806,66.51227648,66.8469278,67.13771246,67.37184142,67.60515621,67.83660555,68.00565331,68.12519057,68.21471179,68.27350621,68.30183844,68.2942443,68.40645955,68.39678,68.22210587,68.18034184,68.16229266,68.10820028,68.02983663
Cuba,CUB,Population ages 15-64 (% of total population),SP.POP.1564.TO.ZS,59.68631741,59.50914951,59.24055754,58.89702999,58.55027438,58.23627106,57.92397586,57.61798237,57.34519855,57.11253974,56.93000615,56.79906137,56.72812729,56.7299151,56.82432041,57.05334506,57.4506348,58.04058262,58.82228958,59.75473801,60.78517395,61.93946577,63.08432416,64.08472463,65.01161139,65.89424624,66.73224006,67.49431223,68.11519715,68.56316711,68.84709404,69.02476198,69.14567731,69.21109717,69.17330492,69.03716325,68.87727251,68.7888107,68.80001178,68.84927116,68.92008931,68.98699692,69.04756537,69.15775966,69.32279249,69.49328278,69.64889682,69.74728394,69.76278236,69.71801734,69.63955629,69.54183184,69.4125956,69.275159,69.17755452,69.10059805,69.03527744,68.96974963,68.84435386,68.67873714,68.52497693,68.48947217,68.44712211,68.29049421,68.13697047
Curacao,CUW,Population ages 15-64 (% of total population),SP.POP.1564.TO.ZS,54.2820506,54.11350343,54.14233055,54.22542583,54.3552978,54.45742624,54.5214231,54.61265726,54.74963717,54.95182219,55.2440924,55.65342813,56.23034668,56.95061007,57.73515132,58.56213151,59.41903728,60.2880078,61.15223019,61.98922532,62.77064981,63.4693819,64.07809083,64.58262927,64.96131547,65.21632307,65.35358148,65.41072467,65.42955063,65.41809278,65.3710202,65.26951308,65.10934362,64.93282889,64.76454492,64.60729898,64.47499068,64.37852619,64.32789,64.31617547,64.32313945,64.36674013,64.65274398,65.15281097,65.66274913,66.14170626,66.55486705,66.90126638,67.18979163,67.42146639,67.55875547,67.72731859,67.80315744,67.67621652,67.51046798,67.31718004,67.13781235,67.01648508,68.56515047,69.36684552,68.75331049,68.71723475,68.61762825,68.47546474,68.29036858
Cayman Islands,CYM,Population ages 15-64 (% of total population),SP.POP.1564.TO.ZS,56.72500742,56.16462245,55.54606537,54.97770346,54.52462772,54.16332853,53.90931437,53.78237281,53.76592117,53.90782549,54.45944661,55.40437035,56.41178221,57.42653857,58.51761476,59.63519002,60.70847892,61.74445548,62.78811,63.79732126,64.60858364,65.29740296,66.05242806,66.83250415,67.60126134,68.3525605,69.08071092,69.75685867,70.37013841,70.94297144,71.58352244,72.26364286,72.86957129,73.35368295,73.71459556,74.00818496,74.25533784,74.45207214,74.62995815,74.79887159,74.83616474,74.8278128,74.9114987,75.05035906,75.24337674,75.47849319,75.73291591,75.9856703,76.21281878,76.38283113,76.43650009,76.35438303,76.248567,76.21004177,76.19118857,76.17877276,76.17530764,76.1518854,76.10648994,76.06829355,76.08121192,75.89059658,75.50686883,75.16429804,74.81449149
Cyprus,CYP,Population ages 15-64 (% of total population),SP.POP.1564.TO.ZS,57.66986649,57.69578885,58.07648153,58.46551349,58.82993495,59.14549257,59.40454611,59.61635341,59.80009667,59.97007123,60.12462815,60.24913997,60.32682235,60.61924777,60.93366945,61.20695081,61.87359523,62.74324483,63.56622588,64.29808029,64.90471046,65.36956056,65.55881392,65.4366008,65.26669113,65.20379091,65.21895642,65.27766185,65.34853234,65.41515526,65.47994832,65.56122832,65.61976108,65.54744384,65.49948086,65.65315668,65.95385273,66.34934623,66.79993833,67.28103102,67.7746338,68.23302324,68.57938336,68.89464681,69.28877844,69.74202132,70.22001711,70.68080154,71.09259033,71.43584067,71.69499648,71.82550257,71.82505189,71.76552819,71.66763535,71.51971523,71.32645576,71.11719076,70.90870459,70.68906088,70.43952858,70.15911611,69.88879876,69.62282956,69.31163779
Czechia,CZE,Population ages 15-64 (% of total population),SP.POP.1564.TO.ZS,64.99388206,65.24169077,65.65607805,65.96955927,66.08495217,66.15148224,66.26055503,66.37533677,66.46948225,66.53593914,66.57330444,66.53452653,66.35174864,65.99252893,65.42853397,64.77705685,64.1841008,63.67897579,63.29480496,63.08100814,63.11169985,63.39751146,63.81489053,64.27518505,64.62223689,64.76030977,64.82377604,64.93061672,65.14933677,65.53368288,66.02046294,66.47952217,66.91045133,67.33808619,67.77114604,68.16811025,68.49245658,68.79944954,69.10670492,69.42962692,69.77759856,70.134606,70.47687927,70.805345,71.07208392,71.23284893,71.30123634,71.24099024,71.0094411,70.62228142,70.1383515,69.50926448,68.74047035,67.99176114,67.29807685,66.62951813,65.96015286,65.30018025,64.69156561,64.14004903,63.70320857,63.39393007,63.53398925,63.7804638,63.75732021
Germany,DEU,Population ages 15-64 (% of total population),SP.POP.1564.TO.ZS,67.24036385,66.60826369,66.06355801,65.57779495,65.09420524,64.69560439,64.29981604,63.81397458,63.44239339,63.29877287,63.178159,63.08421585,63.12619023,63.28438276,63.46961488,63.68281425,64.01842964,64.39601014,64.81282532,65.31428336,65.94407165,66.75356198,67.64207806,68.5085831,69.16811418,69.45755815,69.52379797,69.5187649,69.41894944,69.25824102,69.04589729,68.83989275,68.73104974,68.6086205,68.45318319,68.35134156,68.30633585,68.27205443,68.23551142,68.11361201,67.88567064,67.66420369,67.47239814,67.26838056,66.98018132,66.64812804,66.29348697,66.02348806,65.86964434,65.72121704,65.73864292,65.89949339,65.9715438,65.95446931,65.86219378,65.73653535,65.53850994,65.2493405,64.98762233,64.70900958,64.39354555,64.00773169,63.6285625,63.29438578,62.89425241
Djibouti,DJI,Population ages 15-64 (% of total population),SP.POP.1564.TO.ZS,53.4722868,53.62009173,53.76488749,53.91378535,54.01632791,53.93429399,53.70327797,53.4542002,53.21031887,52.9753047,52.75357327,52.54421927,52.3495322,52.17569165,52.02776545,51.90893153,51.82025423,51.76071135,51.72935902,51.72866183,51.7603548,51.82205354,51.91254764,52.02690818,52.16298271,52.3201643,52.49442055,52.68008147,52.8734446,53.07086012,53.26255288,53.447041,53.63648635,53.85403719,54.08394632,54.33882927,54.68120516,55.37493441,56.20746062,56.81714622,57.26855417,57.69052252,58.0672571,58.18352122,58.14639095,58.20587559,58.46267195,58.84040239,59.23195444,59.61842052,59.96894388,60.31068227,60.64489435,60.99508085,61.38992288,61.84264044,62.35490092,62.90894216,63.47648342,64.01889761,64.51636983,64.96109692,65.3492757,65.68964568,65.97912078
Dominica,DMA,Population ages 15-64 (% of total population),SP.POP.1564.TO.ZS,49.8273597,49.51626431,49.23623417,48.90263853,48.4985021,48.01706966,47.45841537,46.83804862,46.18548822,45.5527015,45.43739479,45.9996836,46.75563802,47.49697171,48.219523,48.91330925,49.57093464,50.21924827,50.85976335,51.51317863,52.22623592,53.17937687,54.35253654,55.45398642,56.35824914,57.0653992,57.6025992,57.99740929,58.21407074,58.17528705,57.8819998,57.6991623,57.87738911,58.15864329,58.43054846,58.69494807,58.95836335,59.24616517,59.5447345,59.84797334,60.1604122,60.59117268,61.16474322,61.75672323,62.31263383,62.85635307,63.40825358,63.97545299,64.52784152,65.00929368,65.3935244,65.99086216,66.57069483,67.3886538,68.20016199,68.67845476,68.68252247,68.48306118,68.6869724,68.84156717,68.96837494,69.06342073,69.12153113,69.14622503,69.1707575
Denmark,DNK,Population ages 15-64 (% of total population),SP.POP.1564.TO.ZS,64.20200061,64.5267053,64.80919606,64.94678835,64.9253763,64.82337277,64.65580542,64.49332424,64.41358487,64.39400924,64.43497874,64.41336014,64.30674258,64.22893349,64.13467489,64.01423168,63.97205924,64.02536547,64.16203181,64.40361796,64.74177355,65.19826993,65.65190346,65.99309703,66.27281558,66.47131595,66.64338854,66.87898157,67.07543804,67.20568939,67.35253184,67.45722953,67.4661748,67.46411437,67.44243559,67.37430637,67.26984147,67.13564811,66.98924374,66.83663705,66.68246668,66.53823373,66.41213224,66.29549418,66.20394338,66.14170962,66.0847332,66.01448987,65.89823169,65.70776436,65.45037841,65.13910178,64.83532077,64.61715312,64.47476644,64.38036589,64.28256446,64.14787913,64.00759119,63.85696671,63.69273587,63.57794258,63.56297371,63.53286445,63.43754622
Dominican Republic,DOM,Population ages 15-64 (% of total population),SP.POP.1564.TO.ZS,48.81198702,48.50798159,48.27808615,48.12773451,48.02252066,47.96164363,47.99744253,48.14160488,48.37933758,48.69600085,49.07142971,49.48951032,49.93645584,50.40006984,50.87752892,51.36520312,51.85481208,52.34309727,52.82880297,53.30965164,53.77230938,54.21835192,54.64716046,55.03559927,55.39393135,55.75187811,56.11137586,56.46621694,56.81151404,57.12982672,57.42276556,57.70484693,57.97998758,58.24872411,58.52155494,58.8061369,59.09329559,59.3962243,59.73939882,60.08970534,60.39409076,60.66574556,60.94603792,61.2633983,61.63970973,62.06354903,62.51163597,62.95993891,63.37721832,63.74692698,64.06774319,64.34757747,64.57213613,64.73506897,64.88921192,65.06590094,65.2322228,65.35772581,65.43410307,65.47318266,65.50744892,65.53424782,65.52090743,65.50513709,65.54187391
Algeria,DZA,Population ages 15-64 (% of total population),SP.POP.1564.TO.ZS,51.34056933,50.80579318,50.28262349,49.75843586,49.33268269,49.06740273,48.95741239,48.96681783,49.07146752,49.22831283,49.37864921,49.51227171,49.6498787,49.8102094,50.01368157,49.92723519,49.48600691,49.37133115,49.64786461,49.96029613,50.28434732,50.61675809,50.96452367,51.33697201,51.73821239,52.1655896,52.62878059,53.12225405,53.64911531,54.20323521,54.7842197,55.34131762,55.70021369,56.02734028,56.53351402,57.16327574,57.89818563,58.71771714,59.70911888,60.82836671,61.91142103,62.93944046,63.91600196,64.81354825,65.5972505,66.25012697,66.76758664,67.16420807,67.44495879,67.60630925,67.64818224,67.56848164,67.3421405,66.92238176,66.35894085,65.76232569,65.17396474,64.58714621,64.0409495,63.58580478,63.2634495,63.06906137,62.9718445,62.98379379,63.08878327
East Asia & Pacific (excluding high income),EAP,Population ages 15-64 (% of total population),SP.POP.1564.TO.ZS,55.58329053,55.82895704,55.77019836,55.25898797,54.78270269,54.56366854,54.47334522,54.59004131,54.72319273,54.76546895,54.87559898,54.97383581,55.1748021,55.3781668,55.38583231,55.34773757,55.34867112,55.72399777,56.67028521,57.66158945,58.49307327,59.25817512,59.87718111,60.58100828,61.40010143,62.13812211,62.76315214,63.23508666,63.63192875,63.92255181,64.04491933,64.16306695,64.33648804,64.49561166,64.69230798,64.94218334,65.25345629,65.66108902,66.05590433,66.42287541,66.83763961,67.31757245,67.88694666,68.46346928,69.03413531,69.63151561,70.0880181,70.35252367,70.54246082,70.67364835,70.75306157,70.7733277,70.70310193,70.56098188,70.36770031,70.14178161,69.88221182,69.53947327,69.2124721,68.9511905,68.74863144,68.66427824,68.62642221,68.65462459,68.83531282
Early-demographic dividend,EAR,Population ages 15-64 (% of total population),SP.POP.1564.TO.ZS,55.26772389,54.98672572,54.70042071,54.40934027,54.17586995,54.02314314,53.91181026,53.84471497,53.80503539,53.78170894,53.80218096,53.83710386,53.87793967,53.94081637,54.0255798,54.13977884,54.26587342,54.41023681,54.56037976,54.71177857,54.86878171,55.02691364,55.18113909,55.32665181,55.46403843,55.59764659,55.74127639,55.8962896,56.06334352,56.24235479,56.44205084,56.66111225,56.86625983,57.08328281,57.32102545,57.59157873,57.90125881,58.24337224,58.62278722,59.0197377,59.41523712,59.79798533,60.15804498,60.51430886,60.88469625,61.25276979,61.6177502,61.97826303,62.314483,62.63109198,62.93824029,63.22859542,63.49766674,63.75312279,63.99438062,64.23117281,64.45779188,64.66826948,64.85880783,65.03870153,65.24023153,65.46570647,65.6834746,65.87571785,66.06707678
East Asia & Pacific,EAS,Population ages 15-64 (% of total population),SP.POP.1564.TO.ZS,56.40476583,56.65267826,56.66754938,56.28771648,55.95244191,55.81964667,55.77818778,55.88993968,56.00020848,56.05668737,56.17128461,56.27353846,56.43676236,56.60185767,56.60807025,56.58877284,56.60905501,56.95655754,57.80140967,58.68688158,59.43711717,60.11997829,60.67505241,61.32180311,62.0730164,62.75908061,63.35567527,63.82041261,64.21762417,64.51618555,64.65643489,64.78078326,64.94355697,65.08882413,65.26469138,65.48620644,65.7592919,66.11166557,66.45017446,66.76287863,67.11034095,67.50916074,67.99035777,68.48439421,68.97330668,69.47984717,69.86129168,70.07520656,70.22508445,70.32927068,70.39689719,70.40014367,70.3024197,70.13357555,69.92006077,69.6827456,69.42032688,69.08454766,68.76545039,68.508183,68.29826287,68.1929287,68.14183473,68.15434599,68.2946257
Europe & Central Asia (excluding high income),ECA,Population ages 15-64 (% of total population),SP.POP.1564.TO.ZS,60.05561035,59.49596522,59.13927533,58.89191962,58.7766491,58.72418304,58.70217901,58.72423764,58.75118968,58.83945198,59.00828031,59.20265226,59.40118321,59.63668848,59.89678743,60.17826239,60.45443034,60.69430136,60.94098984,61.07445183,61.19572233,61.43226354,61.67881536,61.85537482,61.95987672,62.06106806,62.15291184,62.22602931,62.27043868,62.27934628,62.27546684,62.26827996,62.24399248,62.21364488,62.22989922,62.38420665,62.67040209,63.00858555,63.45377509,63.99189074,64.5169774,65.00484092,65.43651856,65.7956754,66.11843259,66.44249928,66.76908505,67.07447299,67.41346109,67.74751622,68.02623911,68.23192291,68.28365943,68.24692585,68.1303892,67.92449851,67.67261208,67.39739818,67.13463724,66.82466433,66.49571641,66.23379691,66.02290521,65.85978093,65.77398527
Europe & Central Asia,ECS,Population ages 15-64 (% of total population),SP.POP.1564.TO.ZS,63.50783648,63.20235573,63.09747088,63.05359871,63.04452371,63.04526549,63.03809481,63.03110722,63.0238748,63.0693698,63.16461321,63.26092423,63.35479632,63.47492857,63.60015914,63.72586132,63.86705882,63.99129968,64.12079798,64.24228627,64.39793184,64.68157679,65.02891762,65.34604796,65.58005297,65.70517051,65.76565946,65.80422178,65.79442492,65.76697413,65.74907683,65.73584172,65.72264231,65.71141852,65.71217447,65.79098581,65.93649609,66.0985602,66.33885457,66.62497332,66.88281478,67.11139292,67.29928141,67.43629813,67.53453369,67.61926251,67.70124552,67.79353959,67.89046538,67.94714511,67.96941035,67.89441218,67.67436879,67.40845818,67.09958023,66.76790843,66.4446938,66.1195736,65.82517131,65.5334824,65.25862969,65.03898219,64.84198706,64.65189531,64.47622178
Ecuador,ECU,Population ages 15-64 (% of total population),SP.POP.1564.TO.ZS,51.50342276,51.36976845,51.26059612,51.22943318,51.28805934,51.36885382,51.44075537,51.51743431,51.60203249,51.69800392,51.80519925,51.9267271,52.06911926,52.23228209,52.41473584,52.61844185,52.84307474,53.08551328,53.34770436,53.63434723,53.94685715,54.2790551,54.62841691,54.99620917,55.36942926,55.75059524,56.14481587,56.54430723,56.93283484,57.28501544,57.59464707,57.85565183,58.08920802,58.31098465,58.52160757,58.73204766,58.93809808,59.1468222,59.37733613,59.63577703,59.90360468,60.16812514,60.43225955,60.70479395,60.99620158,61.3079364,61.637473,61.97429466,62.28738846,62.56085569,62.82445523,63.09704153,63.37579663,63.67073967,63.9831016,64.31199003,64.67220799,65.04470191,65.40403582,65.73290869,66.04438562,66.35298567,66.63285532,66.90242754,67.2001523
"Egypt, Arab Rep.",EGY,Population ages 15-64 (% of total population),SP.POP.1564.TO.ZS,54.03745226,53.93407128,53.959702,54.02768038,54.06964213,54.11094827,54.18295899,54.27854577,54.39799607,54.52959663,54.65004545,54.74500695,54.8196555,54.8822831,54.92896211,54.95323879,54.93686644,54.90594162,54.88175082,54.84397001,54.80657713,54.78570177,54.77897796,54.7885275,54.80790742,54.82162224,54.81993216,54.82881706,54.86460778,54.93423263,55.17511648,55.4589913,55.7135955,56.03066552,56.37279686,56.75671981,57.15799079,57.5677145,58.02776103,58.5241774,59.03415821,59.54498973,60.03837176,60.53129204,61.00845581,61.43247414,61.77267661,62.00946056,62.1474848,62.20470759,62.18271606,62.14800405,62.09610574,62.0110954,61.90342071,61.73683029,61.60087725,61.52898002,61.54467171,61.66436833,61.83467743,62.06724996,62.3202561,62.59519542,62.88904955
Euro area,EMU,Population ages 15-64 (% of total population),SP.POP.1564.TO.ZS,64.73008379,64.49218462,64.37412508,64.29568015,64.16298653,63.98182307,63.77681891,63.55821561,63.3813406,63.27486811,63.18204264,63.11273239,63.10547537,63.15037871,63.2325458,63.34456051,63.51243855,63.70371817,63.92393785,64.21837678,64.61452193,65.14257511,65.72809686,66.31083172,66.8149514,67.10034203,67.25044341,67.37611215,67.45322377,67.50950635,67.53859196,67.57152408,67.59663307,67.56914267,67.48099971,67.45473068,67.48738282,67.45894333,67.41868582,67.34461571,67.23223211,67.11768312,67.02652409,66.96938009,66.89459517,66.77949066,66.65956616,66.58745006,66.50509559,66.35067836,66.21173709,66.05062878,65.81147604,65.55227848,65.28328939,65.0498882,64.84489772,64.63006007,64.44325626,64.27247312,64.11158528,63.93718652,63.76332963,63.60017972,63.39070985
Eritrea,ERI,Population ages 15-64 (% of total population),SP.POP.1564.TO.ZS,55.74011114,55.82182321,55.87296373,55.83030011,55.72801686,55.51213632,55.22182413,54.94713576,54.65759302,54.39063602,54.12878492,53.86054504,53.62198292,53.45563447,53.39175743,53.38095881,53.32094248,53.23456307,53.16872682,53.11320728,53.06755677,53.02761101,52.98906905,53.06346965,53.22779057,53.34700729,53.43595474,53.38021114,53.18499196,52.96892276,52.72455315,52.60791411,52.42440853,52.58076952,52.67062539,53.58584819,54.09783769,53.22162718,52.4830669,51.947561,51.5953941,51.81722852,52.30367768,53.021569,53.66271617,53.68186217,53.4368016,53.2059102,53.43158777,53.66349422,53.76907371,53.97118878,54.11090625,54.21211989,54.12108695,53.96210521,53.95742245,54.08628002,54.45969092,54.94127821,55.50628549,56.12553105,56.68290195,57.17160855,57.66010777
Spain,ESP,Population ages 15-64 (% of total population),SP.POP.1564.TO.ZS,64.39491565,64.2599937,64.10974988,64.07386344,64.00383969,63.73370837,63.41111796,63.16461441,62.94578128,62.73700022,62.53141014,62.37914826,62.30619388,62.26922213,62.31564143,62.36806925,62.35623591,62.36530222,62.45225795,62.6476434,62.88070048,63.22597592,63.65909634,64.06390658,64.48379651,64.88676774,65.24805002,65.58536567,65.92247886,66.27712984,66.66588973,67.06515006,67.43284886,67.7634415,68.06061424,68.31881716,68.50461556,68.6037623,68.64622723,68.66162014,68.63629272,68.52945731,68.50734932,68.64082196,68.86071436,68.94838324,68.920941,68.97282232,68.87108426,68.56367339,68.18598421,67.82234069,67.48347307,67.0770392,66.69309279,66.46145508,66.31436856,66.18659823,66.1319737,66.16937653,66.24087666,66.27830155,66.21609041,66.08764172,65.93281124
Estonia,EST,Population ages 15-64 (% of total population),SP.POP.1564.TO.ZS,66.15670575,65.93061265,65.90143679,65.95038916,66.04271946,66.11667353,66.21450846,66.29934556,66.25149236,66.19864877,66.17235696,66.07951389,65.97026987,65.94365993,65.98030388,66.02800766,66.0498867,66.0150536,65.95720752,65.89905809,65.87428876,65.93821343,66.06702016,66.15464337,66.26466118,66.45277144,66.54269719,66.50977586,66.39930036,66.23918402,66.12530635,66.06588737,65.97484632,65.87222188,65.81624217,65.78786696,65.81959654,65.92318937,66.18500888,66.83004679,67.37559207,67.56009614,67.70634354,67.85972207,68.00112426,68.07112978,67.96148582,67.7748154,67.67052534,67.53171626,67.32367042,66.99551553,66.54584551,66.06283616,65.55321153,65.09692098,64.66266266,64.25707887,63.96064342,63.66851155,63.36153458,63.18470553,63.1367948,63.11761445,63.06504888
Ethiopia,ETH,Population ages 15-64 (% of total population),SP.POP.1564.TO.ZS,54.9427864,55.02640543,55.09358027,55.08555976,54.98438978,54.73832785,54.41054177,54.0745892,53.7128886,53.36506927,53.01893757,52.64340803,52.2731937,51.97300939,51.77906174,51.63503017,51.45045546,51.27166925,51.13464169,51.01480047,50.90252877,50.80071778,50.74900773,50.84303421,51.05292474,51.22247838,51.33318837,51.33241339,51.25126143,51.15725334,51.04990302,51.06645692,51.04837023,50.89609604,50.74260889,50.60184835,50.44314062,50.22791679,49.98802308,49.78358249,49.63658571,49.56528388,49.58487771,49.66704709,49.7846004,49.93141383,50.12516807,50.39013381,50.71687422,51.10151436,51.54672271,52.03835224,52.56624963,53.11347053,53.66688118,54.21312456,54.74585151,55.25306725,55.70474513,56.1010549,56.48019563,56.84159433,57.1697806,57.46305247,57.71009971
European Union,EUU,Population ages 15-64 (% of total population),SP.POP.1564.TO.ZS,64.50917486,64.33252475,64.28868307,64.29050907,64.25623958,64.18982691,64.10789256,63.99722755,63.90148963,63.86618573,63.85218729,63.84610867,63.85689676,63.88413133,63.90925303,63.92982032,63.98208381,64.04518399,64.14497096,64.31279063,64.57745926,64.98217198,65.48197869,66.02051434,66.46299597,66.68731749,66.79512135,66.88378785,66.94224453,67.00533374,67.06769675,67.14144922,67.21418295,67.24515991,67.22955648,67.26202368,67.34063705,67.37455205,67.40154511,67.40727061,67.39029027,67.37648705,67.37510992,67.39609587,67.39620364,67.35391532,67.29495065,67.25568537,67.18865256,67.05562058,66.91059123,66.71908173,66.45454747,66.16809522,65.86163639,65.57476703,65.30688883,65.02914529,64.7729176,64.53013801,64.3040128,64.09832553,63.92679168,63.76981622,63.57457141
Fragile and conflict affected situations,FCS,Population ages 15-64 (% of total population),SP.POP.1564.TO.ZS,56.71325306,56.53003387,56.37728116,56.20814798,56.06014158,55.91055082,55.76076308,55.6294182,55.48401644,55.34572932,55.22300511,55.08877466,54.93688565,54.79317234,54.67055457,54.55604598,54.43012123,54.30720093,54.21576928,54.13031555,54.05750348,54.00813106,53.96696135,53.92164998,53.87351903,53.84596763,53.82522784,53.79782952,53.78271874,53.77558349,53.76240378,53.80735546,53.849006,53.8519112,53.91638634,54.03050118,54.07976011,54.11392272,54.21382363,54.34574685,54.45484215,54.54467677,54.60284159,54.64196349,54.69529338,54.75537228,54.82855022,54.92378183,55.00920837,55.07792196,55.15745618,55.22848705,55.26565775,55.29028535,55.31701685,55.36527796,55.46420778,55.5908942,55.73413699,55.89952837,56.09642995,56.32031286,56.53336277,56.77305428,57.04642898
Finland,FIN,Population ages 15-64 (% of total population),SP.POP.1564.TO.ZS,62.29236387,62.78790942,63.40028637,63.96489665,64.4200034,64.81222519,65.13480528,65.43567076,65.74113604,65.9815544,66.2307967,66.56949531,66.89999038,67.14098597,67.29796572,67.37594584,67.41193987,67.42609528,67.48954074,67.60164208,67.71752097,67.86674286,67.99397624,68.06072136,68.12603195,68.1054281,67.97228895,67.82998816,67.62052174,67.41693291,67.29815555,67.21374464,67.13593096,67.03313274,66.89572097,66.7542822,66.67033191,66.67610909,66.78204996,66.89481748,66.9298133,66.92069983,66.88517898,66.82657917,66.73165144,66.704371,66.60040505,66.53639545,66.56645105,66.45470804,66.18349854,65.69193917,65.10750934,64.50439075,63.93195762,63.43392702,63.0282056,62.65528114,62.31534084,62.06249675,61.84898687,61.67070469,61.55028667,61.48711733,61.46957694
Fiji,FJI,Population ages 15-64 (% of total population),SP.POP.1564.TO.ZS,50.16949153,50.26778516,50.39770147,50.53710921,50.69716041,50.83515932,51.00321283,51.24355421,51.52122102,51.85052909,52.24741523,52.7176429,53.26476524,53.88620262,54.55520244,55.21369807,55.81533764,56.36378083,56.85837563,57.27874933,57.61046584,57.86171557,58.03807168,58.14673074,58.2130999,58.26166493,58.29379175,58.30997794,58.31289809,58.31616255,58.38156717,58.54505064,58.78275308,59.08423787,59.45033223,59.86170823,60.30347498,60.77713346,61.27903972,61.78524887,62.24436889,62.6350642,62.98243866,63.29739832,63.58166946,63.84263451,64.07885301,64.28780663,64.46193764,64.6072865,64.74738554,64.88920726,65.01005281,65.08308757,65.12163185,65.16033478,65.21710986,65.29991287,65.41605792,65.55681799,65.70762971,65.88821341,66.08836856,66.27165311,66.41974883
France,FRA,Population ages 15-64 (% of total population),SP.POP.1564.TO.ZS,61.98350403,61.91089404,62.05574992,62.20700465,62.26409245,62.29718882,62.28943433,62.25099072,62.24118521,62.26681027,62.30915862,62.32022348,62.32885426,62.36788472,62.46991521,62.59812129,62.77726331,62.96744726,63.13957163,63.35655263,63.69596531,64.21933977,64.74963018,65.22089986,65.64765503,65.83593172,65.85781689,65.91813456,65.97080825,65.97026004,65.8792865,65.71521924,65.57883807,65.49321112,65.42405404,65.37564663,65.34968873,65.32599773,65.26593101,65.16399475,65.06520738,65.00836594,64.99622857,65.02869131,65.04888378,65.0595224,65.10014309,65.09651577,64.99227463,64.83205056,64.68658958,64.40128521,63.98220232,63.62621489,63.26605904,62.90341155,62.6321731,62.39807654,62.17939556,61.98116662,61.81340106,61.70403987,61.59123512,61.46607928,61.34831708
Faroe Islands,FRO,Population ages 15-64 (% of total population),SP.POP.1564.TO.ZS,59.20884917,59.4183607,59.61873981,59.76519454,59.86330985,59.87839437,59.86717912,59.84436111,59.77103301,59.68237637,59.68877798,59.86745214,60.08934839,60.26894403,60.40243355,60.51026068,60.63457624,60.84377298,61.14658788,61.46374732,61.77750949,62.11619351,62.47537977,62.83677147,63.14658514,63.36021063,63.53488473,63.708471,63.85253495,63.91210087,63.74928943,63.40246924,63.03655821,62.69372653,62.46816314,62.44240157,62.53819861,62.58082622,62.56738094,62.59910871,62.70462633,62.86980969,63.01172401,63.16699527,63.4685271,63.78345964,63.97914408,63.99409993,63.80469298,63.57796178,63.44990087,63.29640756,63.06169554,62.74505743,62.29467628,62.04198922,61.92841638,61.74093904,61.65301564,61.63787699,61.56332899,61.54033771,61.77260188,62.11721056,62.29659112
"Micronesia, Fed. Sts.",FSM,Population ages 15-64 (% of total population),SP.POP.1564.TO.ZS,51.32370358,50.96166779,50.6052902,50.24819873,50.06760672,50.06264366,50.06745443,50.03667834,49.96483762,49.89719225,49.82434405,49.65820916,49.4231464,49.22092333,49.055872,49.08384437,49.27478511,49.44383984,49.49178401,49.45039572,49.44191094,49.47208141,49.53903599,49.64424684,49.79581536,49.99721315,50.25117459,50.5490624,50.74951208,50.87118572,51.06429375,51.34520965,51.78638729,52.30138419,52.79715792,53.37975143,54.040493,54.70014675,55.33702947,55.93506418,56.47558102,56.94763962,57.35584448,57.71652491,58.10472144,58.55248986,59.05002303,59.61203307,60.17955414,60.69518097,61.07011842,61.27272558,61.46584484,61.70014012,61.90911104,62.08314362,62.16393383,62.16940762,62.17979338,62.15928257,62.19904162,62.22289909,62.16155949,62.13947377,62.2023586
Gabon,GAB,Population ages 15-64 (% of total population),SP.POP.1564.TO.ZS,60.80709952,60.4116419,60.01351381,59.58261518,59.14013927,58.74135218,58.36160393,57.9741364,57.58348085,57.25711327,56.97299048,56.64343711,56.27721592,55.90339364,55.54813603,55.21219516,54.88852291,54.57492865,54.26755497,53.96418438,53.66687645,53.37542158,53.09463236,52.82960473,52.58871915,52.38057442,52.20843086,52.07097684,51.96443043,51.8921785,51.86158047,51.87805724,51.94218304,52.05313744,52.21830595,52.4503155,52.74939996,53.09226583,53.46113075,53.85057238,54.25336467,54.66953932,55.10246183,55.54857871,56.00047411,56.45424139,56.90571802,57.34568149,57.75967147,58.12488414,58.42876156,58.68047674,58.90652906,59.12302211,59.29965106,59.40116301,59.41967504,59.3743799,59.30165991,59.23176532,59.18893073,59.1823318,59.21484219,59.29597227,59.43289976
United Kingdom,GBR,Population ages 15-64 (% of total population),SP.POP.1564.TO.ZS,64.95593802,64.91473089,64.96872735,64.91058756,64.68722064,64.39611067,64.09060745,63.75704813,63.41465181,63.10536134,62.84184492,62.63625513,62.49818315,62.44055632,62.46951343,62.59804927,62.83402304,63.12933483,63.42672903,63.72586675,64.02982668,64.36421797,64.76737872,65.2110124,65.53347249,65.6265369,65.6245936,65.62980184,65.41186568,65.12903261,64.98103154,64.79302423,64.60900152,64.49481972,64.46533306,64.51331149,64.59129311,64.67707057,64.78849667,64.94488394,65.17567046,65.40978213,65.57530511,65.63519108,65.69620854,65.86418966,66.04982733,66.15673713,66.13987422,66.03245384,65.90306032,65.66788253,65.2614605,64.86985247,64.58118494,64.3494176,64.13356487,63.9059469,63.69246384,63.51988225,63.42787868,63.44655894,63.44042791,63.35272885,63.31518593
Georgia,GEO,Population ages 15-64 (% of total population),SP.POP.1564.TO.ZS,63.82536139,63.39791551,63.13077802,62.99812996,62.94580635,62.97805849,62.77230095,62.29089485,61.89603318,61.65203958,61.74912652,62.12215801,62.53771315,62.95876906,63.38943758,63.82783579,64.24667217,64.65157866,65.02643664,65.35188875,65.61382863,65.81638338,65.99157834,66.08426367,66.0794808,66.04437151,66.00559536,65.95922206,65.88976117,65.78453628,65.56256874,65.24729625,64.936316,64.63627534,64.41012934,64.30193374,64.29812322,64.38974336,64.56930272,64.85257934,65.19203125,65.50794825,65.75030103,65.83657306,65.94080457,66.16738253,66.42854292,66.76467327,67.15189592,67.48972075,67.694664,67.73976381,67.63268622,67.38656516,66.96760052,66.43598401,65.89718984,65.39983427,64.93585958,64.4923615,64.11218233,63.83780601,63.71588788,63.64173582,63.56354411
Ghana,GHA,Population ages 15-64 (% of total population),SP.POP.1564.TO.ZS,51.67377761,51.10267943,50.46999097,49.94001768,49.53449237,49.22102538,48.96828555,48.76448169,48.59638925,48.46580985,48.40781161,48.46072432,48.58628039,48.7495106,48.9417429,49.14409744,49.50187887,49.97755426,50.40958088,50.79320707,51.15711679,51.51113298,51.80957984,52.06526958,52.18861517,52.16010755,52.05848402,51.96525395,51.96850792,52.0383226,52.12262235,52.17897442,52.2800497,52.48374591,52.76447956,53.01938475,53.22541772,53.52012581,53.90413006,54.26850148,54.59111629,54.93546075,55.30148068,55.64318518,55.96682467,56.26851995,56.54748497,56.82691165,57.10018901,57.3401455,57.51211251,57.62074456,57.70667524,57.79128479,57.89279799,58.03438224,58.23049367,58.47928047,58.74680982,59.01230192,59.30683573,59.61735053,59.90936661,60.1892662,60.47353659
Gibraltar,GIB,Population ages 15-64 (% of total population),SP.POP.1564.TO.ZS,65.74705802,66.19573417,66.20714511,66.02720461,66.00900708,65.92051261,65.74958578,65.64392652,65.62603851,65.61895829,65.51588196,65.23380396,64.95355356,64.81215841,64.76066944,64.85814461,64.98960351,65.0229682,65.07944878,65.22948783,65.46529267,65.72025052,65.72744655,65.52396199,65.38246692,65.36896745,65.44822352,65.60186503,65.79438917,66.11723274,66.61029412,67.0179939,67.01452834,66.68575334,66.32585631,66.07005881,65.96209117,65.87448336,65.74864376,65.67239636,65.69706594,65.92182811,65.99295749,65.7901252,65.61553195,65.47910916,65.60958302,65.9857031,66.30990547,66.43091198,66.11623144,65.71541377,65.47503825,65.17935663,64.83863103,64.52059953,64.33590326,64.28331557,64.30395364,64.3911647,64.51635198,64.60382273,64.64457119,64.73661637,64.73721681
Guinea,GIN,Population ages 15-64 (% of total population),SP.POP.1564.TO.ZS,55.99381626,55.92983771,55.88828515,55.86682003,55.83218414,55.80353901,55.79158179,55.77003448,55.73955102,55.69085769,55.60994175,55.49009741,55.33399236,55.14976899,54.94180779,54.71078889,54.46013367,54.19550364,53.93072998,53.68431825,53.46770761,53.28641394,53.13320394,53.00326653,52.89786464,52.81586918,52.75538424,52.70610009,52.65565588,52.58681831,52.51754872,52.45104813,52.36384652,52.27782978,52.18599947,52.1124054,52.05715933,51.7584793,51.44906143,51.3332288,51.15373347,50.78694748,50.59089074,50.71358144,50.81485145,50.86251451,50.95290886,51.1467712,51.38420099,51.62588051,51.87025675,52.13738445,52.41766061,52.6752448,52.92878694,53.19300387,53.4407394,53.66387449,53.88822343,54.13708904,54.41095227,54.69905466,54.99922911,55.31600223,55.64372657
"Gambia, The",GMB,Population ages 15-64 (% of total population),SP.POP.1564.TO.ZS,56.3164552,56.49279828,56.58572576,56.51060666,56.2484364,55.97108464,55.77098754,55.60780169,55.47470163,55.3570044,55.25114242,55.14499766,55.03313107,54.92319379,54.66876597,54.27445184,53.87806443,53.47476656,53.06684275,52.65526305,52.23637037,51.80020172,51.36574807,50.93156288,50.67027522,50.58873595,50.51321588,50.4485869,50.39444504,50.34673694,50.3027177,50.26964641,50.23955062,50.20359906,50.10823185,49.97150625,49.88306918,49.86076147,49.89814719,49.99470256,50.14399507,50.33284036,50.5551247,50.80696356,51.08117718,51.37375475,51.67382732,51.97314378,52.27378246,52.57131941,52.84459207,53.07179438,53.25441383,53.42675548,53.62413884,53.83424986,54.05278422,54.29344088,54.56413733,54.86034115,55.18968921,55.55472524,55.92582127,56.29128873,56.67377117
Guinea-Bissau,GNB,Population ages 15-64 (% of total population),SP.POP.1564.TO.ZS,59.10228389,58.81539555,58.17788401,57.47357707,56.26623713,54.79234546,53.83867739,53.65704705,53.95618936,53.91258747,53.86501598,53.7977604,53.69059501,53.96355478,53.96277912,53.44987296,52.5617968,51.47626112,50.4193221,50.15261612,50.20556431,49.89355218,49.59293882,49.32842068,49.12497637,48.993397,48.93137081,48.9309903,48.97750783,49.05968378,49.18249981,49.41699983,49.71391782,49.94576123,50.14553165,50.3766018,50.64326846,50.93188165,51.2105754,51.47912835,51.75937778,52.0394078,52.30385304,52.5506405,52.79522067,53.01575617,53.20297251,53.38602626,53.57797715,53.78055356,53.98294694,54.17276479,54.3539743,54.53483045,54.7248973,54.93660215,55.17102932,55.44370579,55.75689944,56.08811016,56.43959657,56.81124555,57.20495894,57.61508058,58.02222907
Equatorial Guinea,GNQ,Population ages 15-64 (% of total population),SP.POP.1564.TO.ZS,55.93045386,55.69680115,55.48261419,55.28561188,55.24872192,55.3660164,55.48745486,55.59468257,55.65354706,55.58723352,55.42575973,55.26801809,55.13397185,55.00485475,54.85534984,54.67321289,54.445336,54.22737997,54.05009574,53.88686298,53.74276573,53.60319735,53.46622535,53.94814812,54.80906387,55.28807123,55.42851566,55.32303643,55.08812672,54.80983826,54.52101528,54.24035106,53.98065666,53.74974294,53.56919537,53.45694237,53.40796506,53.41355794,53.46530023,53.6030419,53.93869289,54.46641297,55.09457277,55.75768477,56.38439789,56.887352,57.26960255,57.58355823,57.84879164,58.07996668,58.28111531,58.39183209,58.42635736,58.44662603,58.4350929,58.40955814,58.39362652,58.39692959,58.44946431,58.57346257,58.62199044,58.64384335,58.75436987,58.89224048,59.02664521
Greece,GRC,Population ages 15-64 (% of total population),SP.POP.1564.TO.ZS,66.12830367,66.1152442,66.15179711,66.26055635,66.35993265,66.04792567,65.6321804,65.55709882,65.39092997,65.10988105,64.62936408,64.24377385,64.19838208,64.14044123,64.07775732,64.09477622,64.07411119,63.95997165,63.85037689,63.8983284,63.83296624,63.74833639,64.01919904,64.41946234,64.85976445,65.25576721,65.6069513,65.97900476,66.35186388,66.72623778,66.95723746,66.99548854,67.00906076,67.03710033,67.07400576,67.14597436,67.22585827,67.28532125,67.30628775,67.26433441,67.15192066,66.99829805,66.84436326,66.7494652,66.70058198,66.67650154,66.6821077,66.70147346,66.65381707,66.48304939,66.2088808,65.8451125,65.44031332,65.04824851,64.71565912,64.43612259,64.16361128,63.92364891,63.7348406,63.5769464,63.43627367,63.13834761,62.92357824,62.93018726,62.84082716
Grenada,GRD,Population ages 15-64 (% of total population),SP.POP.1564.TO.ZS,48.79940462,48.90308437,49.01634241,49.11055095,49.38216039,49.28696344,48.87053296,48.79315971,48.90418292,49.18460967,49.63064198,50.12367205,50.61198457,51.15567555,51.71675018,52.26851191,52.78777853,53.26049424,53.67506191,54.0077495,54.24538281,54.74631055,55.68452113,56.67259974,57.52476492,58.25711937,58.87509621,59.3723725,59.73135588,59.94521819,60.01830787,59.95704067,59.78159771,59.52169327,59.22045813,58.90833646,58.64185726,58.47654414,58.41437991,58.455686,58.59461522,59.19092113,60.21336753,61.23856581,62.22918429,63.15379393,63.99084755,64.72722502,65.36169023,65.90504611,66.35868299,66.67573765,66.89721524,67.10328055,67.31752408,67.5673201,67.72865456,67.83901315,67.96120701,68.03283282,68.11399249,68.20439207,68.25844859,68.28349604,68.31943348
Greenland,GRL,Population ages 15-64 (% of total population),SP.POP.1564.TO.ZS,54.07964616,53.68225753,53.33814403,52.93421346,52.48390868,51.98993685,51.95536317,52.44036476,52.96338285,53.47440923,53.98768283,54.69569892,55.68792585,56.83452488,58.14034799,59.62396917,61.33370975,63.01175761,64.48276902,65.83469763,67.16855749,68.51641906,69.73256199,70.72180422,71.41119337,71.76805548,71.83635873,71.67445246,71.33459247,70.90613278,70.35978465,69.76157788,69.21959356,68.71329035,68.23946188,67.9232443,67.80121074,67.74302801,67.73702348,67.81995208,68.00839731,68.27923632,68.59626802,68.91290752,69.21968492,69.52387642,69.82463851,70.09263499,70.29879459,70.45902887,70.6603432,70.87860367,71.03455564,71.13761435,71.18366475,71.17331001,71.12163536,71.02156195,70.8561085,70.58965124,70.282367,69.97136051,69.61806021,69.07774152,68.38796909
Guatemala,GTM,Population ages 15-64 (% of total population),SP.POP.1564.TO.ZS,51.14429635,51.03948664,50.99415138,51.02172979,51.10310746,51.18958377,51.27379746,51.37345642,51.48311052,51.57957429,51.65379508,51.68603749,51.68338119,51.65568603,51.67215693,51.73650956,51.79107322,51.82524385,51.82385704,51.80366234,51.75814513,51.68689509,51.54984482,51.40586625,51.34040762,51.31569477,51.29658481,51.26885369,51.2357979,51.21462528,51.22783144,51.25655649,51.30420368,51.37777147,51.45148696,51.5374,51.65439894,51.80382371,52.0026178,52.22528039,52.42104956,52.62871507,52.90938359,53.26905182,53.69107255,54.15363066,54.64536509,55.16119935,55.69887753,56.25463443,56.82200397,57.38883503,57.93834534,58.46648259,58.96672082,59.43592694,59.89611685,60.3424312,60.76069925,61.18068482,61.65020642,62.15686822,62.65607949,63.12751218,63.57353728
Guam,GUM,Population ages 15-64 (% of total population),SP.POP.1564.TO.ZS,58.12615515,57.49924625,57.31393244,57.46787403,57.81829279,58.21403233,58.5334628,58.73705716,58.85493656,58.91822764,58.96452215,59.11193646,59.42139302,59.86822323,60.41139061,60.98761319,61.49101477,61.89664853,62.27169464,62.55731095,62.74394977,62.95016917,63.25025278,63.65999063,64.19694565,64.82337159,65.39780805,65.84051102,66.13428514,66.22336607,66.01111031,65.64946641,65.35209303,65.12339216,64.96525606,64.84677234,64.74753482,64.68696301,64.64985887,64.60398385,64.5087933,64.38469096,64.30459292,64.29676988,64.39003843,64.58107085,64.83417152,65.1191708,65.38236377,65.56028958,65.66929796,65.74548315,65.76845497,65.72350444,65.60162189,65.40088354,65.12709039,64.78194385,64.3710486,63.90506032,63.4011273,62.89042937,62.37165516,61.86305039,61.41485424
Guyana,GUY,Population ages 15-64 (% of total population),SP.POP.1564.TO.ZS,49.75023852,49.44487167,49.12114238,48.87911499,48.72889977,48.68270648,48.74180312,48.89870469,49.14232642,49.45868983,49.77234385,50.06791438,50.37786639,50.7120919,51.08653606,51.49095846,51.9210957,52.36596657,52.82149609,53.2801255,53.70961056,54.25083408,54.93873851,55.63938749,56.33255438,56.99437572,57.60248041,58.13356663,58.57053814,58.90834785,59.15573345,59.34485152,59.499994,59.61980943,59.69637011,59.72764583,59.72175836,59.68577012,59.63294222,59.58719815,59.56922566,59.59913797,59.70383106,59.90507161,60.20745838,60.60126374,61.08299905,61.60772031,62.12920244,62.65486761,63.17742989,63.6643557,64.01137094,64.2139592,64.35054871,64.41535832,64.40983409,64.33530671,64.80783723,64.94685297,64.5321286,64.47806328,64.37453523,64.19720144,64.1045186
High income,HIC,Population ages 15-64 (% of total population),SP.POP.1564.TO.ZS,62.65770512,62.48768443,62.53725167,62.63998584,62.76972762,62.88329662,62.99283423,63.09440203,63.18951772,63.35033703,63.53276194,63.71676608,63.89249004,64.09067656,64.29943234,64.51496884,64.74501824,64.95390116,65.14526581,65.33166421,65.52645199,65.75939654,66.01913456,66.28318333,66.50337664,66.65937079,66.77824143,66.86347615,66.89683181,66.90640306,66.91463973,66.90886008,66.89489296,66.89439411,66.90819257,66.96633251,67.05770579,67.15354666,67.28793171,67.43785423,67.55668666,67.64982735,67.73193394,67.80419493,67.85886209,67.89829793,67.92820852,67.94981302,67.95033501,67.92208807,67.88787058,67.76995312,67.52308684,67.23964222,66.94193002,66.66170725,66.40078988,66.12175906,65.85262753,65.6077604,65.38208914,65.17855282,65.0412833,64.90010017,64.72734148
"Hong Kong SAR, China",HKG,Population ages 15-64 (% of total population),SP.POP.1564.TO.ZS,56.67687882,54.9775365,51.78138611,48.02127694,53.58884653,59.09372272,58.90621165,53.40112684,49.00726741,53.61368014,57.38900285,59.70387563,60.8272161,61.79462885,62.78293056,63.77495337,64.73205839,65.66902997,66.62021172,67.49067274,68.17951453,68.58849085,68.78538528,68.9414628,69.08324882,69.18679655,69.32368058,69.53717042,69.76005089,69.97484376,70.16807728,70.3426151,70.50775524,70.67272025,70.85798918,71.05215252,71.19928015,71.3137812,71.44947096,71.64305067,71.90849534,72.11019364,72.230134,72.42088079,72.7373559,73.14622914,73.56710849,73.89553953,74.14037811,74.3585379,74.57288953,74.6727744,74.48716932,74.09515806,73.60946966,73.07637459,72.5100177,71.87595682,71.22397513,70.56449981,69.89757532,69.16249983,68.40440857,67.65571847,66.82503003
Honduras,HND,Population ages 15-64 (% of total population),SP.POP.1564.TO.ZS,49.76002153,49.44257905,49.17808342,48.98539052,48.89092605,48.86842747,48.86528071,48.88181102,48.91796611,48.96678767,49.01939114,49.07267863,49.12273497,49.16835176,49.30968929,49.44903819,49.47970181,49.48696609,49.4868225,49.49541236,49.52286894,49.57343313,49.64571953,49.73497943,49.83669062,49.95388406,50.09146083,50.24385991,50.37058082,50.50117843,50.70072451,50.95527882,51.24061675,51.54507934,51.86288747,52.18860947,52.52014159,52.85852015,53.2317261,53.60719217,53.95204836,54.30924536,54.70311868,55.13280752,55.58770458,56.0728433,56.59410445,57.14416267,57.71327038,58.29350632,58.88145027,59.46870957,60.03973689,60.59247222,61.13234153,61.66530173,62.1810796,62.65978796,63.0886349,63.47089321,63.82548372,64.15406443,64.44698005,64.71112653,64.96107158
Heavily indebted poor countries (HIPC),HPC,Population ages 15-64 (% of total population),SP.POP.1564.TO.ZS,53.81237173,53.70203036,53.58671744,53.44658774,53.29131307,53.13724594,52.98616712,52.83965758,52.69697583,52.55616073,52.41158154,52.25815514,52.093777,51.9376339,51.81572998,51.71390316,51.60043779,51.48651245,51.40581888,51.33225266,51.24101257,51.1517792,51.09223968,51.07694822,51.06916638,51.05684399,51.04978098,51.04468473,51.03271094,51.01364214,51.00120457,51.02417519,51.06954059,51.09277199,51.17929844,51.24849823,51.17154065,51.08591293,51.09865052,51.15547064,51.21333319,51.27834857,51.34767453,51.4291754,51.51865616,51.60507161,51.68737466,51.78400439,51.91904206,52.07816096,52.24147245,52.42050737,52.60304746,52.79001569,52.99301753,53.20690017,53.44858352,53.71028104,53.95622632,54.18529836,54.4293369,54.69070842,54.95327267,55.21972624,55.47972164
Croatia,HRV,Population ages 15-64 (% of total population),SP.POP.1564.TO.ZS,65.72466635,65.70050814,65.7278801,65.84911388,66.01463839,66.18496468,66.36363543,66.56502137,66.81026781,67.09517147,67.37717872,67.55635176,67.60299438,67.58479972,67.53757703,67.47997713,67.42434516,67.36589646,67.30016004,67.26522755,67.37755676,67.68558175,68.08544011,68.43646056,68.59291528,68.56638198,68.52228601,68.52484933,68.54541335,68.57456828,68.60188347,68.577095,68.51948332,68.46326201,68.39452304,68.27866847,68.09780551,67.88921865,67.65961467,67.42432775,67.16685878,66.95387397,66.82484933,66.75894179,66.73482511,66.68382034,66.67625933,66.65963462,66.63156903,66.68961048,66.82890639,66.91002713,66.84331805,66.71378625,66.48716583,66.14626164,65.76357202,65.29375858,64.76508049,64.28278911,63.88205186,63.51929236,63.2143699,63.04607762,62.88902221
Haiti,HTI,Population ages 15-64 (% of total population),SP.POP.1564.TO.ZS,56.08468804,56.01238168,55.91345357,55.82810744,55.72320394,55.60055168,55.50328531,55.41690746,55.34039657,55.27488199,55.22359755,55.18120013,55.13265009,55.07678923,55.01829293,54.95350098,54.88417783,54.81449487,54.74982323,54.69741756,54.65167962,54.60610878,54.55983332,54.51281579,54.46459436,54.41337571,54.36604568,54.33039481,54.30599769,54.29680377,54.30649998,54.3403745,54.40950563,54.51475819,54.65040633,54.81043024,54.99383916,55.20296658,55.43778085,55.69705725,55.97589397,56.28406047,56.63124194,57.00873234,57.42019063,57.85623609,58.2863979,58.69798628,59.08705531,59.45130442,59.83967736,60.22278986,60.56448357,60.90588648,61.2428524,61.57506221,61.88588868,62.16618995,62.43317533,62.69723821,62.96479639,63.2427589,63.5267889,63.80964783,64.10614109
Hungary,HUN,Population ages 15-64 (% of total population),SP.POP.1564.TO.ZS,65.64504145,65.5963561,65.68596786,65.89739465,66.09868276,66.3161728,66.51398182,66.63687937,66.81776661,67.19475462,67.62161223,67.90268803,67.93900429,67.78061827,67.43083188,66.91038749,66.37532786,65.81215468,65.28937857,64.85957363,64.67014478,64.82864701,65.186659,65.67140849,65.97944149,65.98673685,65.89954732,65.81503479,65.78271258,65.97471476,66.36501796,66.71334635,67.01961071,67.29036379,67.49706019,67.63073116,67.75531232,67.88736289,67.97812347,68.09091239,68.25309443,68.45578551,68.61137418,68.71620264,68.82868186,68.91087918,68.97479916,68.98556684,68.9394226,68.85116731,68.8006623,68.73223936,68.53149,68.23523172,67.85032651,67.45285775,67.05021196,66.6846693,66.32424303,65.84745996,65.35166345,65.02971642,64.84185159,64.69545877,64.60542172
IBRD only,IBD,Population ages 15-64 (% of total population),SP.POP.1564.TO.ZS,56.38867719,56.3285044,56.17055784,55.82340957,55.55456861,55.45665502,55.43472274,55.534858,55.64291215,55.71306207,55.84355029,55.96572937,56.12539539,56.29056043,56.36257368,56.41611917,56.48246555,56.72386338,57.23699888,57.75550192,58.19034566,58.61162675,58.9705634,59.35249559,59.77472766,60.15683041,60.48722683,60.74867454,60.9816505,61.17409488,61.30704175,61.44895598,61.6156971,61.78659652,61.99085356,62.24537466,62.55218754,62.92276535,63.31769278,63.71653381,64.13061285,64.56554626,65.02561674,65.47491972,65.91812493,66.36824495,66.75238301,67.04701321,67.30114744,67.51911425,67.70253707,67.83646072,67.90421302,67.92949288,67.91682179,67.87420641,67.81242892,67.71640072,67.62861018,67.56523005,67.54137715,67.59370141,67.65845292,67.73494453,67.8788987
IDA & IBRD total,IBT,Population ages 15-64 (% of total population),SP.POP.1564.TO.ZS,56.07021567,55.98999712,55.82806064,55.50566522,55.24348158,55.12525332,55.07407114,55.12565414,55.18627485,55.21752986,55.30030561,55.3787529,55.48701694,55.60054116,55.64198214,55.6714498,55.71237099,55.89699219,56.30331384,56.71329638,57.05774855,57.38970609,57.66756468,57.96383415,58.29032264,58.58557062,58.84449384,59.05121109,59.23742718,59.39122935,59.49887723,59.61777001,59.75338985,59.88995371,60.06399598,60.28084765,60.53134692,60.835382,61.16823051,61.50639659,61.85528671,62.21532024,62.58429279,62.94173065,63.29732029,63.65725924,63.96435457,64.20416752,64.41044224,64.58516702,64.73356593,64.84421664,64.90277961,64.92662204,64.92389258,64.90443841,64.87852258,64.83003809,64.78703671,64.7632162,64.77211183,64.83933029,64.91742744,65.00807903,65.15102766
IDA total,IDA,Population ages 15-64 (% of total population),SP.POP.1564.TO.ZS,54.54533253,54.39072911,54.22177208,54.01840886,53.79143221,53.58371192,53.4013695,53.2348358,53.08454058,52.94493305,52.81626018,52.69912201,52.58108106,52.47572408,52.39867628,52.34102912,52.29087841,52.24907598,52.21733897,52.19414138,52.19052242,52.18146969,52.1598705,52.14514268,52.12310911,52.11393317,52.13574099,52.17611266,52.23042819,52.28932653,52.35937933,52.45489663,52.54813906,52.64052158,52.78733634,52.9512163,53.08346911,53.23359012,53.43206198,53.64486056,53.85863165,54.05704054,54.21913897,54.37469084,54.54624923,54.72083369,54.89634897,55.0870031,55.26545056,55.42544825,55.58557068,55.74066538,55.87544085,55.98331402,56.1018508,56.24624263,56.42417414,56.61352598,56.80368429,57.00125392,57.21683057,57.44555909,57.67981585,57.92373501,58.17317738
IDA blend,IDB,Population ages 15-64 (% of total population),SP.POP.1564.TO.ZS,55.01414869,54.82788682,54.60320536,54.32108897,53.99786606,53.6973415,53.43655844,53.20367531,53.00155717,52.82962233,52.6881755,52.56186763,52.45243678,52.36969132,52.30670432,52.26356264,52.22532376,52.19397108,52.16759988,52.16448584,52.26095707,52.34887575,52.32470857,52.23797022,52.11702405,52.02073715,51.9660037,51.92861337,51.91171639,51.91781636,51.96728438,52.03316896,52.03570495,52.06032804,52.16170536,52.30392437,52.49778595,52.72684897,52.98209581,53.23319687,53.48236876,53.72952396,53.93203817,54.1241002,54.34835592,54.57470724,54.78460674,55.00152643,55.20760435,55.38375473,55.53201177,55.64484616,55.72241675,55.78342991,55.85136089,55.93098282,56.03972765,56.19437309,56.38555969,56.59486952,56.84413234,57.1291911,57.41065187,57.69481135,58.02309959
Indonesia,IDN,Population ages 15-64 (% of total population),SP.POP.1564.TO.ZS,57.79695404,57.46440056,57.08858072,56.67057523,56.20491162,55.71535371,55.26218312,54.87876042,54.5909929,54.39563658,54.27461339,54.22320701,54.22992562,54.28229236,54.38951289,54.54671671,54.73734229,54.96183773,55.20931134,55.4784683,55.78258345,56.12642105,56.49488141,56.87733056,57.28138386,57.72210013,58.19981223,58.68728647,59.16638616,59.62586481,60.08105347,60.53331143,60.97545784,61.42271054,61.866264,62.29286225,62.69521793,63.08072252,63.46106851,63.83900446,64.18448513,64.46907069,64.71839525,64.9657467,65.20860117,65.41010644,65.58038902,65.73274023,65.87771866,66.03658149,66.19627448,66.34594391,66.49154462,66.64715484,66.80741624,66.95248981,67.07779804,67.19828662,67.31410022,67.42236737,67.55767129,67.73783598,67.90126677,68.01682022,68.11360175
IDA only,IDX,Population ages 15-64 (% of total population),SP.POP.1564.TO.ZS,54.33000579,54.1897763,54.04625345,53.87893902,53.69618643,53.53121848,53.38509193,53.2492635,53.12299346,52.99843342,52.87582051,52.76317986,52.64133451,52.52550114,52.44196935,52.37765909,52.32204843,52.2754451,52.2412756,52.20849527,52.15601402,52.0983071,52.07730436,52.09844862,52.12618106,52.16122544,52.22237904,52.30317235,52.39502015,52.48225565,52.56427543,52.67660532,52.81817404,52.94630686,53.11729238,53.29302812,53.39326112,53.50211079,53.67096501,53.86378477,54.05923145,54.23220923,54.37285639,54.50896317,54.65250336,54.79943423,54.9565383,55.13317592,55.29681178,55.44813088,55.61480344,55.79307066,55.9591873,56.09279021,56.23901478,56.41869586,56.6339501,56.8416269,57.03061182,57.22107752,57.41780027,57.6157443,57.82427679,58.04620405,58.25318843
Isle of Man,IMN,Population ages 15-64 (% of total population),SP.POP.1564.TO.ZS,62.44884178,62.20098656,62.24634407,62.22355598,62.05037783,61.81934338,61.65403904,61.50248352,61.24445789,60.88009838,60.44087198,60.02534248,59.6820444,59.37585828,59.12223002,59.00782201,59.03045267,59.14011678,59.33395835,59.58269422,59.91634934,60.24908663,60.56054973,60.95187257,61.25247954,61.45246192,61.76550146,62.18472022,62.61125816,62.96503909,63.2247954,63.3647765,63.4104913,63.46339981,63.59810589,63.828255,64.09035706,64.34596552,64.58797327,64.83042632,65.1330311,65.3603745,65.43276977,65.50244077,65.63102853,65.82112921,65.97753257,66.03242284,66.01344638,65.91611958,65.76252191,65.43359109,64.91234311,64.42243126,64.03313765,63.65604776,63.35513862,63.18338935,63.06745977,63.0070334,62.99523574,63.00004161,62.91898445,62.76384029,62.6237962
India,IND,Population ages 15-64 (% of total population),SP.POP.1564.TO.ZS,56.11788202,55.7890578,55.44420028,55.09101851,54.85903627,54.77923094,54.75757744,54.79361089,54.84181003,54.88122007,54.98034532,55.07452044,55.15512364,55.24903197,55.3502381,55.48950009,55.63687268,55.79728364,55.95713686,56.11437374,56.25508503,56.35571282,56.45047465,56.55102861,56.64511736,56.73276899,56.82474516,56.93210685,57.06662783,57.2258216,57.40190507,57.59059212,57.78962753,57.99789268,58.21832065,58.46813911,58.75133933,59.05164806,59.36751037,59.70052355,60.03632928,60.3721236,60.70347262,61.03662641,61.39387273,61.76340537,62.14944885,62.54766739,62.93748302,63.3246172,63.7171854,64.10762847,64.49113221,64.87699683,65.25621489,65.61778571,65.97311608,66.32742252,66.65298502,66.94420334,67.23777292,67.54904789,67.81329636,68.02109447,68.22958015
Not classified,INX,Population ages 15-64 (% of total population),SP.POP.1564.TO.ZS,,,,,,,,,,,,,,,,,,,,,,,,,,,,,,,,,,,,,,,,,,,,,,,,,,,,,,,,,,,,,,,,,
Ireland,IRL,Population ages 15-64 (% of total population),SP.POP.1564.TO.ZS,57.88977184,57.76781012,57.87484034,57.94791761,57.8973434,57.72706113,57.63017037,57.69284647,57.76348628,57.78747106,57.73186599,57.71476624,57.84185058,57.98857132,58.08826288,58.17780061,58.2793528,58.39244898,58.54148,58.71517604,58.86216765,59.0030551,59.17603788,59.38103404,59.61934377,59.91563093,60.23203861,60.51120776,60.76066592,61.06728703,61.50944588,62.0181028,62.53606586,63.09769354,63.71846186,64.40028061,65.06437115,65.65492809,66.16992361,66.61756291,67.03061207,67.43560219,67.7684645,67.95592716,68.11539758,68.38053669,68.7427021,68.92207898,68.70120026,68.17688749,67.53340586,66.92662737,66.42887639,66.05106097,65.76937827,65.57177085,65.45468679,65.38443188,65.3471982,65.34359746,65.33659642,65.34034361,65.38227722,65.44125712,65.55243631
"Iran, Islamic Rep.",IRN,Population ages 15-64 (% of total population),SP.POP.1564.TO.ZS,52.35302882,51.88374275,51.53357561,51.27310762,51.22400456,51.36668451,51.50315127,51.60083681,51.6871876,51.78881136,51.94215412,52.15531896,52.43674817,52.78340067,53.14839439,53.48390362,53.69025031,53.78106733,53.80535315,53.72305405,53.56551867,53.95725822,54.28228504,54.03221323,53.74147817,53.45763081,53.23773285,53.04691455,52.83144535,52.65506401,52.66278146,52.82195011,53.0049661,52.96879161,53.27898552,54.27496063,55.51516155,57.01962588,58.72745165,60.48793765,62.24740852,63.96222099,65.42913954,66.74258834,67.99179735,69.06460121,69.94536463,70.60319408,71.04367591,71.29670442,71.39646213,71.38341001,71.29233761,71.11834256,70.81694226,70.4023483,69.98221489,69.60370144,69.28164482,69.07093688,68.99648421,69.04442418,69.14976157,69.24513336,69.32041539
Iraq,IRQ,Population ages 15-64 (% of total population),SP.POP.1564.TO.ZS,56.84993503,56.6005699,56.00236044,55.27510822,54.63460707,54.01154126,53.46937999,53.06847044,52.76589206,52.46600256,52.04694148,51.53760108,50.86207901,50.03790802,49.34130258,48.76679924,48.34019288,48.25799855,48.40915397,48.58655593,48.7592234,48.90505803,49.05103452,49.22684661,49.43681826,49.67781601,49.94617132,50.22896095,50.50672819,50.79997645,51.10541766,51.38331594,51.63020068,51.85614489,52.06490559,52.27333824,52.47994408,52.67776586,52.86471686,53.05189929,53.24374256,53.44229796,53.65274288,53.87496916,54.11219358,54.38107544,54.66538736,54.9495895,55.23926993,55.52013151,55.7583908,55.91999372,56.05115965,56.19254487,56.35953419,56.57844006,56.83718613,57.12330266,57.43609912,57.77169717,58.14492714,58.55672317,59.01534678,59.51190007,60.0042635
Iceland,ISL,Population ages 15-64 (% of total population),SP.POP.1564.TO.ZS,57.05782337,56.88068269,56.81552695,56.83462344,56.91042502,57.04949229,57.24631383,57.47825518,57.8008377,58.1754574,58.56728213,59.00160312,59.4363861,59.81952204,60.2528041,60.77269892,61.18556701,61.56067149,61.98920258,62.34097876,62.62149646,62.93724932,63.20909835,63.35511587,63.4983497,63.6544022,63.77968945,64.01509836,64.31075597,64.4317492,64.4153928,64.45142197,64.38860907,64.24035275,64.2479802,64.34824866,64.46832243,64.63072189,64.84623958,65.03146536,65.14202929,65.21816157,65.305608,65.4912726,65.75897128,66.21467518,66.8433298,67.35204981,67.53140408,67.2989404,66.93513914,66.71586184,66.52370882,66.33918468,66.1933514,66.12781631,66.1907153,66.42302089,66.70024996,66.82806602,66.70789986,66.50753334,66.51067225,66.59566645,66.59176325
Israel,ISR,Population ages 15-64 (% of total population),SP.POP.1564.TO.ZS,59.73467898,59.88490889,59.79817841,59.67564557,59.64849867,59.68707899,59.7682875,59.87784092,60.00300514,60.1284531,60.24326497,60.34323044,60.3387477,60.15402249,59.87173999,59.55314942,59.2165801,58.88847569,58.61216823,58.40151293,58.28500147,58.29324181,58.34945227,58.41787723,58.50183515,58.56588912,58.69010107,58.85561262,58.9922504,59.16881395,59.4940725,59.92079942,60.24450511,60.43710781,60.60370163,60.74387199,60.93645091,61.19314659,61.44117413,61.72022898,61.97116585,62.13670423,62.19578834,62.17477956,62.16218606,62.19038924,62.23604465,62.29365935,62.34177025,62.29803211,62.13055262,61.86200751,61.51942738,61.21967967,60.98363732,60.73917269,60.48676825,60.25861787,60.0955586,59.99003866,59.91266737,59.85836624,59.89343141,59.96967583,60.03804615
Italy,ITA,Population ages 15-64 (% of total population),SP.POP.1564.TO.ZS,65.48302312,65.39167489,65.46831984,65.5655265,65.53907438,65.39637576,65.20130456,64.95785384,64.72160771,64.4894575,64.25979147,64.05901847,63.87904855,63.72160183,63.59153212,63.54180638,63.58086122,63.66927188,63.81670036,64.07301454,64.523557,65.10687197,65.73756877,66.45050542,67.12861709,67.52472701,67.7806148,68.0194919,68.20560581,68.39830296,68.57173559,68.90714209,69.08617725,68.95853595,68.53066079,68.3638811,68.45569935,68.23394831,68.01797292,67.77647241,67.50852309,67.24609649,66.95798648,66.72764868,66.5171341,66.24713923,65.97980871,65.83151606,65.76910921,65.64800615,65.50498882,65.30521086,65.03185655,64.75158464,64.47457376,64.26460821,64.13554938,64.04919577,63.97629208,63.8719352,63.79479139,63.72334706,63.68102968,63.63678167,63.48291868
Jamaica,JAM,Population ages 15-64 (% of total population),SP.POP.1564.TO.ZS,54.58612108,53.92187887,53.27326021,52.60817437,51.86306119,51.14323375,50.535383,49.97366048,49.49245146,49.16086608,49.00904911,49.03267456,49.21928936,49.52765358,49.89716991,50.32486685,50.78606145,51.23995639,51.71264003,52.2315552,52.77360138,53.31575596,53.85193035,54.33701504,54.75239804,55.13527566,55.50186517,55.85349554,56.22663621,56.60478611,56.94811118,57.26392345,57.51913329,57.7398894,57.99103555,58.28503124,58.62960927,59.03650846,59.52181469,60.08481366,60.69893083,61.32482321,61.93761464,62.53538797,63.11465165,63.69813092,64.32372844,64.99851408,65.69422643,66.38557981,67.06779077,67.74062319,68.40096955,69.03549142,69.64938511,70.1916016,70.64964599,71.09219222,71.52557669,71.92396692,72.29373672,72.64007606,72.88304151,73.00370521,73.08800972
Jordan,JOR,Population ages 15-64 (% of total population),SP.POP.1564.TO.ZS,49.75435604,49.29681185,48.85426629,48.45051457,48.06402415,47.70426412,47.40573653,47.15387163,46.93402834,46.75271426,46.61795609,46.52846604,46.48187242,46.47839203,46.51981152,46.61065635,46.76151511,46.96662014,47.21141892,47.4842633,47.76716268,48.06238785,48.38036916,48.71792244,49.06354344,49.40753416,49.75163121,50.1047698,50.46928647,50.84654202,52.67604809,54.58520805,55.41760923,56.17067725,56.74262497,57.07069049,57.17340157,57.14682187,57.11916142,57.15568505,57.25482094,57.41349079,57.6085682,57.82975754,58.11231317,58.44130299,58.83241375,59.26096349,59.69114429,60.11675564,60.55073538,60.96987951,61.35073518,61.61106953,61.70541557,61.87219669,62.12789128,62.36793579,62.64090823,62.9404778,63.25940713,63.60216046,64.00484495,64.45146775,64.80839922
Japan,JPN,Population ages 15-64 (% of total population),SP.POP.1564.TO.ZS,64.42378403,65.01305651,66.05143783,67.11283066,67.98176443,68.58370737,69.14579351,69.52065146,69.63768576,69.67978279,69.67931262,69.54295056,69.20562587,68.83151143,68.50555899,68.23346446,67.99241814,67.77941384,67.60598319,67.49983126,67.49799102,67.41327162,67.39876148,67.59767582,67.76449861,67.9765028,68.32359035,68.72317361,69.14790764,69.53764859,69.81976979,69.96132182,69.98473373,69.95633281,69.86410239,69.70262228,69.46757508,69.17176684,68.86566378,68.54988043,68.17767331,67.74799091,67.32445005,66.95758363,66.53658804,65.96573529,65.35321824,64.77933374,64.21411126,63.78092474,63.53104559,63.05776392,62.29122864,61.4978528,60.80308539,60.23262029,59.76472262,59.41434595,59.16356175,59.00467021,58.8610728,58.73473848,58.73841652,58.7888993,58.783128
Kazakhstan,KAZ,Population ages 15-64 (% of total population),SP.POP.1564.TO.ZS,57.51851992,56.85054877,56.66558322,56.6787719,56.85755403,57.16875826,57.54123963,57.92616356,58.33433649,58.74888905,59.15270781,59.57389754,60.02404454,60.49592291,60.96744597,61.42634294,61.6341273,61.60549534,61.60974305,60.6472052,59.84342915,60.14467456,60.41170959,60.64004388,60.81063094,60.92864119,61.21527157,61.6963688,62.17665355,62.46317221,62.54541747,62.59795933,62.6406751,62.6899264,62.77252368,62.94887086,63.25836331,63.71039335,64.2968521,64.98531351,65.67034506,66.27375277,66.79344963,67.20751747,67.50193586,67.7101335,67.86240418,67.97554919,68.05699927,68.13345021,68.12383497,67.89240773,67.44606499,66.87577058,66.23406339,65.56484569,64.92162661,64.34393844,63.88814627,63.50594014,63.14067665,62.74122813,62.38805808,62.15274649,61.97348549
Kenya,KEN,Population ages 15-64 (% of total population),SP.POP.1564.TO.ZS,48.07636005,47.88878798,47.71143885,47.56077646,47.46908841,47.25531061,46.91237208,46.63720849,46.43950404,46.30149195,46.19871426,46.07248477,45.95792803,45.90859714,45.88943157,45.88116621,45.87312252,45.92701939,46.05328246,46.2065541,46.41003545,46.62716925,46.83672286,47.07668199,47.3246178,47.55581485,47.76427789,47.9527053,48.15600318,48.38649291,48.64661483,48.90301904,49.16713591,49.45855205,49.77313221,50.08379054,50.37719684,50.67771627,50.97665013,51.31479633,51.69467044,52.0976705,52.48536013,52.83765949,53.17460833,53.46202158,53.69494013,53.86996326,54.0128683,54.15027475,54.28289218,54.4379123,54.64165361,54.90681759,55.2115563,55.55789854,55.97961823,56.44602802,56.90339958,57.3842177,57.9266088,58.49392828,59.06483449,59.63956163,60.19777331
Kyrgyz Republic,KGZ,Population ages 15-64 (% of total population),SP.POP.1564.TO.ZS,55.14515065,54.50295063,54.10762246,53.81353623,53.58872753,53.59032327,53.7663845,53.95630625,54.17017783,54.38270765,54.56139669,54.69494513,54.82618786,55.01833664,55.26696191,55.55090588,55.84288389,56.14267409,56.46007851,56.7817004,57.10823815,57.41038369,57.66222491,57.86605513,58.03868075,58.1508737,58.1591129,58.07254627,57.9015821,57.75558928,57.62560675,57.46581729,57.28572017,56.79900355,56.37953749,56.48607248,56.87320499,57.42729441,58.12522967,58.8286729,59.45279594,60.08802719,60.74249832,61.35599699,61.9191642,62.46019123,63.0323983,63.66795976,64.37573134,65.00652324,65.29897835,65.18662409,64.74985864,64.23673512,63.73202571,63.23104986,62.86780231,62.70053477,62.51874882,62.21701916,61.97628366,61.88186797,61.87854633,61.90129222,61.97649488
Cambodia,KHM,Population ages 15-64 (% of total population),SP.POP.1564.TO.ZS,53.5614675,53.4503447,53.33871985,53.21836129,53.13822146,53.11281684,53.10285924,53.10916589,53.13375,53.17701697,52.66012043,51.9383224,51.73465292,51.73552666,51.91283222,52.0027514,52.1366209,52.65358402,53.01270566,53.82673113,54.28974021,54.05014537,54.11931944,54.31468668,54.38558373,54.27876429,54.30508617,54.35100344,54.12797552,53.74247558,53.28320193,52.55238183,52.0820598,51.86103354,51.2793017,50.94345489,51.26187713,52.00762563,52.8588391,53.70615498,54.63553323,55.57091197,56.47042712,57.34469658,58.21858141,59.06917688,59.9501944,60.85329766,61.6741,62.33754249,62.84728089,63.23023526,63.45086483,63.53532738,63.54388321,63.50162535,63.43820711,63.38713297,63.37986957,63.40327197,63.48346132,63.62399923,63.77862951,63.9282564,64.04315021
Kiribati,KIR,Population ages 15-64 (% of total population),SP.POP.1564.TO.ZS,51.99071178,51.83039133,51.71836047,51.69270449,51.76240209,51.85819345,51.66559486,51.18099498,50.71404131,50.59971611,50.77725613,50.92409466,51.09321155,51.37734593,51.83887487,52.41034975,52.9767645,53.5185093,54.08965247,54.71776505,55.35876365,55.97498451,56.51233883,56.93169599,57.20056725,57.28045837,57.21317377,57.06377944,56.86474908,56.63488157,56.40876634,56.12866898,55.80456328,55.53899621,55.39608353,55.34840493,55.37474659,55.51680086,55.73825993,56.05272823,56.44995655,56.85037278,57.26393826,57.71436156,58.13684829,58.51655778,58.87819632,59.18750245,59.41951114,59.61002001,59.78804828,60.0311801,60.34296961,60.64907742,60.9300551,61.14925309,61.24259356,61.20790359,61.09384151,60.97094508,60.88985638,60.87655889,60.90473946,60.95276182,61.06952229
St. Kitts and Nevis,KNA,Population ages 15-64 (% of total population),SP.POP.1564.TO.ZS,49.34778713,49.17093623,48.96484608,48.68781752,48.33447999,47.900351,47.36414922,46.74361427,46.09425436,45.52491745,45.75566341,46.91670814,48.20475552,49.36815597,50.39668023,51.25612007,51.95598179,52.50072075,52.89585117,53.20916506,53.65577596,54.3222165,54.97037525,55.45778807,55.79037352,56.00544484,56.1709336,56.27962658,56.2996968,56.25644045,56.16590819,56.38039546,57.09759422,57.98891893,58.85605544,59.67844824,60.45082445,61.16330478,61.82169441,62.41003565,62.93496878,63.54716404,64.33980509,65.18358906,65.98689395,66.73988414,67.38353179,67.88065645,68.27372691,68.68052817,69.27091672,69.89367715,70.3952544,70.88848287,71.37017138,71.74940271,71.94765744,71.98329455,71.90082645,71.72720786,71.49882654,71.31706691,71.18466265,70.9686043,70.58471917
"Korea, Rep.",KOR,Population ages 15-64 (% of total population),SP.POP.1564.TO.ZS,55.56100381,55.07886638,54.53265389,54.01518678,53.62153708,53.38252231,53.27259665,53.37600401,53.62148836,53.96971239,54.49452906,55.02882037,55.53836035,56.17408751,56.94528401,57.86503931,58.87600923,59.82937569,60.71310408,61.47085754,62.1417171,62.75093541,63.28017769,63.88949825,64.67569129,65.56161209,66.44788046,67.28996132,68.03870454,68.698609,69.28808589,69.76334718,70.13176065,70.43082503,70.72568148,71.09976629,71.49174901,71.78881795,71.97278702,72.02542826,71.92885227,71.79655207,71.71329962,71.66954786,71.67127259,71.75476771,71.88299068,72.03086086,72.23584845,72.44599176,72.61958117,72.8572204,73.10856436,73.24167186,73.27508228,73.2814792,73.28151192,73.1104703,72.83340796,72.5261053,72.06317447,71.54037017,71.10109462,70.69415933,70.15836005
Kuwait,KWT,Population ages 15-64 (% of total population),SP.POP.1564.TO.ZS,60.29962065,59.97363739,59.49388953,58.93150243,58.44494303,58.03190678,57.40334044,56.57040642,55.81232356,55.13698333,54.54719607,54.33539943,54.48705795,54.70204935,54.97160869,55.33310465,56.04742976,57.00960952,57.89890317,58.67941633,59.29955302,59.90504135,60.55457493,61.17257655,61.58959184,61.95145604,62.07394602,61.90162711,61.83840175,61.8748812,62.15067083,62.83442671,63.23729947,64.09162088,64.93020444,65.27969156,65.68113272,66.34302614,67.17113032,68.10133737,69.0821754,70.06650245,71.01419023,71.90445812,72.74195003,73.3992001,73.82394253,74.17253532,74.52199679,74.88950035,75.18836817,75.65883649,75.9889872,75.93838037,75.84669889,75.78393169,75.75252168,75.6988166,75.68014664,75.61880184,75.38458969,76.48817294,78.0375162,78.44439762,78.6763522
Latin America & Caribbean (excluding high income),LAC,Population ages 15-64 (% of total population),SP.POP.1564.TO.ZS,53.55113728,53.38576677,53.24732446,53.14704996,53.09838129,53.09060935,53.11242062,53.17028336,53.26090666,53.3786364,53.52007187,53.67770369,53.85164586,54.04527109,54.26067001,54.49536584,54.74134589,55.00202013,55.27819236,55.56488984,55.8567049,56.1659784,56.47848116,56.7735532,57.0621492,57.34737147,57.62988214,57.91574485,58.20551301,58.49620471,58.80730478,59.13519398,59.46724479,59.79850124,60.12464889,60.45458225,60.79314772,61.14138963,61.49664138,61.85291645,62.20489116,62.55373911,62.90007009,63.2455519,63.59006348,63.93015421,64.26543952,64.59637012,64.92165943,65.23496974,65.53326917,65.8095122,66.05875446,66.28839636,66.49150362,66.66940039,66.84045661,67.00316503,67.14471067,67.26707192,67.40117449,67.5453963,67.65805774,67.73077329,67.78158056
Lao PDR,LAO,Population ages 15-64 (% of total population),SP.POP.1564.TO.ZS,55.54982327,55.42969372,55.33626483,55.23069509,55.03589163,54.89749493,54.86777609,54.82374388,54.76881467,54.70383309,54.62658379,54.54387215,54.45692911,54.35798956,54.22901726,54.03578048,53.76691361,53.44906775,53.13070221,52.86115106,52.6686648,52.55587152,52.50564778,52.48827203,52.48355241,52.49495018,52.52458949,52.56388196,52.6045149,52.64300764,52.67028529,52.67739806,52.66640736,52.642805,52.63068647,52.66207369,52.74700915,52.84351559,52.96181634,53.14451463,53.40815702,53.74957303,54.15010475,54.60049193,55.08616911,55.68038493,56.51609035,57.47695784,58.38029107,59.20199364,59.92683521,60.56712813,61.13890858,61.6652382,62.16915381,62.63511528,63.03785642,63.37044522,63.64998397,63.90170519,64.1514211,64.41148348,64.66598293,64.90686064,65.13580947
Lebanon,LBN,Population ages 15-64 (% of total population),SP.POP.1564.TO.ZS,51.78510326,51.23970047,50.78730766,50.46517919,50.27516046,50.35913637,50.67651246,51.0237657,51.39721352,51.79270402,52.20498685,52.63223622,53.07189602,53.51415796,53.95294827,54.33065355,54.71747524,55.16537718,55.60423661,56.05349688,56.49746686,56.92245264,57.34496131,57.72684359,58.03008427,58.29414378,58.53022945,58.7573173,58.97777763,59.12234885,59.20501216,59.33969535,59.57292459,59.87277809,60.2243972,60.63118335,61.07773879,61.5424234,62.02120833,62.50778739,62.98215929,63.44241306,63.91097667,64.41136946,64.95684432,65.52522296,66.06773979,66.56529975,67.01127137,67.38047786,67.64592699,67.82034138,67.93179458,67.98520363,67.99131809,67.41431284,66.28129942,65.20638045,64.20774184,63.31200253,62.92974139,63.09590484,63.30115379,63.45974295,63.67497442
Liberia,LBR,Population ages 15-64 (% of total population),SP.POP.1564.TO.ZS,56.05251854,56.00680644,55.88619084,55.67139531,55.39469869,55.1369684,54.91685562,54.71253859,54.52435704,54.34959307,54.20253007,54.07964486,53.96688858,53.8582175,53.74516866,53.62592188,53.49360345,53.37363301,53.27151557,53.16152373,53.05959173,52.96299475,52.86795316,52.82904789,52.83210602,52.82186563,52.79628297,52.78825625,52.83022762,52.91857206,52.88629098,52.81671316,52.91297329,53.03986867,53.20358328,53.3702078,53.50981739,53.62832155,53.71191632,53.78078371,53.83884145,53.88504604,53.90923398,53.90663505,53.87372357,53.80723108,53.71172084,53.60779406,53.6015866,53.63480219,53.65252569,54.07193749,54.37946135,54.30634182,54.31712487,54.41595766,54.55069047,54.67856841,54.84640605,55.07272855,55.40188798,55.81110915,56.2633554,56.72566749,57.16541266
Libya,LBY,Population ages 15-64 (% of total population),SP.POP.1564.TO.ZS,52.08849949,51.59463637,51.09238206,50.56279143,50.11418773,49.23071593,47.94283701,46.91061187,46.19493942,45.82874839,45.80531732,45.85145762,45.89239613,46.74626247,47.76376309,48.24435089,48.69528086,49.12055493,49.42972649,49.6521634,49.8899289,50.12016474,50.34962604,50.75742267,51.35896212,51.98106057,52.61164332,53.26128358,53.94792218,54.70124939,55.52302637,56.40793685,57.36239406,58.38138027,59.439434,60.49602565,61.50034697,62.41684748,63.19613392,63.88887585,64.36011617,64.57079202,64.72330811,64.83772504,64.90174434,64.9260309,65.12016884,65.43800234,65.70420163,65.9230983,66.05753082,65.0988704,64.10799557,64.30277375,64.44015766,64.49620967,64.59408074,64.80176388,65.12086449,65.49196109,65.89073238,66.31838042,66.74112651,67.16068325,67.56837772
St. Lucia,LCA,Population ages 15-64 (% of total population),SP.POP.1564.TO.ZS,49.08111961,48.01878266,47.15517697,46.46590487,45.90902026,45.46452291,45.52448369,45.87028727,45.91931503,45.73393077,45.43374901,45.2088922,45.16518556,45.28456343,45.55147581,45.96342289,46.49232822,47.50053665,48.78662569,49.80302566,50.44094224,50.84718485,51.25176197,51.57044092,51.78842658,51.96560815,52.18151617,52.46514421,53.29350632,54.56496658,55.71663288,56.42882741,56.78379008,57.15061002,57.49365961,57.8524776,58.34621252,58.95562008,59.73693483,60.58729308,61.30718213,61.99430217,62.69541762,63.41934831,64.17781404,64.95818966,65.74061294,66.50860168,67.19962087,67.76477098,68.34263179,69.00192665,69.62016148,70.15432446,70.64979887,71.13367581,71.56895119,71.91451838,72.18035556,72.39525727,72.55715973,72.71372716,72.81534391,72.83172834,72.84630599
Latin America & Caribbean,LCN,Population ages 15-64 (% of total population),SP.POP.1564.TO.ZS,53.66893714,53.51331062,53.38550847,53.29398389,53.25111827,53.2480459,53.27474208,53.33782316,53.43512503,53.56187098,53.7167902,53.8925465,54.08586757,54.29836474,54.53023654,54.77863488,55.03594479,55.30513765,55.58758479,55.87820981,56.17290235,56.48283348,56.79371056,57.08632665,57.3703889,57.64878827,57.92194974,58.19550428,58.47069693,58.74550382,59.03828082,59.34625525,59.6591329,59.97317027,60.28470877,60.60144319,60.92750266,61.26417233,61.60904914,61.95666039,62.30159422,62.64468766,62.98699946,63.33011348,63.67331635,64.0106649,64.34232886,64.66742193,64.98403901,65.28688793,65.57568382,65.84358573,66.0833945,66.3022311,66.4944183,66.66116761,66.81830339,66.95686986,67.06420889,67.15438379,67.26779033,67.40328898,67.51667355,67.59512845,67.65274445
Least developed countries: UN classification,LDC,Population ages 15-64 (% of total population),SP.POP.1564.TO.ZS,54.56967978,54.44489015,54.30975231,54.13778658,53.94262525,53.76129523,53.59413078,53.43503855,53.28721085,53.14210765,52.99576425,52.85604124,52.70523485,52.56033567,52.44762301,52.35615195,52.27244302,52.19678618,52.1377577,52.08347494,52.00761956,51.92471456,51.88412786,51.89303799,51.91425873,51.94060834,51.98912012,52.05887781,52.14158677,52.21830897,52.29183289,52.39309779,52.51323743,52.61610213,52.76265297,52.91125907,52.97654786,53.04775405,53.18918296,53.35966917,53.52661381,53.6658381,53.77343628,53.88099095,53.99873069,54.12201095,54.24508701,54.37753863,54.52241093,54.67345525,54.83895006,55.02691624,55.22094811,55.41831918,55.62139391,55.83219128,56.05293401,56.25264768,56.42320747,56.58897833,56.76677075,56.94924223,57.14076054,57.34308435,57.53774858
Low income,LIC,Population ages 15-64 (% of total population),SP.POP.1564.TO.ZS,54.24240105,54.18098688,54.11124906,53.99258013,53.84287853,53.70344286,53.52795705,53.30858935,53.11093093,52.94269522,52.79136968,52.64058033,52.49185531,52.37665441,52.29635674,52.23153986,52.1651156,52.10774807,52.10504955,52.11509,52.08911531,52.0607766,52.08880967,52.13857452,52.15286079,52.15819825,52.16116696,52.17092726,52.18635831,52.16929695,52.12477074,52.09587057,52.08382356,52.0110936,52.01340978,52.04370411,51.92521703,51.8027492,51.80713408,51.87325224,51.92917939,51.99272168,52.04493809,52.09597859,52.16815471,52.24961348,52.35478466,52.49772815,52.60690715,52.68718162,52.78811828,52.89303839,52.95200693,52.94219026,52.93832172,53.00438021,53.16273014,53.37129686,53.60808575,53.8608047,54.09897968,54.32951265,54.57491727,54.85048246,55.11172372
Liechtenstein,LIE,Population ages 15-64 (% of total population),SP.POP.1564.TO.ZS,63.18183196,63.28776061,63.46610317,63.67514124,63.86508308,63.98602338,64.09315011,64.22471106,64.23395832,64.15236156,64.14027952,64.2284894,64.51062862,64.89038711,65.1967986,65.5307684,65.91978632,66.29122082,66.74880894,67.22286269,67.74945694,68.2304656,68.61337873,69.09194855,69.57917864,70.01499528,70.2873941,70.45462733,70.65458744,70.80996776,70.96495024,71.01115153,70.94050162,70.87669871,70.80650959,70.82621725,70.90111845,71.01476535,71.04884502,71.02545299,71.14124362,71.17868676,71.07209009,71.05549031,71.06736264,71.02809126,70.96681963,70.85107591,70.6420077,70.29425764,70.06125255,69.89757234,69.64244238,69.34299648,68.979482,68.66176471,68.28924631,67.88549689,67.47577272,67.07206035,66.76941729,66.42633951,65.96637587,65.49068135,65.01128668
Sri Lanka,LKA,Population ages 15-64 (% of total population),SP.POP.1564.TO.ZS,54.8135677,54.95335689,55.1623716,55.38583572,55.54207524,55.64844971,55.77690344,55.92398787,56.0818605,56.26410585,56.46030271,56.66885358,56.9152262,57.22523596,57.59178421,57.96287965,58.28882624,58.56862707,58.79875428,58.97658196,59.13006717,59.25407105,59.35736391,59.45922535,59.5528861,59.79407306,60.2349628,60.69748293,61.12636774,61.54011092,61.83002157,62.18241387,62.78219136,63.45049461,64.11349686,64.72497899,65.26279672,65.71661315,66.08540825,66.43793112,66.79326318,67.10515175,67.31974883,67.44590632,67.51848715,67.54119879,67.51881632,67.46366301,67.38102816,67.27678669,67.15323164,67.00638934,66.85117541,66.68068897,66.49209308,66.3165734,66.1761492,66.0772313,66.01099675,65.9700521,65.94683662,65.93836216,65.92726111,65.90001696,65.86577366
Lower middle income,LMC,Population ages 15-64 (% of total population),SP.POP.1564.TO.ZS,55.2345619,54.93805887,54.63747371,54.32541136,54.08928242,53.95995373,53.87352678,53.83281161,53.81757854,53.81089897,53.84445629,53.88277133,53.9226664,53.97816256,54.04611418,54.14340643,54.24705692,54.36111781,54.47732274,54.58627032,54.69431827,54.77796357,54.84311699,54.90817498,54.96599216,55.02548362,55.10223691,55.20259052,55.329268,55.47302597,55.63339228,55.81318322,55.99470197,56.20073695,56.43135342,56.68506231,56.96755026,57.27719909,57.61535844,57.96682894,58.31407448,58.64335423,58.94715288,59.24609078,59.56181263,59.88382123,60.20620415,60.52686461,60.83052083,61.1173938,61.3949171,61.65836894,61.90557009,62.14267675,62.36991224,62.58708453,62.80529111,63.01834775,63.21582152,63.4058342,63.61643254,63.85229459,64.07053385,64.2677107,64.47734999
Low & middle income,LMY,Population ages 15-64 (% of total population),SP.POP.1564.TO.ZS,55.49391849,55.44184668,55.26953003,54.9118527,54.60469701,54.45017267,54.37149457,54.40189023,54.44991291,54.46699794,54.53572885,54.60503906,54.71531508,54.83427435,54.87877641,54.91472121,54.96748056,55.18225139,55.64004669,56.10604357,56.50220503,56.87596185,57.18487496,57.5143061,57.8781367,58.20806933,58.49923488,58.73763066,58.95594046,59.13775345,59.26230989,59.40003025,59.55320042,59.70363885,59.88986717,60.11824934,60.38101772,60.69685793,61.03399544,61.37106982,61.72254395,62.08888244,62.46873706,62.84121375,63.21468101,63.59340107,63.91565983,64.16456469,64.37453722,64.55003224,64.70025189,64.81956322,64.89193097,64.92941452,64.94240783,64.94001682,64.93001766,64.89633243,64.86736763,64.85776471,64.87908742,64.95603542,65.04225757,65.14196876,65.29704641
Lesotho,LSO,Population ages 15-64 (% of total population),SP.POP.1564.TO.ZS,50.37318398,50.35060831,50.375057,50.51584794,50.8271876,50.99055778,50.92629919,51.0689209,51.45339992,51.91072032,52.41238236,52.93037796,53.44207783,53.92481569,54.34856963,54.68607544,54.85948723,54.81709997,54.63118954,54.38346208,54.1184078,53.86259218,53.62568645,53.41068539,53.22319095,53.06752706,53.31962298,53.49059816,53.2335579,53.04371801,52.94444481,52.93844343,53.01668282,53.17928923,53.4229787,53.72434614,54.04192873,54.41845996,54.8801606,55.37192744,55.86627264,56.3310748,56.77901056,57.20745761,57.5883415,57.91717783,58.25632852,58.59629641,58.85561472,59.05326059,59.22378999,59.35281322,59.44745618,59.4960428,59.47519553,59.47363682,59.54702871,59.70503134,59.92685026,60.14846528,60.36892259,60.6177776,60.91028846,61.24956305,61.62431054
Late-demographic dividend,LTE,Population ages 15-64 (% of total population),SP.POP.1564.TO.ZS,56.62927961,56.7779395,56.74589809,56.3680266,56.05862478,55.9822529,56.00534625,56.20012715,56.39463177,56.51341655,56.70201657,56.87186497,57.11049827,57.34758543,57.40976669,57.42012494,57.44943831,57.77791222,58.58455676,59.40793318,60.09033168,60.74005519,61.27037512,61.8610809,62.53960497,63.15024613,63.66428647,64.04333662,64.35785098,64.58522552,64.67398085,64.76800097,64.91850909,65.06522045,65.26114146,65.51808778,65.83669185,66.25273036,66.67874027,67.09272636,67.54638905,68.05760555,68.64047602,69.21148579,69.76457794,70.34087562,70.79352042,71.07757133,71.2972936,71.45618226,71.54983643,71.56084169,71.45873734,71.27406659,71.02162876,70.72191033,70.38910852,69.98137138,69.59337102,69.26670172,68.99167803,68.82965699,68.72159178,68.67252212,68.76409198
Lithuania,LTU,Population ages 15-64 (% of total population),SP.POP.1564.TO.ZS,64.95493382,64.59009347,64.30437322,64.06998857,63.91054317,63.74492983,63.543455,63.35561831,63.10323977,62.89810321,62.83121569,62.79294316,62.77263089,62.89565425,63.19074555,63.60939075,64.03416925,64.39590278,64.73313898,65.06041878,65.38290682,65.74490207,66.11968739,66.44357478,66.67231635,66.82901093,66.90432262,66.88577417,66.54744746,66.45567428,66.58168274,66.40804883,66.21019706,66.03132469,65.96226809,65.9235718,65.86776468,65.82606413,65.84684663,65.97771751,66.2053387,66.43048784,66.67609839,66.90172806,67.02334143,67.1144187,67.23870331,67.42206257,67.58779677,67.67569092,67.46801962,67.17777591,67.08455343,66.99362704,66.81151574,66.50620973,66.08210666,65.58681659,65.22227828,65.03269342,64.95040981,64.94299939,65.09026971,65.25667119,65.12753359
Luxembourg,LUX,Population ages 15-64 (% of total population),SP.POP.1564.TO.ZS,68.15318078,67.72116886,67.36132945,67.04284989,66.66855693,66.27778073,65.92529655,65.62340265,65.43424914,65.34841233,65.30212299,65.41514113,65.71065311,65.92664397,66.09011014,66.3153609,66.60648577,66.88490682,67.09800538,67.34542318,67.66436031,68.04312935,68.46182504,68.9460724,69.35398575,69.56357507,69.68679892,69.7598371,69.67287126,69.48161986,69.26355777,68.98404155,68.6706798,68.33106747,67.97784346,67.65806769,67.39870437,67.20075614,67.05410411,66.9390575,67.02412684,67.13978334,67.11463221,67.18835069,67.27602606,67.37303205,67.53615189,67.7138901,67.92882479,68.14104758,68.3512347,68.68260494,68.96840083,69.06056554,69.12799153,69.24268176,69.40588443,69.51066689,69.52800604,69.51059641,69.44038744,69.3493723,69.27871424,69.07388084,68.74639692
Latvia,LVA,Population ages 15-64 (% of total population),SP.POP.1564.TO.ZS,67.18760081,66.89822793,66.7626135,66.74613893,66.78289752,66.8043717,66.80697052,66.77665855,66.64884408,66.50669942,66.38779772,66.25465436,66.11825163,66.11208457,66.17572051,66.23098535,66.31997416,66.41350797,66.50551662,66.5475034,66.57302711,66.69232173,66.86332168,66.94330246,66.97196747,67.05244064,67.08745268,67.04787292,66.93514347,66.83440685,66.80780631,66.48474484,66.00539271,65.77329922,65.68187754,65.69058738,65.80922253,66.02168064,66.40745678,66.91957829,67.34311878,67.66893997,67.94660352,68.15191806,68.29673868,68.40250408,68.4155749,68.38151634,68.23263779,67.89757906,67.56821689,67.28370684,66.96112592,66.49750871,65.912151,65.35854029,64.81896949,64.31701632,63.96901205,63.65256498,63.32999934,63.14975124,63.06224193,62.9758563,62.85086877
"Macao SAR, China",MAC,Population ages 15-64 (% of total population),SP.POP.1564.TO.ZS,54.69129997,54.21755912,54.39838704,54.8991133,46.19419025,41.44264035,44.5025053,47.65996091,50.75697953,53.7112328,55.87607398,58.73779222,63.80751224,52.13023921,36.42874243,41.77292629,47.01882776,52.10936387,56.87777432,61.28266427,65.25231921,67.5149007,67.98656985,68.08390295,68.14919633,68.20454721,68.23267624,68.19570942,68.96743702,69.64219649,69.47408743,69.23130008,68.77959213,68.32255298,68.06866579,67.97397998,68.012805,68.2326312,68.65104893,69.26328145,70.08808417,71.11103623,72.27486437,73.52324791,74.82051016,76.06984511,77.18736149,78.18814017,79.05108876,79.73622478,80.28795028,80.55486791,80.28353269,79.67516948,79.00062919,78.31877964,77.68170686,77.01987999,76.21756845,75.26767058,74.3158243,73.55782385,72.98228951,72.42599398,71.82143442
St. Martin (French part),MAF,Population ages 15-64 (% of total population),SP.POP.1564.TO.ZS,49.67650865,49.46420429,49.31521979,49.21365144,49.36289237,49.95996797,50.80095923,51.62646199,51.914632,51.79788684,51.71159253,51.64191088,51.61114145,51.57280376,51.61005734,52.14549588,53.07729171,54.00620913,55.00798977,56.17636116,57.54102317,59.10214168,61.8864546,65.12407488,67.49799752,69.01522212,69.91674974,70.33755774,70.40928039,70.35496919,69.76740066,68.70540442,67.78020391,67.07306661,66.57260395,66.27926705,66.21098394,66.36315583,66.75885526,67.04970376,67.06560875,67.0394598,66.98360967,66.88532181,66.74806307,66.63522754,66.59645681,66.6614786,66.86272874,67.22005342,67.32960712,67.03400461,66.69796515,66.48449296,66.46907251,66.48157564,66.41829186,66.51374279,66.04465178,63.65254695,62.4756182,63.04696105,62.6902894,61.66566719,60.25680279
Morocco,MAR,Population ages 15-64 (% of total population),SP.POP.1564.TO.ZS,52.32781127,51.76546174,51.25948827,50.81052263,50.54687477,50.37482709,50.20156556,50.08293138,50.03388824,50.05379471,50.13246517,50.27056348,50.4367086,50.6240633,50.8602044,51.14199722,51.46824895,51.84488061,52.2477829,52.63851608,53.00381661,53.3449378,53.67035735,53.99182567,54.32046444,54.67034196,55.04431192,55.44031817,55.85967241,56.29884766,56.75505345,57.21168995,57.66985093,58.16041298,58.69848156,59.22718176,59.72766261,60.22435984,60.70847221,61.18166475,61.64176037,62.09564113,62.55501056,63.01942327,63.51235686,64.02390904,64.48528985,64.86880303,65.18903318,65.44698821,65.63308075,65.76306254,65.87728948,65.99195308,66.07975552,66.13071726,66.16241986,66.15698574,66.10848817,66.0482046,66.03034019,66.05425315,66.0858882,66.13906051,66.22843918
Monaco,MCO,Population ages 15-64 (% of total population),SP.POP.1564.TO.ZS,66.55585106,66.83713072,66.73687071,66.0531606,65.31858154,64.75447353,64.41494996,64.3765739,64.26590434,63.86009819,63.58833605,63.39999593,63.19483549,63.18602425,63.31015079,63.22621125,63.05006855,63.07686452,63.26887298,63.64227945,64.16443912,64.82431393,65.26132467,65.22773198,65.06206799,64.9472695,64.85864054,64.80846295,64.82765568,65.07055363,65.31119785,65.25331026,65.06402474,64.88574136,64.72406814,64.55123541,64.39890067,64.29161793,64.23646084,64.2851633,64.33160271,64.1415231,63.80334038,63.4882392,63.21597152,63.02235331,62.95094752,62.98390263,62.62250283,61.40405086,59.80369985,58.29196801,56.89550863,55.65210032,54.57955049,53.61155698,52.80475373,52.16704708,51.46706155,51.16770317,50.74046333,49.89617671,50.03788706,50.46397905,50.36110895
Moldova,MDA,Population ages 15-64 (% of total population),SP.POP.1564.TO.ZS,60.5473891,60.03434602,59.71350095,59.6449556,59.83643809,60.21471826,60.6924263,61.23643699,61.8141529,62.40193723,62.96762167,63.5076276,64.03245614,64.51503388,64.97709779,65.38936175,65.70613986,65.92679355,66.04216639,65.92537532,65.75357827,65.71402442,65.6633896,65.54409603,65.33086268,65.04279791,64.70782477,64.41580119,64.18009476,63.98748249,63.87478017,63.81321132,63.73493071,63.65469163,63.66075117,63.7854987,64.02665387,64.40450066,64.96287263,65.66302001,66.42036011,67.21744869,68.03935476,68.85736614,69.58423464,70.09791613,70.42653915,70.71130451,71.04628015,71.43666981,71.8248377,72.09691375,72.18297742,71.94949743,71.16534823,70.05893681,68.98369692,68.02353846,67.19721109,66.41911069,65.71645199,65.15631023,64.73727086,64.39306896,63.99976211
Madagascar,MDG,Population ages 15-64 (% of total population),SP.POP.1564.TO.ZS,51.44393624,50.88347043,50.38175482,49.9670916,49.81884042,49.89812026,49.99117467,50.06589276,50.11770011,50.14118583,50.13283118,50.09067724,50.02282527,49.94913247,49.88614099,49.83485017,49.78766316,49.74121407,49.69360646,49.64972855,49.62684179,49.6460156,49.70937741,49.81129568,49.94690194,50.11129197,50.31531574,50.54544818,50.7708126,50.98243712,51.17353796,51.34330139,51.50086094,51.64191163,51.75397849,51.82466175,51.84535231,51.82929866,51.79371303,51.76263176,51.76039931,51.76581974,51.77715696,51.82515728,51.92072623,52.07401794,52.27642578,52.50216514,52.74716895,53.0149827,53.31869878,53.67831581,54.08565171,54.51070201,54.90167962,55.24024989,55.54550254,55.81569722,56.04921795,56.25699116,56.45729049,56.65779857,56.86623965,57.09270431,57.3379907
Maldives,MDV,Population ages 15-64 (% of total population),SP.POP.1564.TO.ZS,58.92125738,58.61775611,58.13239807,57.46574087,56.58093422,55.31305835,53.98201951,53.11146164,52.67608303,52.39266164,52.14923084,51.97858858,51.91573514,51.97680665,52.01703861,51.89091773,51.72766742,51.68465741,51.63215579,51.5321776,51.48967149,51.52404406,51.66219724,51.91036577,52.13303076,52.00611035,51.55825131,51.10103754,50.76333254,50.53401213,50.32278588,50.14915779,50.10606054,50.23766355,50.55756672,51.08143807,51.80276504,52.66158027,53.64500545,54.76673684,56.04313192,57.41445596,58.76958054,60.08850184,61.39078505,62.66671888,64.14062724,65.82983799,67.41886545,68.77654153,69.89179361,70.78068049,71.46254828,71.97281479,72.37323418,72.77498283,73.22076299,73.66933821,74.09704322,74.49680254,74.88710334,75.30453634,75.53598362,75.60590045,75.76776386
"Middle East, North Africa, Afghanistan & Pakistan",MEA,Population ages 15-64 (% of total population),SP.POP.1564.TO.ZS,54.26199525,54.028297,53.79866382,53.55061055,53.3088953,53.09586825,52.90922105,52.75878941,52.6506573,52.58299544,52.54170845,52.52061524,52.51550268,52.53446356,52.57660494,52.60341698,52.60379142,52.64174615,52.71940344,52.80670316,52.93691144,53.14152254,53.27966668,53.29322422,53.25985826,53.23308173,53.2449855,53.2746957,53.31022004,53.35952514,53.47180722,53.65532414,53.7822766,53.8857444,54.09271941,54.4356288,54.85627637,55.34383814,55.89235945,56.46590728,57.05982616,57.66026707,58.19152794,58.7084726,59.26845042,59.81021108,60.33001524,60.84281661,61.23696692,61.49911591,61.67015617,61.78587242,61.83710454,61.82501577,61.7758092,61.75309024,61.74726226,61.72389641,61.70658707,61.75604873,61.87174479,62.01902023,62.27768185,62.53955115,62.80476161
Mexico,MEX,Population ages 15-64 (% of total population),SP.POP.1564.TO.ZS,50.42010312,50.2857051,50.17506044,50.09584328,50.02821025,49.93746189,49.84365024,49.76546842,49.69295739,49.62848693,49.57465965,49.5356237,49.52691985,49.55591061,49.62665179,49.74892256,49.92792006,50.16501161,50.45865759,50.8162681,51.24416952,51.81062975,52.46422395,53.08973001,53.68831324,54.25179017,54.78695307,55.31240874,55.82372492,56.32051741,56.86380685,57.43478051,57.94503187,58.37291438,58.74209589,59.08133485,59.40795781,59.73243568,60.04406999,60.35107359,60.66581762,60.97768042,61.28165902,61.58241716,61.90110726,62.25312987,62.62791457,63.01639789,63.40373811,63.77774861,64.13046569,64.4415301,64.69844767,64.92347624,65.14100337,65.37139881,65.61815323,65.86823025,66.10739725,66.31858504,66.52962542,66.75298441,66.94340917,67.09538207,67.24193709
Marshall Islands,MHL,Population ages 15-64 (% of total population),SP.POP.1564.TO.ZS,48.01224282,47.54583087,47.2040622,46.9435328,46.81204569,46.82660537,46.99467269,47.69230769,49.05598631,50.64892394,51.51797603,50.9490082,49.75513181,48.79174973,48.3021031,48.10446021,47.83871803,47.54259913,47.21706382,46.8971199,46.67175746,46.57213355,46.53781085,46.50541496,46.45516214,46.38586921,46.30911775,46.24644852,46.30443515,46.57573533,47.02099532,47.57886652,48.23389922,49.00357799,49.88839169,50.85620163,51.87698616,52.931444,53.99762657,54.94556936,55.72362518,56.45459436,57.16633122,57.81829449,58.37251286,58.76199283,58.92580661,58.88440473,58.73054007,58.52437114,58.28489629,58.19582912,58.40837045,58.7991555,59.25375532,59.73811744,60.18151711,60.5665284,60.94291708,61.33866588,61.74587007,61.70498223,61.2695561,60.91250934,60.88473421
Middle income,MIC,Population ages 15-64 (% of total population),SP.POP.1564.TO.ZS,55.56685533,55.51605688,55.33797014,54.96610801,54.64965513,54.49426752,54.42130958,54.46654627,54.52923528,54.55741628,54.63932789,54.72187868,54.84778497,54.98107322,55.03362509,55.07633028,55.13710583,55.36939852,55.85706476,56.35337402,56.77689049,57.17493078,57.50120837,57.84984299,58.2377469,58.59022316,58.90142288,59.15605012,59.38882891,59.58545392,59.72261048,59.87279617,60.04104805,60.21286427,60.4172119,60.66484527,60.96049429,61.31341341,61.68120151,62.04569777,62.42608396,62.82277392,63.23804399,63.64705118,64.05548045,64.47025853,64.82456448,65.09732402,65.33043728,65.52905249,65.69882817,65.83476697,65.9225741,65.97689907,66.0037845,66.00882331,65.99909104,65.95992908,65.92439246,65.90940055,65.92952778,66.01103211,66.10116977,66.20366165,66.36822258
North Macedonia,MKD,Population ages 15-64 (% of total population),SP.POP.1564.TO.ZS,57.34265978,57.37011067,57.57432761,57.96253537,58.43517109,58.8506882,59.28109242,59.75758487,60.23894762,60.74566771,61.25054681,61.65263288,61.97161981,62.2772809,62.61077804,62.92214228,63.1538807,63.33910373,63.59751618,63.92700219,64.29524407,64.71986261,65.06806242,65.31072578,65.5107395,65.65921034,65.77584095,65.86572928,65.9135153,65.95542332,66.00469693,66.09902558,66.19231369,66.18429488,66.04596556,65.94621357,66.02817416,66.17772974,66.32374969,66.53389236,66.82096631,67.10266316,67.34228849,67.55578307,67.81015638,68.11183236,68.38985886,68.58584073,68.74500805,68.90806239,69.04467696,69.14619871,69.14265039,68.959186,68.73906159,68.55008115,68.31225037,67.99611619,67.56267879,66.99913208,66.44194452,66.05361925,65.7535486,65.43042464,65.15250336
Mali,MLI,Population ages 15-64 (% of total population),SP.POP.1564.TO.ZS,57.00176768,56.93121825,56.87663925,56.79566749,56.64940119,56.5039265,56.36828578,56.20470426,56.01965386,55.81840762,55.60783192,55.3748904,55.12458423,54.86888077,54.59251979,54.28738204,53.94749459,53.5998029,53.25839012,52.9028616,52.54945064,52.2053675,51.87503948,51.57872078,51.28962027,50.96883301,50.60508526,50.22651916,49.88560953,49.62997799,49.47818513,49.37165491,49.29617454,49.27580677,49.31050935,49.39682822,49.50897824,49.64015857,49.81205309,50.0022022,50.1787069,50.35005412,50.4991923,50.60224888,50.64997208,50.62219103,50.54746952,50.45778654,50.34473931,50.21097256,50.0564151,49.8881007,49.62286296,49.41397906,49.37539631,49.37590565,49.42816896,49.53435269,49.6819286,49.89607305,50.19005739,50.51363012,50.82371805,51.13448317,51.47370077
Malta,MLT,Population ages 15-64 (% of total population),SP.POP.1564.TO.ZS,57.04627894,57.64511551,58.31746037,58.99401314,59.65734811,60.30855411,60.93891293,61.54786868,62.23571305,62.95523059,63.58497106,64.15423513,64.68462519,65.17675218,65.61916793,66.00185035,66.32054425,66.56666484,66.73371458,66.82415807,66.84408695,66.79975751,66.69383187,66.54632506,66.37721758,66.2012219,66.10969749,66.10413022,66.1084258,66.11146393,66.14289442,66.2208835,66.30673609,66.41451865,66.58666576,66.76487682,66.97327823,67.26609314,67.55160631,67.8072053,68.04736243,68.22829578,68.38295758,68.58814898,68.8514414,69.1530402,69.5135087,69.92795961,70.20197198,70.07529804,69.70428285,69.28256111,68.75112075,68.16613277,67.71415321,67.44239354,67.18917827,67.15693975,67.45298546,67.86348833,68.16741974,68.00171251,67.50414622,67.04812405,66.75719551
Myanmar,MMR,Population ages 15-64 (% of total population),SP.POP.1564.TO.ZS,56.60902329,56.24324407,55.89737975,55.56572209,55.35798805,55.2913843,55.26742178,55.27219814,55.30385014,55.35959459,55.43797165,55.53007736,55.63795538,55.72924809,55.80440749,55.89882248,56.00664219,56.14145965,56.30257721,56.46987575,56.65099663,56.83792445,56.9960275,57.16830679,57.38115438,57.6187311,57.89945769,58.22806572,58.59795802,58.97155622,59.32461838,59.6561641,59.97532817,60.30263193,60.64944257,61.01460175,61.39238083,61.80278511,62.26055445,62.74273058,63.20243424,63.59898826,63.92212989,64.19821836,64.482576,64.79498608,65.12241867,65.45409009,65.81842474,66.18256725,66.5104682,66.83684603,67.15759271,67.45819498,67.69706525,67.86748583,68.00944102,68.14015367,68.24432828,68.30765571,68.34643612,68.37724587,68.39474736,68.39512414,68.3950436
"Middle East, North Africa, Afghanistan & Pakistan (excluding high income)",MNA,Population ages 15-64 (% of total population),SP.POP.1564.TO.ZS,54.17410595,53.92969339,53.69226117,53.4395475,53.19251359,52.97350348,52.78246579,52.62696436,52.51528361,52.44237631,52.3949915,52.36589056,52.35169366,52.36188876,52.39772001,52.41799424,52.40701159,52.4316176,52.49803014,52.57511664,52.69869005,52.90317922,53.03921046,53.04430433,53.00324402,52.96975198,52.974766,52.99566504,53.02077809,53.05751123,53.16998549,53.34427685,53.44514938,53.52561698,53.71789819,54.05607039,54.47012051,54.94713818,55.48500138,56.04661403,56.63195282,57.22293331,57.73151033,58.21963417,58.75046579,59.25807893,59.72970904,60.17746745,60.50524906,60.7147265,60.86904021,60.93723529,60.92770474,60.85796471,60.76797864,60.69050696,60.64733487,60.63894634,60.67656212,60.7633982,60.89159528,61.07718365,61.29425034,61.52436376,61.77281043
Montenegro,MNE,Population ages 15-64 (% of total population),SP.POP.1564.TO.ZS,57.34310702,57.1917242,57.16686122,57.32611909,57.61157747,57.93162349,58.25972925,58.6719212,59.22467977,59.84349184,60.41023579,60.90521829,61.38361895,61.85768001,62.27199075,62.58617502,62.8423323,63.1269,63.48881287,63.90011252,64.31474642,64.76207751,65.22825302,65.63222415,65.95176652,66.17776817,66.32390979,66.42460298,66.48448584,66.48785658,66.43158629,66.3897883,66.39992844,66.41795322,66.44485123,66.48956811,66.55722753,66.65790626,66.78029398,66.89046285,66.97033319,67.00907426,67.00488271,66.94998654,66.84594247,66.76042899,66.77289228,66.89499249,67.0527278,67.21628619,67.45550663,67.67013731,67.69817218,67.59551644,67.34708585,66.97155911,66.62106517,66.27020699,65.85641325,65.3815437,64.9212498,64.60042676,64.38267462,64.20112319,64.04107578
Mongolia,MNG,Population ages 15-64 (% of total population),SP.POP.1564.TO.ZS,56.25038999,55.20841745,54.20783749,53.31995473,52.4697019,51.58492066,50.70891271,49.89805735,49.20410105,48.77945503,48.61189334,48.55688155,48.60277973,48.74649769,48.98580581,49.3064722,49.68445342,50.10590045,50.58693639,51.07344466,51.51758721,51.94323227,52.35121456,52.7365764,53.09055386,53.40412649,53.67233817,53.90151125,54.12218195,54.41312786,54.8137312,55.29263636,55.82390963,56.38603263,56.96096358,57.54225152,58.14233723,58.78898075,59.51966691,60.38676439,61.39502082,62.47829892,63.57808537,64.65210435,65.6534499,66.53296071,67.25324697,67.79568211,68.1495082,68.30128847,68.2617854,68.1901609,68.07626225,67.75706415,67.25834554,66.63001879,65.90815216,65.14120123,64.34506548,63.52077364,62.92784808,62.64431798,62.49888143,62.49892735,62.66905287
Northern Mariana Islands,MNP,Population ages 15-64 (% of total population),SP.POP.1564.TO.ZS,46.44308361,46.35908838,46.19860984,46.08129234,46.05309556,46.14897452,46.41914813,46.88096013,47.43026366,47.65480302,48.17600787,49.31014596,50.3857872,51.31659522,52.15804019,52.99369399,53.83967611,54.60995154,55.31618103,55.9909022,57.56716122,60.31121535,63.24608501,65.96619278,68.33124807,70.24869867,71.69496665,72.72536482,73.45950647,74.03609864,73.80801311,72.67136711,71.44295785,70.35352491,69.32056495,68.75862713,69.68272848,71.4944519,73.19888485,74.80979724,75.39151361,74.76115879,73.9320879,73.21711084,72.59319502,72.06354043,71.63679809,71.28569247,70.97174953,70.65729185,70.45626814,70.43472584,70.44464064,70.40638387,70.32685876,70.23304571,70.15441278,70.13821472,70.20294639,70.37648819,70.312237,69.84610145,69.27166978,68.68063709,68.245723
Mozambique,MOZ,Population ages 15-64 (% of total population),SP.POP.1564.TO.ZS,55.94266645,55.77594289,55.54556341,55.31615533,55.07612548,54.81089009,54.55674938,54.3269546,54.11741967,53.92936563,53.75477857,53.57992455,53.41688087,53.2713184,53.1340687,52.99475648,52.82328569,52.61387436,52.35728581,52.03573423,51.65154898,51.3172898,51.12169406,51.03016675,50.99037395,50.98375772,50.99439509,51.00528767,51.07877328,51.20094443,51.31281661,51.40808111,51.50600895,51.65620468,51.8695391,52.1049192,52.31676194,52.38999369,52.36597049,52.31733119,52.24169079,52.16980462,52.10879245,52.06325907,52.02260418,51.98731133,51.95667031,51.90786811,51.81471583,51.67931646,51.53943816,51.4582897,51.43757481,51.44353591,51.48902756,51.56517983,51.65097313,51.74849063,51.83352723,51.90432929,52.00450641,52.12997906,52.27357884,52.4783649,52.76716758
Mauritania,MRT,Population ages 15-64 (% of total population),SP.POP.1564.TO.ZS,55.85495528,55.84149219,55.79477085,55.68512581,55.43432486,55.02160253,54.54664905,54.08271014,53.64033829,53.22335479,52.83677303,52.4894108,52.18401085,51.92229018,51.70330962,51.5281877,51.39217227,51.26954867,51.16585398,51.10517617,51.08312684,51.09081062,51.12593043,51.18181368,51.25073132,51.33212875,51.42502005,51.52143812,51.61683932,51.56906184,51.526786,51.63013786,52.05507497,52.50245133,52.65965711,52.59096278,52.3166516,52.22058088,52.32377259,52.49154306,52.70328416,52.7753798,52.73412546,52.71039448,52.68761916,52.65747517,52.61919062,52.58272594,52.61205582,52.65416705,52.58983101,52.41827886,52.174572,52.07489666,52.13902719,52.2134687,52.30377204,52.4143771,52.55080763,52.71713147,52.92410151,53.16435525,53.4391759,53.7485902,54.06037321
Mauritius,MUS,Population ages 15-64 (% of total population),SP.POP.1564.TO.ZS,51.98329931,51.92475694,51.69327687,51.65360474,51.87047757,52.20301849,52.62050348,53.09420254,53.60489841,54.16213513,54.78071344,55.45902927,56.23389548,57.10034566,57.9556125,58.75202557,59.50961936,60.2356857,60.91492651,61.52533514,62.06063407,62.52453009,62.93351172,63.31278422,63.64565018,63.9033094,64.10298514,64.28709038,64.48600899,64.70168646,64.91108778,65.14354407,65.4288833,65.77139484,66.18013376,66.63953603,67.10430806,67.51929518,67.87434247,68.12681738,68.29985489,68.48811512,68.69868417,68.9478733,69.23842584,69.58260918,70.00487822,70.48475465,70.96164784,71.37525294,71.71717369,72.01059345,72.19493938,72.23403707,72.25087064,72.25835358,72.221704,72.19655911,72.20575815,72.23292932,72.24418515,72.21635895,72.1286907,71.93417337,71.66324855
Malawi,MWI,Population ages 15-64 (% of total population),SP.POP.1564.TO.ZS,53.90168886,54.06290186,54.1869789,54.17218251,54.06497628,53.89165991,53.63746927,53.38654645,53.14267293,52.90817106,52.6973783,52.52579537,52.38914472,52.27920013,52.18991167,52.10562763,52.02018634,51.96180469,51.87296535,51.71424453,51.52830671,51.33449485,51.1461187,50.98239654,50.86194452,50.77685433,50.72010553,50.78176341,50.83329797,50.77648799,50.71450406,50.64993679,50.58450457,50.53816969,50.5293218,50.56561417,50.63483197,50.70617547,50.74306885,50.66057924,50.5197402,50.40868637,50.29870527,50.20657839,50.11920497,50.02468257,49.94759522,49.91143786,49.95261125,50.05250841,50.17596914,50.32568737,50.51896687,50.7835676,51.1134469,51.501081,51.95619436,52.46136372,52.99623312,53.56614288,54.17428047,54.80941084,55.45335132,56.09135168,56.70832747
Malaysia,MYS,Population ages 15-64 (% of total population),SP.POP.1564.TO.ZS,51.73694794,51.32986729,51.00774489,50.78785731,50.67488114,50.76525925,51.0428191,51.40149482,51.81638187,52.25839707,52.71878754,53.19849606,53.6834533,54.1597912,54.63852656,55.13052378,55.62971712,56.12910095,56.61561754,57.06177906,57.44472753,57.74967735,57.97579058,58.15004402,58.29216921,58.40154755,58.49164104,58.59410454,58.73941367,58.94523401,59.20940252,59.51852378,59.84076623,60.11863685,60.3467702,60.56103562,60.77249941,60.98681518,61.22852071,61.55066402,61.95541622,62.38347601,62.81425894,63.26967712,63.77215458,64.31458629,64.86520754,65.4118856,65.97598322,66.57027953,67.11047596,67.50074129,67.78847744,68.04688479,68.28129169,68.47482042,68.61812458,68.7308114,68.85747386,69.04356563,69.31406321,69.64811549,69.98069029,70.2608342,70.47575539
North America,NAC,Population ages 15-64 (% of total population),SP.POP.1564.TO.ZS,59.78883887,59.55480574,59.58302941,59.69606715,59.81270205,59.9440671,60.16854454,60.51059264,60.91263112,61.33550129,61.74717487,62.21812417,62.79370575,63.42400483,64.05151187,64.64290113,65.20804562,65.7004116,66.10282618,66.42904182,66.65345141,66.78773739,66.84749079,66.86545978,66.88726169,66.93816619,66.96247443,66.88048246,66.71432769,66.50989431,66.3139776,66.1344937,65.98420327,65.91049733,65.91407131,65.98466638,66.10460265,66.26232164,66.44250801,66.62566608,66.80890438,66.98949604,67.16555169,67.3369129,67.50934893,67.69359667,67.82857678,67.84720273,67.7873163,67.70988215,67.64122413,67.51520648,67.28986072,67.05048653,66.83003366,66.62416644,66.42577737,66.21762528,66.009853,65.79724806,65.59746907,65.42099146,65.23129625,65.01226756,64.7837363
Namibia,NAM,Population ages 15-64 (% of total population),SP.POP.1564.TO.ZS,53.36871444,53.21403195,53.06629704,52.89800171,52.74862865,52.61619722,52.46736727,52.33203313,52.19816041,52.06586702,51.93760655,51.79884548,51.65331611,51.48420611,51.30232231,51.13525956,50.89447431,50.62544034,50.05579197,49.56196609,49.28978959,48.79005099,48.67864618,49.00222745,49.36418229,49.78598583,50.28479405,50.81769364,51.4367246,53.01205053,54.23334143,54.35572287,54.41350366,54.47331224,54.5384128,54.63722494,54.78817097,54.9281092,55.04074605,55.16413266,55.33316801,55.57271541,55.89915292,56.31708244,56.80965067,57.41803734,58.08043878,58.66499059,59.15018935,59.52194421,59.7585186,59.85461195,59.87041693,59.89205363,59.93507742,59.95818977,59.91155754,59.78128753,59.61093792,59.45332088,59.28530214,59.09994405,59.00389751,59.1364941,59.34730215
New Caledonia,NCL,Population ages 15-64 (% of total population),SP.POP.1564.TO.ZS,58.27846928,58.12762812,58.01766012,57.89551391,57.72586547,57.57437513,57.44103527,57.31638046,57.20939861,57.21179983,57.05864868,56.69238393,56.39701162,56.19120042,56.07771688,56.06697148,56.17894103,56.38317001,56.62692165,56.91053618,57.2526574,57.65856783,58.12067202,58.63628446,59.2548054,59.96835887,60.68920429,61.37771996,62.02252192,62.37135126,62.65754636,63.09245302,63.46575519,63.82046197,64.16488595,64.49419474,64.76486827,64.87998664,64.90248614,64.91165851,64.87104322,64.85607569,64.92612025,65.10187914,65.31936625,65.56094786,65.83308591,66.04008376,66.17531764,66.31422024,66.50056197,66.67642121,66.79637599,66.86878211,66.91895621,67.00227427,67.13057868,67.25469589,67.35957057,67.41218451,67.4425929,67.46162531,67.44513675,67.38342599,67.26774752
Niger,NER,Population ages 15-64 (% of total population),SP.POP.1564.TO.ZS,49.91146345,49.95749221,49.94324973,49.89861065,49.87038893,49.88026878,49.93126948,49.99971986,50.08352187,50.17909838,50.28179519,50.39092589,50.50434825,50.61899727,50.73336408,50.8465834,50.95492439,51.05003527,51.11798383,51.15187828,51.14906019,51.11563482,51.06796963,51.01388231,50.961046,50.92277723,50.91163063,50.9198436,50.94393924,50.98750986,51.03255655,51.06753612,51.09365228,51.11424954,51.1275573,51.12854937,51.08224348,50.96628028,50.81418296,50.63300259,50.42811107,50.20966353,49.97555296,49.72926824,49.47408707,49.22185403,48.98055034,48.7528599,48.54583066,48.3666674,48.22569831,48.1350185,48.1279864,48.17251833,48.2415664,48.36396583,48.52866249,48.71102405,48.92096288,49.16698287,49.45437913,49.78191089,50.12261589,50.46324203,50.80459985
Nigeria,NGA,Population ages 15-64 (% of total population),SP.POP.1564.TO.ZS,55.5362178,55.54336323,55.50812289,55.396115,55.22958844,55.08218454,54.95849647,54.82551993,54.678543,54.5186423,54.36107693,54.18770818,53.9925635,53.79120778,53.58055391,53.36367579,53.13236342,52.89976449,52.66235371,52.42472782,52.22299494,52.02991948,51.83154669,51.62616086,51.46126557,51.36148452,51.29456487,51.27998582,51.31858,51.39967768,51.53184805,51.68970469,51.87386034,52.08998953,52.30894058,52.5059347,52.67723808,52.84549371,53.01995233,53.16055766,53.22536284,53.22940163,53.19467088,53.13449771,53.06945605,52.99378843,52.89968746,52.80618768,52.71451132,52.62738882,52.56656547,52.53497284,52.52707887,52.54936023,52.60584636,52.70908199,52.89262202,53.15598365,53.45984573,53.79831379,54.19295286,54.61496187,55.03962385,55.47960818,55.93749238
Nicaragua,NIC,Population ages 15-64 (% of total population),SP.POP.1564.TO.ZS,49.80577821,49.58180207,49.38616338,49.27113635,49.29537247,49.41481588,49.54406826,49.66351056,49.76865644,49.85994708,49.9372489,49.99966998,50.06467649,50.12007986,50.15320775,50.18194366,50.20035463,50.2033895,50.18636896,50.118596,50.07606683,50.09673686,50.12617975,50.15481766,50.17622458,50.21011855,50.28225641,50.39266759,50.56173086,50.8132288,51.12319129,51.47686293,51.87555686,52.31542895,52.79681025,53.31600879,53.86250538,54.42952004,55.0133911,55.59664902,56.16543592,56.73347649,57.30953136,57.88706829,58.4508293,59.00794172,59.53806113,60.03190508,60.50977721,60.96445551,61.39130624,61.80227669,62.19200678,62.54130601,62.84639977,63.12223582,63.38009797,63.6177363,63.85017062,64.09791573,64.41686225,64.78158441,65.11369958,65.41684002,65.70753814
Netherlands,NLD,Population ages 15-64 (% of total population),SP.POP.1564.TO.ZS,61.01939851,61.18406803,61.59811632,61.88962697,62.0545761,62.16939914,62.27541187,62.34118653,62.39766819,62.46266912,62.54396809,62.68387179,62.87108106,63.12396992,63.4575533,63.86206746,64.32744258,64.78976309,65.2391491,65.70903168,66.16999536,66.60518223,67.04311806,67.51474154,68.02951529,68.45857052,68.7384061,68.93064539,69.00081701,68.96633903,68.87901691,68.76277541,68.63765838,68.52076256,68.3935222,68.26901261,68.17638486,68.07286197,67.95270923,67.84330407,67.75080292,67.69405671,67.66906611,67.62069717,67.5453457,67.49062749,67.47016305,67.45174035,67.39294226,67.27760479,67.14154324,66.83052879,66.38077182,66.03756643,65.78299931,65.60506185,65.48905581,65.36627574,65.24877521,65.14127407,65.01004636,64.85121299,64.74772069,64.67196991,64.47827734
Norway,NOR,Population ages 15-64 (% of total population),SP.POP.1564.TO.ZS,63.04564967,63.16218732,63.32123333,63.39976184,63.37989129,63.27486348,63.11159022,62.95449921,62.83994237,62.73126584,62.65139457,62.60917458,62.57114804,62.54216225,62.52377029,62.51808077,62.55566792,62.62503674,62.72333806,62.87502762,63.07458617,63.31010911,63.53546133,63.76327699,64.05953953,64.27157358,64.41099981,64.60430388,64.73990369,64.76684048,64.74712182,64.70487473,64.64426276,64.61184287,64.60006498,64.58228593,64.56285467,64.5674737,64.62910654,64.72369703,64.83024325,64.95927803,65.119246,65.29332138,65.46341612,65.65035893,65.87796272,66.10763197,66.25950247,66.27093959,66.20837068,66.12747145,66.03098661,65.93191761,65.83761809,65.74429777,65.60982914,65.4370047,65.27583881,65.16751358,65.06078377,64.93748579,64.88371439,64.95938608,65.02601019
Nepal,NPL,Population ages 15-64 (% of total population),SP.POP.1564.TO.ZS,56.33955353,56.3250265,56.34255434,56.4141742,56.47302783,56.48953126,56.4950833,56.49005777,56.47116164,56.43921412,56.39799072,56.32951722,56.24465778,56.1733406,56.08925053,55.98966022,55.88936657,55.80753733,55.74438505,55.67951132,55.62798696,55.57630128,55.5184252,55.47193654,55.41160611,55.32647146,55.23029446,55.10339974,54.95455655,54.8482269,54.82041016,54.85022946,54.94996605,54.99768569,54.96409493,54.90550895,54.84612254,54.86526874,54.95084175,55.08035602,55.23501733,55.43017872,55.68305926,55.98665074,56.32873226,56.70326238,57.11134975,57.55684381,58.06853099,58.64649934,59.26871718,59.84067647,60.28283545,60.6470657,61.02282459,61.47135947,61.87229172,62.15288867,62.43019465,63.01190078,63.83548562,64.52820881,64.86523704,64.92578477,65.06737222
Nauru,NRU,Population ages 15-64 (% of total population),SP.POP.1564.TO.ZS,61.30222463,61.22342097,61.0223963,60.45154501,59.60649198,58.69844808,58.09547448,58.08134322,56.96112516,55.59945297,56.18898577,57.68263827,59.1896653,60.77046315,62.37452156,63.89982111,65.37617666,66.57126902,67.03206358,66.71576833,65.69261947,64.08980737,62.13072952,60.45153046,59.45445864,58.77090399,58.14219528,57.56762799,57.10622511,56.67962302,56.20972771,55.87309645,55.76788744,55.87012473,56.14796547,56.54483742,57.05587744,57.65911543,58.30555011,58.94767841,59.47873125,59.9180692,60.33824332,60.83109653,61.39662028,61.94646233,62.42587332,62.77944112,62.93521155,62.78953674,62.35188689,61.648923,61.01587611,60.67794999,60.45613219,60.26109184,60.1793722,60.24814553,60.45306034,60.3650643,59.8900627,59.50377931,59.24497924,59.14105263,59.37303813
New Zealand,NZL,Population ages 15-64 (% of total population),SP.POP.1564.TO.ZS,58.51779412,58.43680433,58.50789223,58.64416282,58.7881424,58.93048854,59.07378431,59.18280309,59.25938968,59.38440227,59.57908388,59.78998418,60.02843189,60.35948456,60.76342113,61.1480101,61.50519768,61.90630491,62.31595355,62.69551141,63.06968411,63.42665506,63.83053339,64.30610151,64.74178018,65.07413645,65.34312883,65.59179837,65.75433968,65.78053264,65.6958971,65.65455078,65.62630362,65.5263117,65.4547925,65.4313317,65.44960507,65.46650075,65.45445195,65.45346964,65.48046778,65.58027372,65.80455636,66.07230199,66.29200126,66.44352312,66.50323773,66.47035333,66.39898785,66.29974323,66.15402078,65.94650946,65.68465526,65.486598,65.46458388,65.5662654,65.6566174,65.67807417,65.62925755,65.53226564,65.3602688,65.09270862,64.91336409,64.82668308,64.685572
OECD members,OED,Population ages 15-64 (% of total population),SP.POP.1564.TO.ZS,61.60970398,61.47379196,61.51458947,61.59213197,61.625161,61.61975188,61.63093687,61.65721246,61.69542168,61.76706248,61.85095563,61.95569593,62.07607154,62.23131473,62.41069886,62.60842795,62.83330916,63.05561707,63.27474821,63.50856357,63.76592877,64.04750129,64.34687968,64.66582182,64.95132558,65.16549418,65.34080788,65.48846452,65.58862428,65.66579632,65.73672002,65.79343025,65.83520379,65.8711419,65.90494353,65.9760887,66.07639563,66.16575489,66.2573581,66.33800843,66.40120712,66.45734306,66.51522855,66.58131089,66.63880158,66.68302846,66.71382931,66.72634128,66.71077009,66.67867658,66.65641652,66.57263068,66.39312193,66.19390449,66.0090469,65.85030841,65.70408957,65.55424184,65.415662,65.27399128,65.13040147,65.00545635,64.90455141,64.80192379,64.67498724
Oman,OMN,Population ages 15-64 (% of total population),SP.POP.1564.TO.ZS,55.07559599,55.05132411,54.94307571,54.5633502,53.94667097,53.35911783,52.8364039,52.31629243,51.80280472,51.30033863,50.8121567,50.34079973,49.88641773,49.45571803,49.25788634,49.28138931,49.36863301,49.53300803,49.71376335,49.86181879,49.94926332,49.9995744,50.04634609,50.0749497,50.06281475,50.28732987,50.84205362,51.54012684,52.34478474,53.21975889,54.13845826,55.09051442,56.07725778,57.08100956,57.65590396,57.90068745,58.29852299,58.83507275,59.4677184,60.15282023,60.87994929,61.64847285,62.44913389,63.27472068,64.25779715,65.38898253,66.49297458,67.48953573,68.32062391,68.94715493,69.4829382,71.88941755,74.62182898,75.47476951,75.29402697,75.17634254,75.31825928,75.16974767,74.53417365,73.40389015,71.83680518,70.67327434,71.12159123,72.11178489,72.64107538
Other small states,OSS,Population ages 15-64 (% of total population),SP.POP.1564.TO.ZS,57.79477104,57.68058058,57.6143162,57.60842122,57.66759191,57.73139095,57.7853319,57.85701033,57.93958397,58.04252884,58.16217712,58.27444466,58.38099718,58.53415238,58.69328958,58.83703626,58.99708549,59.16139393,59.32395136,59.46410815,59.57023684,59.64576717,59.70203035,59.72703305,59.7392627,59.74347366,59.71220909,59.66199514,59.62378721,59.58058777,59.52811725,59.519029,59.55400023,59.57437443,59.54693486,59.60976973,59.81599845,60.10845138,60.48120874,61.00779365,61.50292878,61.81995949,62.10959551,62.40416984,62.72942472,63.04127221,63.32896629,63.63562672,63.95410787,64.230496,64.4599675,64.64669586,64.77607127,64.85809364,64.93035719,65.01615411,65.10186206,65.22232218,65.38858459,65.55032316,65.68727023,65.82471168,65.96396988,66.06499633,66.15446715
Pakistan,PAK,Population ages 15-64 (% of total population),SP.POP.1564.TO.ZS,56.27241427,56.15806876,55.9643142,55.6660016,55.24074956,54.78423125,54.37574856,54.01436212,53.70642218,53.4560384,53.25949589,53.10324888,52.9837786,52.90290518,52.85807473,52.84906746,52.87484632,52.92453289,52.98303947,53.10875859,53.4072598,53.66009293,53.6975431,53.59818699,53.36808244,53.1504767,53.01447205,52.89314445,52.76529635,52.62163667,52.534122,52.46437301,52.26743643,52.10088711,52.052058,52.08195207,52.21894182,52.42045698,52.66625611,52.92460663,53.2406047,53.59707062,53.89529496,54.21814855,54.64368483,55.09674581,55.52470079,55.98590378,56.39969777,56.71365788,56.96823399,57.13957974,57.22793282,57.26712708,57.33102848,57.41786888,57.49972386,57.61137782,57.76926841,57.9268696,58.11751501,58.36214221,58.57854012,58.76566715,59.03444125
Panama,PAN,Population ages 15-64 (% of total population),SP.POP.1564.TO.ZS,52.4925078,52.35326043,52.21408666,52.07673903,51.97434777,51.91853824,51.88927515,51.89447854,51.94185302,52.02478371,52.13319679,52.26739482,52.43535912,52.64529808,52.90223031,53.21182287,53.57722708,53.99278359,54.44944599,54.92813037,55.40920362,55.88574838,56.34939139,56.79143347,57.21620258,57.64023145,58.06880393,58.49326881,58.90136124,59.28114418,59.63447377,59.97295741,60.29610334,60.59966766,60.89302467,61.18479078,61.47819944,61.77629922,62.08131962,62.38640067,62.67817379,62.95070933,63.20171256,63.42954292,63.63527172,63.82954191,64.00886868,64.16463757,64.30014324,64.41868869,64.52496669,64.61431142,64.68993661,64.76367591,64.82985216,64.89087406,64.95642375,65.02420153,65.09386531,65.18815203,65.31670215,65.44807676,65.56366347,65.66709481,65.7519626
Peru,PER,Population ages 15-64 (% of total population),SP.POP.1564.TO.ZS,52.34358683,52.14943767,51.98601952,51.85230522,51.75483151,51.6897016,51.64994711,51.63214952,51.63683515,51.66244866,51.72236261,51.78298921,51.8234242,51.89267309,51.99296094,52.11519766,52.26709188,52.45961846,52.69707947,52.97134964,53.28418529,53.62837561,53.99849494,54.39025532,54.78352326,55.16583716,55.53481645,55.89778888,56.26463019,56.6337461,57.00743476,57.36654765,57.72446809,58.09809547,58.47795404,58.86317171,59.25809588,59.67553802,60.1187955,60.56273375,60.97452882,61.35570227,61.70597255,62.02084948,62.29770083,62.53054209,62.72686242,62.89669244,63.09698329,63.32518491,63.52977244,63.70512057,63.8537658,63.99218705,64.13296451,64.2983459,64.50301198,64.75246409,65.11676033,65.48536035,65.77823654,66.10554954,66.42418988,66.64927249,66.80147254
Philippines,PHL,Population ages 15-64 (% of total population),SP.POP.1564.TO.ZS,49.37122689,49.03562529,48.77301024,48.62557882,48.62852505,48.68167175,48.72816553,48.83174154,49.00002924,49.21861905,49.39529858,49.54267878,49.73369048,49.9828784,50.276189,50.65905878,51.17307996,51.71469787,52.20854862,52.6556701,53.05973369,53.44181314,53.83779485,54.20776745,54.51165327,54.73704783,54.89109005,55.04533242,55.18154486,55.25623131,55.35943302,55.42329498,55.53401967,55.73725617,55.89956365,56.069093,56.29331762,56.57567278,56.96758168,57.4110166,57.82456695,58.19264569,58.51700122,58.86360009,59.22059603,59.57495221,59.87540067,60.16553477,60.43833686,60.70458366,61.05216032,61.38508192,61.71866104,62.04107973,62.32162825,62.68759301,63.13006848,63.54593532,63.89975876,64.20717767,64.59202851,65.10562069,65.62767484,66.13028035,66.6399984
Palau,PLW,Population ages 15-64 (% of total population),SP.POP.1564.TO.ZS,48.13722863,47.08006279,46.19626264,45.60127528,45.26331131,45.08177293,45.05067333,45.72260648,47.08935018,48.47208531,49.29410212,49.46849222,49.57766114,49.92033142,50.56162062,51.34729356,52.10144065,52.79629556,53.43864303,54.04474345,54.80400945,55.97306777,57.2176927,58.20390589,58.93754218,59.46962779,60.30591507,61.44347159,62.40696483,63.19839411,63.95897503,64.71869096,65.34179749,65.81462819,66.12701252,66.40011631,67.00464484,67.93130108,68.92763637,69.97328254,70.66246057,70.75754444,70.5986412,70.40795564,70.27572463,70.50987714,71.15041086,71.7723552,72.2361049,72.6101713,72.89430055,73.03277555,73.06858799,72.85811423,72.41603161,72.13765159,72.0177558,71.8560521,71.65791911,71.45465783,71.23707284,71.00882866,70.80635171,70.60781272,70.41338193
Papua New Guinea,PNG,Population ages 15-64 (% of total population),SP.POP.1564.TO.ZS,55.4705644,55.22679072,54.98721655,54.75080042,54.52102532,54.29819932,54.07671537,53.8452423,53.61659793,53.38537958,53.1653049,52.97726815,52.919335,53.01195371,53.17325484,53.39228558,53.66538915,53.98885906,54.35073046,54.73929134,55.13636863,55.38203798,55.47324741,55.53762217,55.57665892,55.59811327,55.60842783,55.6226252,55.64360917,55.66898257,55.71379095,55.82742413,56.00958264,56.20598761,56.4021853,56.60120906,56.79388511,56.97452637,57.15550483,57.3340599,57.50657366,57.69412958,57.90140063,58.12697165,58.3741556,58.61856927,58.84707723,59.07664772,59.31516929,59.55833965,59.7970295,60.02615867,60.25536449,60.4884256,60.72489972,60.96088913,61.19803486,61.44492573,61.69656896,61.94721933,62.19036038,62.42179086,62.63785484,62.84746288,63.05587911
Poland,POL,Population ages 15-64 (% of total population),SP.POP.1564.TO.ZS,60.83921316,60.65996816,60.82971152,61.15009542,61.55927756,62.01387575,62.53449348,63.1099318,63.68787708,64.2612647,64.88501,65.45219176,65.86097281,66.18680931,66.38118765,66.41571517,66.32467268,66.14103575,65.97072045,65.78195005,65.62171105,65.55979788,65.49224529,65.40755831,65.25432588,65.05752704,64.92458516,64.84555215,64.80081345,64.82972685,64.9217622,65.072318,65.27894938,65.50523077,65.75487564,66.0465214,66.37814418,66.77966122,67.29535369,67.81582211,68.3136995,68.79666703,69.21200166,69.60835079,69.96498756,70.2824707,70.58649529,70.86255962,71.06868788,71.30320767,71.35582671,71.12179005,70.83091234,70.46282845,70.02505128,69.52350179,68.95218168,68.32690852,67.67674038,67.01925498,66.43515896,66.00266562,65.65702955,65.34232196,65.0508167
Pre-demographic dividend,PRE,Population ages 15-64 (% of total population),SP.POP.1564.TO.ZS,54.25765092,54.15963131,54.03588875,53.86835114,53.67831768,53.493674,53.31731387,53.14928833,52.99078615,52.83260392,52.66552957,52.48567711,52.29089969,52.0947916,51.92075314,51.76408994,51.60220013,51.45430432,51.34618162,51.24736372,51.14273495,51.03886666,50.95465671,50.8945969,50.84442644,50.81485609,50.8028901,50.81166748,50.84216712,50.87567433,50.91839836,50.98030147,51.06400699,51.1472707,51.30438274,51.43975412,51.43116282,51.41618007,51.47864783,51.56666442,51.63733591,51.69493994,51.73647357,51.77702687,51.82477889,51.86725453,51.89383006,51.92071991,51.97521647,52.04559051,52.12053727,52.21103892,52.30498527,52.40939731,52.52575768,52.66482737,52.85202847,53.07419168,53.31512496,53.57059299,53.85357896,54.15682953,54.46961465,54.79982107,55.13338206
Puerto Rico (US),PRI,Population ages 15-64 (% of total population),SP.POP.1564.TO.ZS,52.7215211,53.29424685,53.88276189,54.34362825,54.67115541,54.89820931,55.06128456,55.20175053,55.356125,55.56080348,55.992345,56.6282261,57.23400786,57.74159219,58.15080181,58.48271412,58.74948009,59.00385567,59.29613927,59.59268104,59.99001145,60.49621303,60.95349373,61.34213215,61.68756856,62.01187535,62.34465455,62.66708185,62.94693693,63.20480671,63.42906111,63.60463663,63.77527734,63.94479223,64.1253181,64.30659211,64.44762698,64.55512898,64.6384208,64.71246623,64.75133246,64.73349291,64.68577727,64.63191561,64.58647946,64.54443349,64.49074007,64.42154215,64.35137242,64.28482406,64.41077076,64.76704192,65.10801547,65.33291985,65.43210915,65.42084947,65.3187601,64.78451816,64.30994739,64.28497568,64.16796787,63.96801928,63.81681895,63.75139284,63.65264184
"Korea, Dem. People's Rep.",PRK,Population ages 15-64 (% of total population),SP.POP.1564.TO.ZS,59.24045759,59.64855468,60.00241787,60.08582439,59.96796529,59.83784324,59.25119464,58.17138337,57.28638557,56.75711153,56.46264444,56.28391384,56.34315883,56.77197817,57.26213039,57.71657979,58.22919259,58.82719848,59.59905998,60.4401136,61.27810401,62.15218989,63.15603447,64.20286025,65.17317546,66.10744395,66.96241071,67.78195305,68.42751954,68.78544779,68.98140082,69.00959128,68.89736179,68.73255065,68.54272634,68.38371324,68.29642065,68.23794083,68.17347966,68.09837397,68.03190682,67.98340239,67.95302935,67.90233902,67.8514932,67.87674313,67.96189012,68.08032911,68.21742351,68.37875827,68.55721287,68.71986585,68.8632469,69.00515986,69.14749393,69.23749431,69.43849826,69.74907552,69.93591009,69.95657151,69.83273118,69.66009021,69.38312714,68.99078378,68.65302848
Portugal,PRT,Population ages 15-64 (% of total population),SP.POP.1564.TO.ZS,62.83299926,62.88647604,62.79834384,62.72257898,62.65467264,62.39702462,62.09554499,61.91164515,61.75284313,61.6560024,61.74290317,61.87245138,61.94410883,62.07185032,62.22392081,62.25502808,62.22958853,62.2709685,62.39190092,62.6009431,62.8564423,63.15523442,63.45360083,63.76753128,64.09508867,64.37338822,64.64109938,64.94845577,65.27646137,65.61332989,66.00731426,66.4297698,66.76093722,66.96510042,67.12374418,67.27266592,67.3862885,67.45306129,67.4822018,67.49294888,67.48224739,67.39482619,67.2493317,67.10629032,66.9462847,66.80903878,66.73403097,66.68883132,66.60739191,66.46424963,66.29514986,66.08591745,65.85551904,65.59440483,65.33024524,65.12699239,64.89022915,64.60837082,64.35002271,64.07801425,63.79959865,63.56364918,63.30977825,62.99484274,62.66792994
Paraguay,PRY,Population ages 15-64 (% of total population),SP.POP.1564.TO.ZS,49.77349512,49.92915304,50.08081069,50.1339081,50.09942746,50.0628536,50.04159425,50.0753926,50.16462999,50.30705679,50.49970101,50.75235298,51.07892157,51.44792135,51.8311668,52.22167836,52.61276857,53.00712709,53.39684703,53.76507981,54.09365804,54.36012639,54.56469763,54.71868791,54.81578031,54.86430584,54.87415182,54.85149085,54.80838341,54.76019988,54.71753374,54.68122491,54.66599524,54.69640791,54.79482737,54.97902695,55.25981308,55.62494421,56.0512083,56.52266594,57.02197155,57.52024649,57.99945375,58.54933218,59.17330628,59.78263603,60.37325067,60.94370305,61.47875324,61.9783534,62.46663128,62.93911251,63.36830474,63.74061107,64.04705188,64.28397122,64.45334916,64.5619528,64.62585113,64.66997684,64.71568874,64.79052336,64.84265725,64.84971975,64.87442982
West Bank and Gaza,PSE,Population ages 15-64 (% of total population),SP.POP.1564.TO.ZS,48.6192322,48.53654345,48.46672277,48.37188284,48.28874621,48.22558855,48.15364526,48.06487824,47.98177655,47.93663742,47.90032425,47.87329487,47.85559133,47.85089895,47.86048399,47.87865902,47.90463649,47.94525814,47.99934653,48.0586661,48.13181368,48.21569462,48.29851569,48.37730942,48.45056969,48.52484434,48.59700108,48.65844558,48.71118738,48.75788574,48.79613402,48.83146983,48.87153892,48.92625603,49.01259668,49.13032215,49.2820156,49.47900484,49.71392776,49.9793538,50.26980678,50.58545131,50.95084404,51.3827038,51.87037209,52.40838078,52.98649199,53.58831565,54.18828816,54.74025348,55.20255529,55.58419377,55.90784124,56.19957358,56.4627357,56.67011311,56.84263672,56.91855503,56.92254091,56.97252272,57.11783872,57.34311695,57.60724713,57.82729669,58.11516014
Pacific island small states,PSS,Population ages 15-64 (% of total population),SP.POP.1564.TO.ZS,50.25283653,50.2340862,50.2170301,50.2034353,50.23494179,50.26034548,50.27896254,50.32553438,50.38962157,50.51155519,50.71054037,50.93995651,51.19586394,51.50021609,51.83341534,52.16991771,52.53010856,52.9170198,53.27883082,53.52319837,53.73209254,53.9794018,54.20013921,54.39371213,54.55752863,54.69408781,54.80926907,54.9089739,54.99599075,55.08520387,55.20911084,55.37749048,55.56491305,55.74569321,55.97420324,56.26820437,56.58226481,56.92886625,57.30663803,57.68835362,58.05204806,58.37884404,58.69477142,59.00412575,59.28024563,59.53371143,59.76532873,59.975768,60.15057749,60.28186231,60.38004261,60.45546546,60.5321733,60.59552252,60.63121686,60.66590538,60.69690201,60.71760103,60.75353086,60.80746358,60.89763724,61.01983563,61.14744527,61.29966145,61.4864783
Post-demographic dividend,PST,Population ages 15-64 (% of total population),SP.POP.1564.TO.ZS,63.02411748,62.88475335,62.93488113,63.02195267,63.10766866,63.14669029,63.17412032,63.19254384,63.21865044,63.32221303,63.43672234,63.56176888,63.70030063,63.87392027,64.0739131,64.29629584,64.54677523,64.79173148,65.0333046,65.28719183,65.56149092,65.86353788,66.1803212,66.50239376,66.77898241,66.97817381,67.13025107,67.24572538,67.30163444,67.32486073,67.33134406,67.31520313,67.27908471,67.24062576,67.20442236,67.22389539,67.28645681,67.32954273,67.38537221,67.43779444,67.46338454,67.47397331,67.48058865,67.49042446,67.4910571,67.47694097,67.44519713,67.38786251,67.303397,67.19262209,67.0995628,66.94578104,66.66577656,66.3596211,66.06405192,65.79214443,65.54710578,65.30062284,65.07679767,64.87098498,64.67074675,64.48640293,64.323321,64.16026969,63.97736168
French Polynesia,PYF,Population ages 15-64 (% of total population),SP.POP.1564.TO.ZS,53.39663683,53.02483189,52.67901652,52.41011183,52.19745,51.99364699,51.82366001,51.70089874,51.63393776,51.61064744,51.6342793,51.91974259,52.4586398,53.01516319,53.53955063,54.03409303,54.53482437,55.01711017,55.44521749,55.872243,56.3382352,56.84543251,57.39291672,57.96785435,58.49695981,58.92998726,59.2827578,59.56844089,59.78569928,59.94665465,60.09426995,60.24819008,60.43018732,60.65565773,60.93806074,61.28274161,61.68114258,62.12511702,62.60654126,63.13341364,63.70533875,64.32163377,64.93236821,65.45202017,65.88553279,66.29525657,66.68680169,67.05199709,67.38791038,67.66512729,67.87142435,68.01845234,68.12421842,68.23670728,68.37356972,68.53789237,68.72258688,68.87407997,69.11143235,69.39202641,69.48683603,69.49001401,69.5132999,69.54113657,69.57451301
Qatar,QAT,Population ages 15-64 (% of total population),SP.POP.1564.TO.ZS,52.37295196,54.19228831,56.38408712,58.30728159,59.86987295,61.04503239,61.9687777,62.71403926,63.27970877,63.66239426,62.57439869,60.9695004,60.46489405,60.73349543,61.52360709,62.62073573,63.86225404,65.15546974,66.43983334,67.64835505,68.71392665,69.58159103,70.26468766,70.83139981,71.34857622,71.84938535,71.98369864,71.80278359,71.73546465,71.80556143,71.94880224,72.11865385,72.28488024,72.43318209,72.56584368,72.69391921,72.84263216,73.24343938,73.92384676,74.63781662,75.28043114,75.81959656,76.26254034,76.64895888,76.64031966,76.31612264,78.68797355,82.56103161,84.43412242,85.06840423,85.249494,84.90676164,84.47494307,84.26751207,84.53622747,85.00041507,85.21150493,85.14037062,84.900849,84.27223285,83.35518794,83.15317824,83.36088202,83.26731188,83.25343957
Romania,ROU,Population ages 15-64 (% of total population),SP.POP.1564.TO.ZS,65.01386,65.04386969,65.18005845,65.4304764,65.80390671,66.2746658,66.75036012,66.81856857,66.5401653,66.33631289,66.24412226,66.21528858,66.10706506,65.88179571,65.50710503,65.01807639,64.46160118,63.86101911,63.34455769,62.91298078,62.58930413,62.42360662,62.96197771,64.2112453,65.14527814,65.59765582,65.82090844,65.87760534,65.89349545,65.95042857,66.1298248,66.42309818,66.75158869,67.02684352,67.26178103,67.47705407,67.66939669,67.76028838,67.71005327,67.72866016,67.88733999,68.11351138,68.39834963,68.68175376,68.93160339,69.09727643,69.11208345,69.0293208,68.8843729,68.65498596,68.41292242,68.17330392,67.98747324,67.84433832,67.54656184,67.13334965,66.71529205,66.26340064,65.80046803,65.35164501,64.88474985,64.57502615,64.46887445,64.3703891,64.30323646
Russian Federation,RUS,Population ages 15-64 (% of total population),SP.POP.1564.TO.ZS,63.50395396,63.0013774,62.96560603,63.06634599,63.40105204,63.8497468,64.27964793,64.75394478,65.17519979,65.62600706,66.17962835,66.65967501,67.02894201,67.40938232,67.75251349,68.03750683,68.26787727,68.38458498,68.40583275,68.31633609,68.14971309,68.13995319,68.18397694,68.03338583,67.83897045,67.76175804,67.71103538,67.61377235,67.45586901,67.26242675,67.09392657,66.92782085,66.79033483,66.75486142,66.81231,66.95152685,67.14584113,67.48043196,68.11772195,68.93444539,69.65472335,70.24107566,70.65980389,70.86574987,70.95562889,71.04376793,71.15263735,71.3249327,71.61577144,71.91133398,72.12794423,72.0292797,71.57570655,71.03077802,70.36127866,69.61071734,68.92438974,68.30092196,67.78324959,67.2972985,66.85931054,66.54611896,66.23514384,65.8803756,65.5441833
Rwanda,RWA,Population ages 15-64 (% of total population),SP.POP.1564.TO.ZS,47.69574904,47.16880409,46.70114014,46.29412986,46.11282692,46.30753007,46.73587524,47.26926857,47.83966923,48.38259216,48.877946,49.31388541,49.70507081,50.06509136,50.38674828,50.66887629,50.88426364,50.99963883,51.00658458,50.91022028,50.72553934,50.47839058,50.19981445,49.91626606,49.64107173,49.38511797,49.16219386,48.98452736,48.86608503,48.81559524,48.73422218,48.75248864,48.96837823,49.25436642,47.76591763,45.77687669,46.7346146,47.68340443,48.87408009,50.19626809,51.42613515,52.48686376,53.2602218,53.7668826,54.11255173,54.32625533,54.43604783,54.48875115,54.5454513,54.66186515,54.84944178,55.07425334,55.29871418,55.5068131,55.69921117,55.89015639,56.10259948,56.3437544,56.63029521,56.98010575,57.36772547,57.75406843,58.12179008,58.44678532,58.71313405
South Asia,SAS,Population ages 15-64 (% of total population),SP.POP.1564.TO.ZS,55.98251889,55.68399888,55.36935755,55.04103676,54.80772119,54.70789895,54.66409076,54.67082717,54.69033118,54.70193412,54.77267432,54.8499375,54.90657458,54.97160881,55.0480781,55.16170147,55.28844516,55.42586937,55.56088889,55.69050435,55.80393904,55.88336806,55.96276525,56.05446874,56.14520934,56.23726186,56.34357769,56.47401747,56.63524446,56.82076315,57.02177908,57.24005906,57.47573727,57.72165191,57.97994417,58.26595866,58.58299193,58.91382255,59.25336368,59.60422177,59.95515293,60.29183569,60.61052247,60.92850694,61.2678602,61.61976709,61.98579021,62.36091229,62.72873029,63.09788385,63.47682242,63.85849918,64.23968686,64.6258704,65.00977295,65.37860585,65.73846582,66.08127642,66.3820713,66.65111825,66.92433037,67.21055709,67.45964389,67.66333861,67.86609922
Saudi Arabia,SAU,Population ages 15-64 (% of total population),SP.POP.1564.TO.ZS,53.37185399,53.13152808,52.87698683,52.56483969,52.27310378,52.06062543,51.87469931,51.7274729,51.63842501,51.60691156,51.63015431,51.73952634,51.94012169,52.18977027,52.44924262,52.68812083,52.91884267,53.15437706,53.37729115,53.57173539,53.73859312,53.9160502,54.11202733,54.28297983,54.39169829,54.43975147,54.51658135,54.65333486,54.75822954,54.86847939,55.04790784,55.2805261,55.56487338,55.89526961,56.27949623,56.72002435,57.21087305,57.74911394,58.32638925,58.94381196,59.48379197,60.08178203,60.95573483,62.03861106,63.25753655,64.53876456,65.81333813,67.02223514,68.12905126,69.11682835,69.97872989,70.71688326,71.34177375,71.86968428,72.31620482,72.70325797,72.87083647,72.55391571,71.95679497,71.79873606,71.98647829,72.17496075,72.65298252,73.08305404,73.23057538
Sudan,SDN,Population ages 15-64 (% of total population),SP.POP.1564.TO.ZS,50.62710944,50.57402824,50.5255113,50.45525491,50.3447002,50.24518338,50.17222471,50.0975703,50.02510762,49.95095335,49.87979843,49.795829,49.7174776,49.52094227,49.39243662,49.51272139,49.65386249,49.80477562,50.0879213,50.39954965,50.70342147,50.9599958,51.14210147,51.27294961,51.30879254,51.32007157,51.32088849,51.3017375,51.24167798,51.12986955,51.00206364,50.87419488,50.75292921,50.67895492,50.67411869,50.72311819,50.77248296,50.84789443,50.97448887,51.10380661,51.24216998,51.39030297,51.53072695,51.63421838,51.74299777,51.88382668,52.04310175,52.23401216,52.4597661,52.6971932,52.80040962,52.7913849,52.85849988,53.01629259,53.34084918,53.76697855,54.15948495,54.67180182,55.14677781,55.40212033,55.57613995,55.76737966,55.96307666,56.13890776,56.22693529
Senegal,SEN,Population ages 15-64 (% of total population),SP.POP.1564.TO.ZS,53.0106495,52.94884871,52.93605246,52.92550503,52.91495028,52.92749886,52.96285674,53.00848215,53.05694772,53.09798318,53.12360099,53.12869959,53.10682686,53.05306529,52.94836181,52.76140489,52.48382166,52.106921,51.67872899,51.27290186,50.90713794,50.58856604,50.32192018,50.1048936,49.93835166,49.84392035,49.84069942,49.90793304,50.02748429,50.19086052,50.38384705,50.61199144,50.87466999,51.15540648,51.43713914,51.70656958,51.96052416,52.19585404,52.41734884,52.62643066,52.82497146,53.01746549,53.24518016,53.43470716,53.53954728,53.63414639,53.71348035,53.7671819,53.79294178,53.78771797,53.75881476,53.73109894,53.70780176,53.74014038,53.88442133,54.11202741,54.39683959,54.74548419,55.16173193,55.62997107,56.14146625,56.69461813,57.27630449,57.780014,58.19991093
Singapore,SGP,Population ages 15-64 (% of total population),SP.POP.1564.TO.ZS,52.94044269,52.7481336,52.79487769,53.0622279,53.48904495,54.01241967,54.61337264,55.30048395,56.08959689,56.99253103,57.9948536,59.06270012,60.1619713,61.27020726,62.39012114,63.51626146,64.61312715,65.67115368,66.72283877,67.75909205,68.86001314,70.04828972,70.96399239,71.46006032,71.70149615,71.74928095,71.84028877,72.15085481,72.47440809,72.75064613,73.00087413,73.14906366,73.22448457,73.30414914,73.45270388,73.75182338,74.1797651,74.60249208,74.8429385,74.88215851,74.9595006,75.08315991,75.10814423,75.16520892,75.37794761,75.71954685,76.23721993,76.99835636,77.7421542,78.20234907,78.52928907,78.77138627,78.81868337,78.72823926,78.54692281,78.31922364,78.03087149,77.61114517,77.1869683,76.81187922,76.2405295,75.57295057,75.30381373,75.11715789,74.65762303
Solomon Islands,SLB,Population ages 15-64 (% of total population),SP.POP.1564.TO.ZS,50.83256973,50.96213054,51.06052626,51.13109921,51.16111964,51.04013428,50.80006359,50.54735304,50.27661901,50.002754,49.85955295,49.81551348,49.70093705,49.48583714,49.16132803,48.73533272,48.47811345,48.45127636,48.45132843,48.46946985,48.51575787,48.59534669,48.70591693,48.83676016,48.98457878,49.16190338,49.41166796,49.73939498,50.11903041,50.52913017,50.93276208,51.3020921,51.62561576,51.91083636,52.17093441,52.41667284,52.65644551,52.89508914,53.13884759,53.40574517,53.72126075,54.05944893,54.37596002,54.65881947,54.89664167,55.08378003,55.21940384,55.30949875,55.36429568,55.4077944,55.51824875,55.69957229,55.89668178,56.10199262,56.31147594,56.52635612,56.75063427,56.9933999,57.26765299,57.54332573,57.87188146,58.25451765,58.62840016,59.0104068,59.39083103
Sierra Leone,SLE,Population ages 15-64 (% of total population),SP.POP.1564.TO.ZS,57.9546469,57.87664537,57.76837795,57.55601567,57.19981109,56.85867249,56.57750738,56.2959533,56.01799174,55.75986383,55.52439898,55.30600594,55.10359623,54.91361043,54.72841769,54.55487045,54.40404184,54.26865859,54.14372264,54.03206673,53.93140284,53.83714592,53.74890374,53.66127884,53.56980531,53.47978356,53.393827,53.30897732,53.23115223,53.17420242,53.13079865,53.08494496,53.03305086,52.98104137,52.92990471,52.88020685,52.83211604,52.78917925,52.74401535,52.67181769,52.61941515,52.61229879,52.61905794,52.64847025,52.71181736,52.80607629,52.91646354,53.04328618,53.18716021,53.34326401,53.51296878,53.71169851,53.94813527,54.24546565,54.61216177,55.01245798,55.42334399,55.84354286,56.26516054,56.66344542,57.0479041,57.44313927,57.84838633,58.26160994,58.66856977
El Salvador,SLV,Population ages 15-64 (% of total population),SP.POP.1564.TO.ZS,51.18879611,51.07199751,50.94661136,50.79701414,50.65829124,50.53943377,50.39395034,50.22128041,50.0505994,49.90946418,49.945384,50.13595392,50.35513657,50.6198217,50.91810834,51.24048996,51.5830012,51.95613793,52.36001474,52.77555203,53.11967728,53.3985808,53.68969927,53.99545011,54.32967066,54.64193913,54.93284938,55.21786554,55.37519733,55.415581,55.45218818,55.47865439,55.52045842,55.80102957,56.28582239,56.75760901,57.19265166,57.56896392,57.86830865,58.08699352,58.23815999,58.35428933,58.47878034,58.6267359,58.78251281,58.93756262,59.08624991,59.42493828,59.99895676,60.62927157,61.27739145,61.92018656,62.55418938,63.17731252,63.7658396,64.29176073,64.75641568,65.14963668,65.45692933,65.69880917,65.95693423,66.24171576,66.52131046,66.78928887,67.04526038
San Marino,SMR,Population ages 15-64 (% of total population),SP.POP.1564.TO.ZS,64.89175525,65.01566604,65.25567743,65.6212304,66.07174412,66.36040565,66.24054787,65.92322479,65.53944348,65.20400521,64.9621577,64.84065367,64.81782131,64.90456759,65.04992118,65.18166544,65.40464167,65.84988135,66.30995696,66.7565666,67.32684735,67.99752753,68.59060098,69.03299818,69.31441869,69.4291877,69.57943099,69.67886976,69.88289373,70.13194549,70.24707135,70.28679483,70.34757197,70.42742726,70.43467752,70.25995707,70.04101014,69.93469119,69.79904306,69.6895255,69.55110265,69.34384556,69.12933559,68.88860955,68.68717312,68.50357874,68.30439665,68.08855384,67.8618925,67.66201396,67.46616161,67.31636047,67.14923879,66.90660321,66.70175387,66.59095602,66.5881182,66.65163768,66.66956282,66.66955242,66.65228583,66.39381011,65.93575829,65.62217446,65.33307525
Somalia,SOM,Population ages 15-64 (% of total population),SP.POP.1564.TO.ZS,52.42658095,52.14799594,51.92536265,51.73987843,51.61273248,51.63619035,51.75252306,51.85527033,51.94470577,52.02111883,52.08466828,52.13571129,52.1745311,52.20079039,52.24117392,52.29218876,52.32519174,52.31549072,52.24586011,52.14761879,52.03536263,51.89535119,51.73257047,51.56392022,51.38518375,51.19871925,51.00399833,50.79907425,50.54157637,50.22876203,49.92895124,50.06512191,50.66339939,50.87003485,50.70318316,50.55558629,50.42938466,50.32285666,50.22569048,50.13096058,50.04179341,49.95318255,49.85470776,49.73827743,49.56953109,49.287985,48.91178321,48.63890801,48.61879585,48.730533,48.88213202,49.3125624,49.74070031,49.86279871,49.93375684,49.98603422,50.02903739,50.12419193,50.24958281,50.34416505,50.43018095,50.51246042,50.63673832,50.75672103,50.8151837
Serbia,SRB,Population ages 15-64 (% of total population),SP.POP.1564.TO.ZS,66.20734983,66.2009895,66.24043395,66.35749323,66.53611909,66.75861012,67.01818037,67.31566455,67.65477725,68.00760523,68.32304026,68.52660889,68.60616034,68.62422416,68.61696842,68.59930052,68.57717663,68.56997737,68.6122716,68.73031642,68.94417594,69.22478076,69.5327842,69.8185418,69.98334995,70.00104548,69.92815342,69.80770754,69.66351703,69.52231961,69.39066954,69.21998376,68.99531331,68.75781835,68.52285813,68.29417363,68.07375237,67.87486363,67.71367263,67.59899488,67.53110345,67.49832428,67.46764332,67.43828215,67.44059913,67.47805086,67.55886241,67.68145724,67.84166517,68.00745689,68.16300515,68.24421678,68.0988769,67.74366273,67.29026895,66.77481621,66.28129366,65.79626385,65.24582056,64.68229772,64.16813312,63.80367438,63.56771143,63.31135013,63.00293073
Sub-Saharan Africa (excluding high income),SSA,Population ages 15-64 (% of total population),SP.POP.1564.TO.ZS,53.84233099,53.72394412,53.59215874,53.43365792,53.26586017,53.11553351,52.97659146,52.84470871,52.72204903,52.60179337,52.48109167,52.35753637,52.23075679,52.11059599,52.00683074,51.91335322,51.81250271,51.71556331,51.64173141,51.56998005,51.51171624,51.4686511,51.43377348,51.41116524,51.38735645,51.3758651,51.3804778,51.40146121,51.4479147,51.51253899,51.59201623,51.67476374,51.74079633,51.84487022,51.98788544,52.07983732,52.08428236,52.11768917,52.27102019,52.45218042,52.60497982,52.73662324,52.84893246,52.94590746,53.02789486,53.08654424,53.12343019,53.15266949,53.19477442,53.24474993,53.29903162,53.36929181,53.43821181,53.51420422,53.60234031,53.71725997,53.85447382,54.02900612,54.25237651,54.49101426,54.75727106,55.04187745,55.32647297,55.62129452,55.91992948
South Sudan,SSD,Population ages 15-64 (% of total population),SP.POP.1564.TO.ZS,54.55358395,54.57057826,54.5544303,54.47131703,54.29582409,54.08398867,53.88748628,53.70030583,53.52475631,53.359973,53.20423368,53.0541821,52.91031257,52.77647097,52.6507557,52.52553746,52.39416509,52.25243583,52.09695865,51.93634321,51.76631047,51.58815337,51.41990914,51.25440463,51.08767233,50.94281567,50.83670469,50.68273982,51.46490991,52.32532223,52.23115636,52.18919932,52.08321728,51.9106881,51.81560164,51.73993709,51.58727255,51.51707559,51.74833754,52.01540605,52.08470115,52.03632336,51.82202934,51.61494578,51.748967,52.16907639,52.65739417,53.18226263,53.67848702,54.0816002,54.68100684,55.28208342,55.5263038,55.57254521,54.97728653,54.38291744,53.73588818,52.42975943,52.52891516,53.81267254,54.88037211,55.60384068,56.31010389,57.23607452,58.09085405
Sub-Saharan Africa,SSF,Population ages 15-64 (% of total population),SP.POP.1564.TO.ZS,53.94592061,53.84650197,53.73343842,53.58915597,53.42772664,53.2684889,53.11169537,52.96052613,52.8153521,52.67361848,52.53162239,52.38427131,52.23454265,52.09747438,51.98535435,51.88733142,51.77883697,51.67471838,51.5957291,51.52047753,51.45874363,51.41087066,51.3741043,51.36195974,51.35892763,51.36343097,51.37739292,51.39647028,51.4314456,51.48156392,51.54371532,51.61954521,51.67681286,51.75606761,51.86997361,51.93857833,51.92631538,51.93454142,52.04843154,52.19059425,52.31266787,52.42311014,52.52511566,52.61954862,52.7041934,52.77095793,52.82303894,52.8755205,52.94606704,53.02969333,53.1234066,53.23611066,53.35145347,53.47522608,53.6105073,53.76912212,53.9464351,54.15477222,54.40132933,54.65606182,54.93397315,55.22658315,55.51607929,55.81093167,56.10450773
Small states,SST,Population ages 15-64 (% of total population),SP.POP.1564.TO.ZS,55.38275166,55.24510263,55.12624759,55.04208228,55.0183133,55.00704887,55.00350328,55.03766049,55.1033216,55.2181607,55.40660349,55.63111937,55.86874936,56.15441534,56.45358949,56.75793153,57.08198177,57.4151426,57.74126125,58.02088051,58.25565297,58.46751493,58.65093813,58.7897355,58.8974226,58.98247301,59.03890943,59.08238852,59.13452535,59.18091788,59.22352296,59.30334262,59.41613857,59.5236585,59.61157945,59.77450473,60.04163801,60.37261657,60.76221772,61.24997389,61.71230908,62.05951708,62.38787933,62.71415621,63.05151992,63.34013816,63.6340211,63.93152136,64.22166356,64.46575381,64.6753477,64.8536873,64.98106358,65.06535078,65.13257358,65.20077005,65.26133784,65.3339331,65.46819778,65.57439394,65.62934135,65.71965977,65.81756987,65.8864563,65.94705795
Sao Tome and Principe,STP,Population ages 15-64 (% of total population),SP.POP.1564.TO.ZS,63.49835323,61.98321847,59.59367458,57.51909459,55.72387128,54.15736607,52.79949845,51.62440894,50.58115428,49.64381005,49.24542521,49.3703517,49.52246394,49.64914611,49.76438492,49.87371407,49.99578284,50.14183853,50.30385739,50.47453313,50.64742653,50.82293893,50.9316346,51.00713256,51.14292159,51.09748017,50.90553306,50.79990695,50.74333945,50.72220972,50.72410148,50.67722649,50.60611974,50.60436739,50.6838943,50.8473257,51.09227377,51.42868454,51.8713899,52.39992418,52.96923659,53.34141759,53.5240109,53.69894808,53.83532545,53.94844701,54.03681522,54.08295251,54.10747268,54.15215332,54.25187842,54.4006313,54.44496645,54.39909913,54.41257935,54.50819058,54.6984734,54.97160223,55.30694096,55.7042907,56.22543801,56.81561175,57.36483949,57.85231178,58.27143564
Suriname,SUR,Population ages 15-64 (% of total population),SP.POP.1564.TO.ZS,50.45696012,50.10493401,49.41513568,48.53552119,47.95051134,47.53180073,47.16777145,46.89534521,46.77087328,46.82200185,47.04777015,47.44585795,48.15500267,49.06139259,49.90252149,50.70340261,51.49437661,52.28772173,53.07036398,53.80890461,54.74043428,55.80550181,56.68468086,57.37657955,57.91974484,58.35951955,58.70975964,58.98017311,59.18113404,59.3262628,59.45162639,59.57608557,59.68397194,59.76351609,59.82468186,60.05602815,60.49609188,61.00721431,61.56277089,62.09846943,62.55226658,62.90073465,63.14621948,63.29785186,63.39422443,63.47170538,63.52350585,63.56136162,63.61933232,63.71281974,63.85339402,64.05117313,64.29786379,64.58296721,64.8871254,65.18782656,65.46872262,65.7094421,65.901128,66.06423581,66.18333819,66.29303313,66.38934534,66.43215146,66.46152221
Slovak Republic,SVK,Population ages 15-64 (% of total population),SP.POP.1564.TO.ZS,61.65179435,61.44588662,61.41621752,61.50932724,61.55835646,61.66119613,61.91779705,62.26239286,62.63712263,63.00110255,63.32846208,63.67213488,63.96137484,64.0817249,64.01611079,63.89605934,63.80732877,63.66473449,63.5159861,63.40136657,63.4428885,63.68000852,63.94162881,64.18460593,64.24355731,64.14056546,64.0310875,63.95904247,63.99653019,64.18126598,64.49285407,64.82131835,65.16855192,65.55388671,65.99025945,66.46004077,66.91623021,67.37551328,67.87439002,68.41368259,68.97954814,69.56648995,70.12090234,70.62111389,71.04769618,71.39749419,71.71009733,71.96832285,72.14971295,72.17940891,72.0906327,71.94754422,71.70453282,71.37027124,70.97687716,70.5178406,69.93130418,69.25513096,68.58616351,67.94660539,67.3811946,66.90896106,66.46102511,66.04198998,65.70139844
Slovenia,SVN,Population ages 15-64 (% of total population),SP.POP.1564.TO.ZS,65.22668114,65.09047088,65.0814932,65.13185789,65.21236395,65.32421466,65.43144956,65.54706801,65.73622443,65.94187598,66.11232162,66.17999202,66.12333215,66.00859086,65.87120805,65.75191544,65.68563262,65.64688134,65.61242653,65.59966403,65.75452598,66.09816449,66.49184687,66.94727883,67.34223933,67.56215582,67.92586453,68.25875286,68.32855409,68.40187355,68.54382893,68.75221652,68.96212833,69.133903,69.3341974,69.45060472,69.5575986,69.734466,69.83482104,69.98554912,70.14363685,70.21268255,70.29594468,70.41445628,70.45659867,70.40014502,70.31312247,70.19254949,69.92751664,69.65176989,69.4944322,69.22797398,68.78805116,68.28436403,67.74813745,67.15798999,66.57067886,65.98542482,65.45251332,65.04086152,64.74036224,64.40678327,64.0225309,63.73782333,63.51273059
Sweden,SWE,Population ages 15-64 (% of total population),SP.POP.1564.TO.ZS,65.82132383,66.10075787,66.32703012,66.46538093,66.48171936,66.38839417,66.20839481,65.96745692,65.7693417,65.63072857,65.48581054,65.28195125,65.01072648,64.72885934,64.44969567,64.19584356,64.01754988,63.90473328,63.87353083,63.95905084,64.11648754,64.29823935,64.47554366,64.61064044,64.67669563,64.60234363,64.47510231,64.42931997,64.40443358,64.37175255,64.28548936,64.12653234,63.95549458,63.80446238,63.70639474,63.68697785,63.7340189,63.82093362,63.94484063,64.11035771,64.30436827,64.51148415,64.71598215,64.91370531,65.09425901,65.31221918,65.54538163,65.66840009,65.6280925,65.43560203,65.1182387,64.69991456,64.23508768,63.75808542,63.31721865,62.95797895,62.70091139,62.52197348,62.37684703,62.27265939,62.20411445,62.15309878,62.16931313,62.21379172,62.2674519
Eswatini,SWZ,Population ages 15-64 (% of total population),SP.POP.1564.TO.ZS,50.20299012,49.90800082,49.64530372,49.40474742,49.29705233,49.35332979,49.43651164,49.57857666,49.75110135,49.8476881,49.87664758,49.84746763,49.76958377,49.6542028,49.50977459,49.34037199,49.15044045,48.94202538,48.7328665,48.53551375,48.33598567,48.12879524,47.93813867,47.80516786,47.72434662,47.70191278,47.79565883,48.02087691,48.64534545,49.34005729,49.85411412,50.43044431,50.98588534,51.27957513,50.60020335,50.1476402,50.73100087,51.45440006,52.31939313,53.20591551,54.01351144,54.69783253,55.26180539,55.70549358,56.05150591,56.32167663,56.53865235,56.85322796,57.32618821,57.81821258,58.24427653,58.59696457,58.88482009,59.15503677,59.46823855,59.82184304,60.14875936,60.44459717,60.75657257,61.08681944,61.4389935,61.79210314,62.03439694,62.18413401,62.38578911
Sint Maarten (Dutch part),SXM,Population ages 15-64 (% of total population),SP.POP.1564.TO.ZS,50.94860932,51.70904193,52.72671569,53.79464286,54.62077757,55.35318155,56.17495712,56.78927128,57.2857013,57.70847344,57.92797007,58.06475029,58.424226,59.16756142,60.04710038,60.86215429,61.53054398,61.99044816,62.24124655,62.37311268,62.44963739,62.89655691,64.0707904,65.63875287,67.19226857,68.58379555,69.75944196,70.67094064,71.32798226,71.71653483,71.8470475,71.78945266,71.60370634,71.40403741,71.25199737,71.13181418,71.04359522,70.99686341,71.01593306,71.0409504,71.03514387,71.13356766,71.42326513,71.7671657,72.08898706,72.34344537,72.43936661,72.43866364,72.43173933,72.46275119,72.52067644,72.63693933,72.78321079,72.84403414,72.80722087,72.68057057,72.42673011,72.11544626,71.80701048,71.49648999,71.23574956,71.05794905,70.98496624,70.99230391,70.92190401
Seychelles,SYC,Population ages 15-64 (% of total population),SP.POP.1564.TO.ZS,55.37589637,54.97693188,54.4992566,53.95116658,53.35596097,52.73047441,52.11149417,51.53204717,51.0364367,50.67490557,50.46357738,50.5390872,50.9492169,51.49698545,52.08865156,52.71205129,53.3374241,54.03952951,54.88678418,55.7527857,56.51104353,57.15651349,57.71280331,58.18680515,58.56578319,58.85208923,59.06652779,59.28859296,59.64229579,60.12924403,60.65447468,61.14493461,61.58271288,61.99596906,62.34152845,62.63959911,62.96556882,63.33670222,63.81492149,64.38473074,64.96615377,65.53297362,66.07556751,66.60845187,67.1370476,67.66518047,68.20510551,68.73988717,69.2817202,69.82206178,70.2935633,70.67426616,70.97837116,71.20062688,71.38106818,71.5689246,71.73491409,71.84293739,71.89673157,71.89812198,71.83288858,71.65972152,71.5421538,71.52922419,71.50979347
Syrian Arab Republic,SYR,Population ages 15-64 (% of total population),SP.POP.1564.TO.ZS,49.68824222,49.43524152,49.24912388,49.17881282,49.05359799,48.8432583,48.67336186,48.53936774,48.43636407,48.36182933,48.3132958,48.30904197,48.33489073,48.34452286,48.33706739,48.3099538,48.28197846,48.27854295,48.29801025,48.33568164,48.38172905,48.46249358,48.62079553,48.81610797,49.01292829,49.21991048,49.42347858,49.63562402,49.87742169,50.16032847,50.48944061,50.86075064,51.28474908,51.73705926,52.17931838,52.60000803,53.00682586,53.4202711,53.86279423,54.33676105,54.83117509,55.34602784,55.87450066,56.40369684,56.95443899,57.51451399,58.52461594,59.90216349,60.37169996,60.27920501,60.42457484,60.44733046,59.90910274,58.2414342,56.25020871,55.27529036,55.51710397,56.29432196,57.59816262,59.40036507,60.86395265,62.02411368,63.39864499,64.97763495,66.0948525
Turks and Caicos Islands,TCA,Population ages 15-64 (% of total population),SP.POP.1564.TO.ZS,49.27225645,49.39962643,49.53420282,49.69010094,49.79231109,49.69954047,49.42955691,49.05877154,48.61209335,48.04068996,47.57786994,47.98401112,48.85038039,49.51145414,50.08767735,50.54154417,51.01351351,51.58799534,52.05759864,52.53900903,53.54002776,55.04552352,56.65039474,58.13258207,59.51139171,60.85700782,62.00774531,62.88664769,63.63045798,64.36612168,64.99679144,65.51261734,66.06268553,66.63491482,67.08962248,67.38863236,67.64136881,67.84067468,68.02033406,68.18308369,68.3200299,68.49794396,68.86197019,69.35450466,69.77380119,70.10317874,70.30469481,70.3724852,70.40014584,70.51436767,70.72699149,71.11132724,71.66402092,72.19564378,72.59771755,72.9176342,73.13715255,73.24397119,73.29066256,73.29464503,73.24689369,73.14641882,73.02361088,72.88302524,72.67726096
Chad,TCD,Population ages 15-64 (% of total population),SP.POP.1564.TO.ZS,55.02478411,54.79085196,54.53593307,54.26849202,54.08428897,53.9985161,53.90903872,53.78960457,53.6522656,53.49491326,53.31510735,53.11695258,52.8649828,52.57659577,52.28396537,51.9579894,51.58576919,51.18483254,50.79671467,50.538822,49.59091032,48.71731322,49.67233184,50.49428314,49.8032316,49.08022409,49.18887945,49.45228379,49.60223372,49.66905721,49.43877758,49.53339092,49.76998778,49.18803267,48.62726194,48.93147389,49.09141,48.7727965,48.57374629,48.5162182,48.4080766,48.23015328,48.15853768,48.36182825,48.74286747,48.92629969,48.92543486,48.90300962,48.96282951,49.02635657,49.00779082,49.06677359,49.15938978,49.28532845,49.41903504,49.41393213,49.43572314,49.55369919,49.70520744,49.82945089,49.98636549,50.27054639,50.54078593,51.18805186,51.83483543
East Asia & Pacific (IDA & IBRD countries),TEA,Population ages 15-64 (% of total population),SP.POP.1564.TO.ZS,55.53475699,55.77705606,55.71214947,55.19285312,54.71159255,54.49127717,54.40782614,54.54078979,54.68783334,54.73796992,54.85368322,54.95575816,55.15866583,55.35893121,55.3600108,55.3151988,55.30917064,55.6815155,56.63026443,57.62368591,58.45512122,59.21877396,59.83263261,60.53190025,61.34899976,62.08443148,62.70646359,63.17387745,63.56755276,63.85741193,63.97889442,64.09827816,64.27547764,64.43887585,64.64069611,64.89609172,65.2128193,65.62678912,66.02781421,66.40072068,66.82189644,67.30881903,67.88606873,68.47077771,69.04953378,69.65432205,70.11558411,70.38190193,70.57243352,70.70314439,70.78119563,70.79954219,70.72648383,70.58066852,70.38307808,70.15313578,69.88775118,69.53681718,69.203403,68.93861661,68.73508349,68.6518216,68.61693351,68.65038087,68.83755678
Europe & Central Asia (IDA & IBRD countries),TEC,Population ages 15-64 (% of total population),SP.POP.1564.TO.ZS,62.00482024,61.55296857,61.40743975,61.38218771,61.5187371,61.73340034,61.95283311,62.18985132,62.38563488,62.61857068,62.93655955,63.23378445,63.47014932,63.71194926,63.92913363,64.1132481,64.26243642,64.34347469,64.4041132,64.37825725,64.32729095,64.41372909,64.57046471,64.66459872,64.6817235,64.6995543,64.71223161,64.69628686,64.64812884,64.58118052,64.52708872,64.48625256,64.45311768,64.45450979,64.51320495,64.66977577,64.90996636,65.22577991,65.70030138,66.28239874,66.8258586,67.31102503,67.71059156,68.003051,68.23508813,68.45944747,68.68277885,68.91066969,69.18167503,69.45014064,69.64726795,69.6802699,69.51660249,69.2731484,68.93466259,68.51354758,68.08422505,67.65767497,67.26928891,66.86740117,66.4787611,66.18775249,65.94074557,65.70802047,65.52764519
Togo,TGO,Population ages 15-64 (% of total population),SP.POP.1564.TO.ZS,52.44233792,52.38888788,52.35604179,52.3092124,52.22903112,52.16793229,52.13639418,52.09327668,52.04346836,51.97562008,51.88701666,51.7831289,51.66925961,51.54770865,51.42094559,51.29454901,51.17161281,51.06239344,50.9785696,50.92083959,50.88879482,50.88202374,50.89640846,50.93215766,50.99671841,51.09137609,51.2107971,51.34999686,51.50982481,51.69394895,51.89853807,52.12009397,52.3534486,52.5992147,52.86061995,53.1134829,53.37630465,53.68437872,54.02143116,54.32780716,54.58137311,54.77476332,54.92466804,55.06407274,55.21355364,55.34131239,55.49257125,55.62354808,55.69729488,55.72221377,55.67889921,55.62815677,55.59809575,55.60216525,55.64054255,55.69643238,55.76322021,55.84935572,55.95517279,56.07424518,56.22467875,56.42223408,56.66762581,56.95369498,57.26074252
Thailand,THA,Population ages 15-64 (% of total population),SP.POP.1564.TO.ZS,52.92226796,52.62896919,52.36290178,52.10635852,51.90553907,51.82031726,51.8111987,51.84989461,51.94465282,52.1071227,52.35522443,52.6693063,53.03559047,53.46227827,53.94229351,54.47326832,55.05383695,55.71030064,56.44712332,57.22496342,58.02137026,58.83124788,59.67134943,60.55760667,61.45932477,62.33296189,63.16040225,63.95645049,64.72566668,65.42710874,66.09483549,66.71318361,67.22289843,67.63171292,67.96796182,68.27442005,68.56429676,68.83110579,69.06000549,69.26764132,69.50091985,69.74510504,69.95020254,70.11298369,70.24549973,70.37478798,70.53506606,70.72805427,70.92587802,71.10442171,71.28140249,71.46819938,71.62119263,71.68766471,71.65555911,71.56832318,71.48400339,71.3970271,71.27515698,71.11981385,70.93488091,70.7171396,70.47024974,70.19206461,69.88776345
Tajikistan,TJK,Population ages 15-64 (% of total population),SP.POP.1564.TO.ZS,55.52892895,54.31460518,53.24955161,52.35236751,51.66550856,51.29241981,51.11293955,51.02494998,51.01481636,51.06465198,51.13862841,51.22849133,51.35606381,51.53660906,51.75741544,52.00363628,52.26514911,52.52768414,52.77482494,52.95263002,53.05409128,53.13059896,53.20777811,53.27308338,53.29864157,53.36523343,53.44612762,53.43111917,53.32599477,53.08406218,52.77049319,52.51505765,52.20019825,51.79471383,51.53159423,51.44219604,51.58075322,52.00137496,52.59363995,53.32641257,54.10841872,54.88600093,55.67488953,56.4297466,57.11793594,57.77136532,58.39067191,58.90694633,59.31823314,59.68111794,59.99812732,60.1881419,60.33499275,60.52714321,60.68029133,60.7331753,60.74165505,60.73644946,60.65109092,60.49359463,60.29545884,60.10412858,59.93698134,59.84371112,59.88692681
Turkmenistan,TKM,Population ages 15-64 (% of total population),SP.POP.1564.TO.ZS,54.66360077,53.54310088,52.51786017,51.62821903,51.0101898,50.6613418,50.400028,50.17928104,50.06344005,50.09186433,50.23560586,50.48695819,50.84640244,51.29092321,51.76721892,52.24228068,52.7146049,53.17852084,53.63037181,54.07328432,54.49175077,54.86817669,55.1994393,55.46334613,55.62583315,55.66064215,55.59629531,55.47494946,55.34857717,55.26452921,55.22195885,55.21561993,55.20063245,55.25014523,55.38425307,55.56741638,55.8983273,56.41063659,57.08202675,57.8643729,58.68922248,59.5112257,60.30610351,61.05673564,61.79104547,62.52594632,63.25265725,63.98106538,64.69171636,65.35140561,65.92491566,66.37077659,66.67112274,66.82136958,66.82883744,66.71878947,66.50592347,66.20299087,65.82612428,65.40192237,64.97496659,64.58566561,64.26552514,64.05716227,63.96289225
Latin America & the Caribbean (IDA & IBRD countries),TLA,Population ages 15-64 (% of total population),SP.POP.1564.TO.ZS,53.46976901,53.30773039,53.1775891,53.08925213,53.0534289,53.0592933,53.09692875,53.17258923,53.2825339,53.42111422,53.58510843,53.76710415,53.96567715,54.18261724,54.41768319,54.66655561,54.92030444,55.18100332,55.44982131,55.72327274,55.99786413,56.28453648,56.57335781,56.84818568,57.11698717,57.38169664,57.64239615,57.90580453,58.1750164,58.44844707,58.74503971,59.06084096,59.38338461,59.70838255,60.03303828,60.36506983,60.70707177,61.05828379,61.41562735,61.77467914,62.13045955,62.48451743,62.83770916,63.1903313,63.54160269,63.88658289,64.22604854,64.55990316,64.88654737,65.20007052,65.49834825,65.77376178,66.02093711,66.24743155,66.4464728,66.61949815,66.78280781,66.92926835,67.04349653,67.13913248,67.25885597,67.39925237,67.516739,67.60008077,67.6622826
Timor-Leste,TLS,Population ages 15-64 (% of total population),SP.POP.1564.TO.ZS,57.35994198,57.77633305,58.17945683,58.4786083,58.74932444,58.78564476,58.53196457,58.28637323,58.05918989,57.86441841,57.70920291,57.59996376,57.54547636,57.53871678,57.57070815,57.88320143,58.40464304,58.91180062,59.47989386,59.960092,60.08349343,59.70328225,59.12831073,58.65673415,58.23236655,57.81099955,57.37423729,56.89518029,56.35807043,55.8862009,55.59887656,55.42800901,55.26060967,55.07778142,54.91348063,54.8001403,54.75374083,54.76542615,54.84135527,54.94496805,55.02652036,55.07744546,55.15473035,55.25111043,55.35242618,55.19394755,54.79076835,54.44944666,54.22631763,54.09257996,54.00788897,54.03665531,54.23258744,54.58904198,55.07852375,55.61621284,56.16421405,56.72032423,57.28350206,57.862576,58.45861423,59.0810128,59.76040234,60.43606596,61.0638509
"Middle East, North Africa, Afghanistan & Pakistan (IDA & IBRD)",TMN,Population ages 15-64 (% of total population),SP.POP.1564.TO.ZS,54.17410595,53.92969339,53.69226117,53.4395475,53.19251359,52.97350348,52.78246579,52.62696436,52.51528361,52.44237631,52.3949915,52.36589056,52.35169366,52.36188876,52.39772001,52.41799424,52.40701159,52.4316176,52.49803014,52.57511664,52.69869005,52.90317922,53.03921046,53.04430433,53.00324402,52.96975198,52.974766,52.99566504,53.02077809,53.05751123,53.19406426,53.36954138,53.47120146,53.5522938,53.74572596,54.08580306,54.50210577,54.98158563,55.52144395,56.08502355,56.67236326,57.26524858,57.77491218,58.26355359,58.79479121,59.30233425,59.77339816,60.22031855,60.54657267,60.7539898,60.90644233,60.97272026,60.96113761,60.88914463,60.79694022,60.71771014,60.67323698,60.66435381,60.70239886,60.78968003,60.91795214,61.10346088,61.3203877,61.55074573,61.79908123
Tonga,TON,Population ages 15-64 (% of total population),SP.POP.1564.TO.ZS,51.17047,51.1633376,51.11524164,51.0370731,50.98641689,50.95522526,50.96503317,50.86232279,50.66285609,50.52995433,50.4534872,50.43249977,50.47449517,50.58020708,50.62442451,50.61466928,50.69656438,50.99405531,51.43280404,51.83736654,52.21567053,52.58327929,52.96005797,53.35057858,53.70626445,53.97745539,54.13631262,54.31433639,54.54233144,54.70106536,54.79917151,54.85732591,54.89264915,54.93241961,54.99920133,55.08283903,55.18446679,55.42421789,55.76722969,56.05952218,56.27425677,56.39156344,56.40803477,56.32610277,56.18772068,56.05984613,55.96265517,56.00978206,56.21285741,56.43944871,56.64691176,56.76051297,56.8232683,56.92652518,57.05662749,57.26094538,57.45944051,57.55418559,57.64707554,57.77258338,57.8925958,57.92661829,57.85733326,57.77384737,57.88117168
South Asia (IDA & IBRD),TSA,Population ages 15-64 (% of total population),SP.POP.1564.TO.ZS,55.98251889,55.68399888,55.36935755,55.04103676,54.80772119,54.70789895,54.66409076,54.67082717,54.69033118,54.70193412,54.77267432,54.8499375,54.90657458,54.97160881,55.0480781,55.16170147,55.28844516,55.42586937,55.56088889,55.69050435,55.80393904,55.88336806,55.96276525,56.05446874,56.14520934,56.23726186,56.34357769,56.47401747,56.63524446,56.82076315,57.02177908,57.24005906,57.47573727,57.72165191,57.97994417,58.26595866,58.58299193,58.91382255,59.25336368,59.60422177,59.95515293,60.29183569,60.61052247,60.92850694,61.2678602,61.61976709,61.98579021,62.36091229,62.72873029,63.09788385,63.47682242,63.85849918,64.23968686,64.6258704,65.00977295,65.37860585,65.73846582,66.08127642,66.3820713,66.65111825,66.92433037,67.21055709,67.45964389,67.66333861,67.86609922
Sub-Saharan Africa (IDA & IBRD countries),TSS,Population ages 15-64 (% of total population),SP.POP.1564.TO.ZS,53.94592061,53.84650197,53.73343842,53.58915597,53.42772664,53.2684889,53.11169537,52.96052613,52.8153521,52.67361848,52.53162239,52.38427131,52.23454265,52.09747438,51.98535435,51.88733142,51.77883697,51.67471838,51.5957291,51.52047753,51.45874363,51.41087066,51.3741043,51.36195974,51.35892763,51.36343097,51.37739292,51.39647028,51.4314456,51.48156392,51.54371532,51.61954521,51.67681286,51.75606761,51.86997361,51.93857833,51.92631538,51.93454142,52.04843154,52.19059425,52.31266787,52.42311014,52.52511566,52.61954862,52.7041934,52.77095793,52.82303894,52.8755205,52.94606704,53.02969333,53.1234066,53.23611066,53.35145347,53.47522608,53.6105073,53.76912212,53.9464351,54.15477222,54.40132933,54.65606182,54.93397315,55.22658315,55.51607929,55.81093167,56.10450773
Trinidad and Tobago,TTO,Population ages 15-64 (% of total population),SP.POP.1564.TO.ZS,53.85685552,53.76753692,53.61150291,53.47330438,53.37762867,53.3473894,53.37061403,53.45251762,53.62030782,53.94200708,54.56117958,55.32398749,55.99682143,56.64329915,57.33840783,58.09617649,58.88725657,59.66725163,60.35872233,60.89269117,61.23496092,61.39450681,61.41971571,61.36712124,61.27400769,61.17753969,61.13016566,61.17837393,61.33475493,61.55998774,61.84217724,62.19784712,62.6387984,63.18209028,63.8249253,64.57479118,65.4198639,66.3239234,67.26026723,68.19431836,69.1151405,70.00306284,70.81186672,71.51753237,72.11780315,72.60117993,72.96356512,73.22577326,73.39595338,73.4780531,73.46991391,73.37268626,73.20101951,72.96919343,72.69612277,72.3901011,72.06348389,71.73803615,71.60967373,71.31596599,70.80984873,70.53913125,70.3437647,70.11901732,69.86134927
Tunisia,TUN,Population ages 15-64 (% of total population),SP.POP.1564.TO.ZS,52.86583105,52.75162452,52.59783026,52.3622748,52.10787307,51.93460977,51.7488173,51.57266813,51.53024187,51.58933698,51.70668453,51.86366653,52.04398842,52.23692589,52.43831924,52.6427826,52.82843371,53.02555804,53.37336097,53.86299278,54.3783373,54.90178018,55.41828948,55.91529388,56.31665428,56.58655046,56.78991814,57.00679603,57.30720544,57.70418541,58.17251804,58.68066946,59.22127486,59.80739813,60.42214802,61.03735639,61.64787692,62.26202318,62.90720479,63.59634127,64.32487444,65.0785246,65.82789246,66.55201461,67.23188975,67.82400811,68.31127415,68.7088911,69.01534104,69.21922501,69.30653782,69.2853932,69.16950058,68.93474545,68.64122151,68.32602718,67.9779031,67.63245796,67.29215284,66.94278549,66.63487572,66.48098984,66.42246044,66.3988223,66.4314172
Turkiye,TUR,Population ages 15-64 (% of total population),SP.POP.1564.TO.ZS,53.82798495,53.61165529,53.36692422,53.13507334,52.92089412,52.76233706,52.64511778,52.55985598,52.52919504,52.55669296,52.6658998,52.81729646,52.98071016,53.17179078,53.40315047,53.72912706,54.12225988,54.51613878,54.89055226,55.23454565,55.5310367,55.77047183,56.08015862,56.49060851,56.91311261,57.33975785,57.76280119,58.18197525,58.60392856,59.01964182,59.4446282,59.88041899,60.31715663,60.76509775,61.21897376,61.6910863,62.18556679,62.67161203,63.13339222,63.56873261,63.97248285,64.34187281,64.67463983,64.97276986,65.24075324,65.48041815,65.70289724,65.91784484,66.20015359,66.55751627,66.90983757,67.23850098,67.55061294,67.86295298,68.19900812,68.51883876,68.68557869,68.73220453,68.70661147,68.51553484,68.26623798,68.1089017,68.0907134,68.15924336,68.26691145
Tuvalu,TUV,Population ages 15-64 (% of total population),SP.POP.1564.TO.ZS,55.01473609,53.85977337,52.89060444,52.1213702,51.86891516,52.02519465,51.95673204,51.69394073,51.48039477,51.75812467,52.48101713,53.23658751,54.14141414,55.25829446,56.08897286,56.65821957,57.58451089,58.83628749,60.33057851,61.42548897,61.91963074,62.45017273,63.01298362,63.49980742,63.83194128,63.54936929,62.79890478,62.0594911,61.31721061,60.59451659,59.94544215,59.36379928,58.77959726,58.24886308,57.91474342,57.6970742,57.52515521,57.45970959,57.54417522,57.67165122,57.76927913,57.90956032,58.08261886,58.39306895,58.82233089,59.27863575,59.78320322,60.3024946,60.85166166,61.36309325,61.76276616,62.04369405,62.13361379,62.24717058,62.47723962,62.65164645,62.82538085,62.96807434,62.90405097,62.71146394,62.60877927,62.59380978,62.12970376,61.12271407,60.38567208
Tanzania,TZA,Population ages 15-64 (% of total population),SP.POP.1564.TO.ZS,52.70052707,52.7368828,52.77142924,52.7286424,52.59104519,52.37669309,52.12633584,51.87585209,51.70572485,51.60489618,51.48891315,51.36429106,51.27294235,51.18210901,51.04721356,50.90496646,50.76977252,50.63058949,50.4500359,50.20195742,49.9163239,49.66006946,49.4696724,49.42359238,49.45211033,49.57481532,49.80665945,50.09951258,50.34945436,50.51125922,50.69821642,50.88107976,51.06864724,51.53242501,52.25530525,52.64286234,52.45962921,52.33380652,52.43494709,52.52596217,52.65699962,52.69758206,52.66252227,52.61759139,52.5459084,52.44490363,52.33499572,52.23922113,52.13224801,51.96000851,51.86272548,51.91940289,52.0201281,52.1500522,52.29292968,52.52595386,52.8248609,53.07362385,53.25351611,53.40647945,53.60838413,53.83934853,54.04872705,54.23290538,54.41889084
Uganda,UGA,Population ages 15-64 (% of total population),SP.POP.1564.TO.ZS,51.60743926,51.28548673,51.0537885,50.93323014,50.94142887,51.00222862,51.03958302,51.0564944,51.052468,51.01392606,50.92046502,50.76084887,50.49850741,50.20170742,49.98814864,49.82941501,49.6897704,49.58190223,49.50524393,49.35654742,49.13121987,48.96064988,48.87477907,48.84615654,48.88118936,48.90266403,48.88343224,48.87190935,48.8390808,48.78776873,48.71572814,48.64716853,48.60531779,48.55191347,48.43954147,48.07162169,47.73241115,47.52014037,47.37234263,47.36353633,47.34799574,47.34634745,47.41470896,47.52799053,47.599158,47.67346216,47.77683833,47.91745933,48.10348318,48.31946055,48.55376919,48.78240501,49.01595962,49.27056147,49.58863158,49.99201003,50.51846881,51.11417895,51.66247849,52.20031913,52.71435907,53.1816672,53.57770124,53.91135671,54.26841708
Ukraine,UKR,Population ages 15-64 (% of total population),SP.POP.1564.TO.ZS,66.04731827,65.55961194,65.37348584,65.29887378,65.43430162,65.5494994,65.62613074,65.75463199,65.7848133,65.86366845,66.04792265,66.18864315,66.27181348,66.4028961,66.53592154,66.63789808,66.7028414,66.69693163,66.72172216,66.71380065,66.7046514,66.86518515,67.08430051,67.10673362,66.9950692,66.97281145,66.93459703,66.82034852,66.66644015,66.48471693,66.33898958,66.23192513,66.13181409,66.05483209,65.94926035,66.0794403,66.39816686,66.70077488,67.27615417,68.06831594,68.72464771,69.22237059,69.54934993,69.68676441,69.79124723,69.96609749,70.15685998,70.27835447,70.54904352,70.79901006,70.98887383,71.16595137,71.0053024,70.76305875,70.37520931,69.76703955,69.21087812,68.65501696,68.23252993,67.91211594,67.62027461,67.4674595,67.32133312,67.1469283,67.14901549
Upper middle income,UMC,Population ages 15-64 (% of total population),SP.POP.1564.TO.ZS,55.80366876,55.93616668,55.85169286,55.43580107,55.0606343,54.88615698,54.82202744,54.92946618,55.04823883,55.10047504,55.21632876,55.32935735,55.51692174,55.7073612,55.75080254,55.7570992,55.79042662,56.11484172,56.88450714,57.67944493,58.35409843,59.00635065,59.54735094,60.13175141,60.79671283,61.40106138,61.91950897,62.3177962,62.6569537,62.91921368,63.0672976,63.22128103,63.40799425,63.58304384,63.79745221,64.07252395,64.41226175,64.83601794,65.26449742,65.67634716,66.12348417,66.62004122,67.17667942,67.72719333,68.26261039,68.8045456,69.23074621,69.50291576,69.70897089,69.86084118,69.96391809,70.00965481,69.96821663,69.86516975,69.71573416,69.52852675,69.30726344,69.02703639,68.76754217,68.55608773,68.3947854,68.33182344,68.30559349,68.32743094,68.46230144
Uruguay,URY,Population ages 15-64 (% of total population),SP.POP.1564.TO.ZS,64.23200785,64.14346043,64.0449852,63.91951493,63.77166951,63.63672644,63.52070461,63.42462715,63.35169168,63.29901854,63.25578287,63.22700967,63.21581262,63.19085796,63.11409754,62.98479974,62.82462516,62.66599506,62.54107116,62.46733311,62.44758978,62.46108153,62.49072422,62.53760525,62.59315608,62.63837666,62.65548728,62.6509457,62.65583841,62.69632009,62.77902708,62.87676908,62.94859559,62.98318736,62.97257641,62.89778143,62.7902701,62.69757038,62.63766372,62.59933304,62.57376868,62.55907648,62.56419711,62.61610893,62.71538211,62.80853109,62.89897892,63.02353229,63.16999919,63.3383191,63.52323886,63.71359535,63.88684599,64.02508925,64.14718199,64.24453915,64.32194344,64.42380891,64.55109891,64.69841168,64.86651242,65.0844078,65.31973837,65.50177896,65.66183511
United States,USA,Population ages 15-64 (% of total population),SP.POP.1564.TO.ZS,59.90340983,59.66288995,59.69837531,59.81513922,59.92412347,60.0380489,60.2414977,60.56297588,60.94596579,61.35059769,61.73042948,62.16928053,62.73266971,63.35810949,63.97983063,64.56536499,65.12788091,65.61512104,66.00630319,66.31776079,66.52449567,66.64353985,66.69159805,66.70080471,66.7187071,66.77109163,66.7978443,66.71439621,66.54098832,66.32414694,66.12073765,65.9395132,65.79045734,65.72018127,65.72696596,65.8028464,65.93026864,66.09680684,66.28427584,66.46941327,66.65074463,66.82772023,67.00061238,67.17049932,67.34101043,67.5239128,67.65749682,67.67109431,67.60468496,67.52286959,67.45539237,67.3349668,67.11700616,66.88959117,66.68472791,66.49808091,66.31804038,66.12192912,65.92204364,65.71867426,65.53523083,65.38011285,65.19855441,64.97354287,64.74669287
Uzbekistan,UZB,Population ages 15-64 (% of total population),SP.POP.1564.TO.ZS,54.4860776,53.14275161,51.92213606,50.87261572,50.05219401,49.58430431,49.40235453,49.33836374,49.41157915,49.58424646,49.78616403,50.01687032,50.32193668,50.71919696,51.20810526,51.79194487,52.44831991,53.14425264,53.81997798,54.42656928,54.97543156,55.4600778,55.86354844,56.16426876,56.34726264,56.44614786,56.49288763,56.52395105,56.58224434,56.6472385,56.62460989,56.51976276,56.40689528,56.31226506,56.30027452,56.38769323,56.56525885,56.87225367,57.33026188,57.92764576,58.63921024,59.45060005,60.30171402,61.12287422,61.91671325,62.74443412,63.62729249,64.46442363,65.16829589,65.74645665,66.26308042,66.72888681,67.07787255,67.23759351,67.19050845,66.96311091,66.63949299,66.30327418,65.91534206,65.45793939,64.95567905,64.4123354,63.8867882,63.43389784,63.03205785
St. Vincent and the Grenadines,VCT,Population ages 15-64 (% of total population),SP.POP.1564.TO.ZS,47.08695008,47.26823843,47.52453116,47.88841381,48.27436365,48.55790116,48.75857536,48.91649843,49.05628304,49.17813767,49.27577008,49.34243125,49.38695163,49.43687589,49.50706383,49.61897457,49.76901375,49.92794047,50.10289517,50.33847611,50.87824514,51.7433035,52.58826916,53.25914001,53.80083018,54.2739572,54.71145619,55.12838578,55.50931699,55.84853264,56.20550567,56.76808811,57.56383934,58.3625316,59.06081874,59.67889604,60.25070943,60.77355147,61.18925605,61.42670642,61.55665155,61.87170157,62.41877782,62.98175294,63.49254882,63.96604698,64.41248415,64.84759911,65.26387369,65.61923119,65.87758109,66.04160094,66.22492194,66.44857609,66.62993444,66.77402767,66.89469057,66.99081041,67.03248003,66.99530562,66.98413925,66.9562723,66.85220391,66.79019961,66.81740479
"Venezuela, RB",VEN,Population ages 15-64 (% of total population),SP.POP.1564.TO.ZS,50.91840598,50.79176229,50.70509501,50.6465922,50.64119585,50.69288982,50.79655271,50.96976038,51.20206253,51.4854107,51.8165904,52.18931576,52.59754793,53.02885529,53.45184171,53.85337592,54.23553558,54.59515699,54.93484147,55.25618502,55.56478009,55.86504482,56.15759818,56.4408151,56.71227099,56.97035536,57.20419628,57.41469553,57.62177779,57.83821118,58.07232659,58.32919312,58.61028092,58.91327447,59.23519051,59.57213405,59.91633702,60.2614496,60.60636651,60.95474002,61.30931636,61.6710665,62.03543834,62.39639866,62.7530301,63.08660668,63.38193396,63.65333625,63.90726555,64.14401628,64.36670076,64.56693315,64.74755477,64.92717118,65.10365925,65.26563837,65.35592592,65.20436304,64.68720955,64.11743094,63.90370192,63.99176941,64.22730267,64.512661,64.79378338
British Virgin Islands,VGB,Population ages 15-64 (% of total population),SP.POP.1564.TO.ZS,51.87095151,52.53593876,53.07930607,53.67597215,54.14090714,54.43260264,54.80803518,55.45018215,56.36111111,57.6156509,58.34088392,58.41505696,58.56172749,58.77019532,58.99085192,59.1646238,59.34260902,59.5073846,59.6481558,59.78112175,59.99820297,60.56976086,61.39166177,62.29839525,63.30343214,64.32662597,65.27266766,66.06784318,66.68483259,67.09486166,67.34693878,67.52641008,67.73736704,67.96256511,68.19487533,68.49967768,68.7884505,69.00109301,69.13140659,69.19236715,69.24140997,69.62156184,70.40761567,71.192988,71.78601866,72.16564547,72.36965664,72.39951903,72.24589166,72.04372187,72.03844556,72.40508534,72.88515406,73.2663586,73.51950731,73.75317052,73.72778794,73.70408881,74.10479845,74.43432387,74.67853344,74.9375157,75.25379055,75.65858664,75.88482683
Virgin Islands (U.S.),VIR,Population ages 15-64 (% of total population),SP.POP.1564.TO.ZS,52.8488152,53.27519544,54.87537518,56.04290851,56.7541649,57.1106748,57.48519767,58.04460066,58.78970759,59.72958686,59.92890309,59.16948903,58.39932697,57.93063828,57.74427652,57.65091816,57.563665,57.63560124,58.035802,58.73984063,59.74577368,60.82315514,61.64900169,62.24584196,62.6967369,63.07484734,63.40700388,63.7303764,64.0891836,64.55586296,65.00940791,65.28058682,65.41465353,65.43775741,65.37797169,65.28778828,65.20577356,65.16556108,65.18833816,65.29775829,65.46415727,65.63849049,65.80441349,65.95775169,66.06141819,66.16143077,66.25965565,66.26192541,66.15276739,65.89842543,65.54307645,65.10975847,64.61581238,64.10779633,63.58609601,63.18761066,62.95622117,62.79128446,62.66257861,62.54049064,62.34486612,62.05301354,61.67882368,61.23732512,60.81326188
Viet Nam,VNM,Population ages 15-64 (% of total population),SP.POP.1564.TO.ZS,54.08855816,53.32453991,52.64059285,51.9333869,51.54465359,51.43346667,51.27799368,51.23946073,51.33087506,51.49721627,51.73535688,51.96557359,52.29592066,52.66474661,53.03092167,53.41610226,53.62013792,53.80005535,54.11728493,54.28416488,54.37716671,54.47512926,54.4912127,54.50256942,54.53925802,54.60261877,54.73069039,54.97316693,55.34020432,55.71162471,56.05017453,56.40817126,56.80601711,57.2606927,57.77649617,58.35884735,59.0151006,59.78363757,60.67767796,61.62874663,62.51960745,63.30520587,64.00629047,64.6594706,65.33610092,66.07585362,66.86902226,67.62245176,68.29228729,68.884236,69.36958654,69.72065953,69.90198246,69.89811236,69.74790067,69.5564438,69.2591615,68.81261894,68.43533085,68.21029713,68.04381115,67.91665043,67.83507342,67.7729868,67.72881167
Vanuatu,VUT,Population ages 15-64 (% of total population),SP.POP.1564.TO.ZS,51.64206671,51.54192667,51.46207837,51.43496511,51.42378443,51.38889823,51.35429791,51.32886893,51.23594953,51.12022494,51.09109562,51.13181749,51.23195212,51.37317656,51.54766372,51.74805647,51.95935718,52.17271005,52.36761456,51.68015003,51.08269461,51.34018613,51.4782853,51.54921854,51.61771243,51.69478848,51.79536268,51.93021205,52.08499845,52.24387609,52.41806669,52.58459684,52.43576026,51.820485,51.5499331,51.83008002,52.19631213,52.64594047,53.15680853,53.69929909,54.25915687,54.81623401,55.36905899,55.91966963,56.45274195,56.96431961,57.44511366,57.8689058,58.20574184,58.44614264,58.55423457,58.53142128,58.4186979,58.22494322,57.98331921,57.73672403,57.50211789,57.2890448,57.11416137,56.99069642,56.9353055,56.94277116,57.01453298,57.16842718,57.39030287
World,WLD,Population ages 15-64 (% of total population),SP.POP.1564.TO.ZS,57.63107441,57.5412121,57.42554836,57.18766796,56.99054419,56.89186669,56.83947139,56.86097343,56.89229946,56.91970352,56.98915012,57.06227071,57.16147058,57.27293192,57.3343224,57.39196293,57.46498357,57.65156885,58.01289267,58.38072371,58.70062843,59.01319471,59.28235383,59.56944053,59.87379537,60.13796449,60.36452756,60.54305117,60.6947785,60.81510366,60.89120608,60.97822616,61.07663394,61.17570359,61.30618515,61.47954389,61.68718253,61.93717924,62.21233238,62.49177445,62.77758541,63.07169252,63.37630932,63.67503641,63.97256064,64.27245083,64.52772935,64.72548227,64.88980778,65.02212648,65.13370811,65.20611276,65.21896129,65.19860633,65.15712789,65.10766874,65.05586689,64.98082016,64.90985127,64.8587194,64.83763745,64.86657463,64.91567569,64.97498023,65.0730251
Samoa,WSM,Population ages 15-64 (% of total population),SP.POP.1564.TO.ZS,47.1377583,46.94837916,46.64766667,46.29118623,46.0828626,45.95654739,45.87214758,45.81352232,45.77067427,45.79044078,45.88338361,46.06148642,46.33176051,46.69797155,47.17579627,47.76319908,48.43409382,49.07356982,49.62695585,50.14535018,50.6406609,51.1356366,51.75001802,52.45660232,53.11728099,53.69511863,54.13352009,54.38623174,54.5272831,54.6531333,54.77796872,54.93481649,55.23937287,55.59265199,55.81216054,55.90234318,55.82350302,55.62965195,55.44438513,55.24377966,55.04857308,54.86471288,54.92624857,55.20735588,55.41333219,55.60826512,55.82737109,56.10798239,56.39008558,56.58321737,56.67836651,56.69292754,56.82297021,57.0014904,57.04769618,57.06133352,57.01600499,56.8389768,56.61425364,56.37180945,56.10349904,55.87008078,55.65791216,55.56647882,55.65488408
Kosovo,XKX,Population ages 15-64 (% of total population),SP.POP.1564.TO.ZS,54.99192513,55.17875346,55.29907165,55.43057434,55.57685508,55.72699809,55.90903589,56.1357266,55.72566644,54.66714307,53.61868825,53.23704528,53.4554005,53.66506758,53.94505852,54.28891038,54.67507899,55.11354349,55.64057894,56.24668625,56.87757116,57.43473309,57.88878158,58.30935722,58.73482626,59.1580766,59.43212526,59.55253405,59.29066543,58.78901363,58.53363326,58.74408212,59.38761278,60.0918094,60.73477525,61.36553056,61.91286838,62.43612569,61.33704095,58.98346988,58.66407211,59.77877032,60.95923282,62.0621112,62.9932973,63.7536575,64.3266687,64.6694459,64.88576556,65.06098714,65.19851236,65.4783702,65.93282045,66.30364738,66.46765955,66.52853818,66.92390891,67.6060548,68.08098585,68.31252471,68.67870416,68.97674949,69.01279202,69.06184918,69.21506538
"Yemen, Rep.",YEM,Population ages 15-64 (% of total population),SP.POP.1564.TO.ZS,56.00881586,55.99690694,55.95792689,55.82493513,55.56577288,55.17695762,54.71731102,54.25959312,53.81233621,53.37876668,52.91438597,52.42559313,51.95745213,51.50883404,51.07765093,50.65574301,50.23995979,49.83054898,49.42881299,49.02584985,48.62517725,48.24867518,47.90363623,47.5817773,47.28419027,47.02196633,46.77498997,46.56174191,46.38066432,46.21835962,46.09928606,46.02469314,45.99742993,46.02258468,46.12800911,46.32667641,46.61033327,46.95509017,47.34104729,47.75915924,48.20193781,48.67049447,49.15411676,49.64368172,50.14127863,50.71546903,51.34596542,51.96938336,52.58758677,53.17764593,53.7240771,54.19638202,54.5883605,54.91811777,55.2097049,55.46070093,55.6585161,55.8147527,55.93188853,56.03786034,56.10128706,56.12674509,56.18786713,56.26635804,56.34853586
South Africa,ZAF,Population ages 15-64 (% of total population),SP.POP.1564.TO.ZS,54.51528897,54.51912064,54.52749508,54.56086542,54.55696222,54.49217433,54.41319925,54.33473915,54.26899007,54.21196459,54.16693297,54.15335655,54.17290216,54.21340833,54.26932297,54.34144294,54.42979945,54.56973042,54.761845,54.95372101,55.26997276,55.69040541,56.05009891,56.33959481,56.58551017,56.82738328,57.07924832,57.33979603,57.62138728,57.94055731,58.31508493,58.53031856,58.44447852,58.75555246,58.76106042,58.31802862,58.13010114,58.26718614,58.87891866,59.5881979,60.34904449,61.14567554,61.95526643,62.71351806,63.3477631,63.8361563,64.23213444,64.57954635,64.85123912,65.07578335,65.34943102,65.63359176,65.84773804,66.02401865,66.16425372,66.32187593,66.19931931,66.10836368,66.36694107,66.62476469,66.89135868,67.15182283,67.31719035,67.40000794,67.42569289
Zambia,ZMB,Population ages 15-64 (% of total population),SP.POP.1564.TO.ZS,51.1311847,50.97290745,50.80119734,50.5787301,50.34583989,50.20368564,50.12099284,50.037592,49.95159992,49.83281377,49.5830883,49.23869317,48.90715958,48.5949698,48.30953348,48.04781922,47.81814373,47.63066034,47.488708,47.39622546,47.36955208,47.42809515,47.58008117,47.75844872,47.89853431,48.03428073,48.19357669,48.34731137,48.48199404,48.60469777,48.72991454,48.84937325,48.95581703,49.04345885,49.09868732,49.12697115,49.15272045,49.22496194,49.32534809,49.44445614,49.6160844,49.87622256,50.14267067,50.38407279,50.6065029,50.82036424,51.03968794,51.25740688,51.48049077,51.70263987,51.91373528,52.09859428,52.28812518,52.51677431,52.79059585,53.08363023,53.39808222,53.7380099,54.08771903,54.45623259,54.85732102,55.27982541,55.70519544,56.14602708,56.59590282
Zimbabwe,ZWE,Population ages 15-64 (% of total population),SP.POP.1564.TO.ZS,49.26927248,48.92337335,48.54477079,48.1042324,47.90202235,47.9835145,48.08088252,48.17576033,48.26763023,48.35984995,48.46557212,48.5686441,48.63734327,48.66876535,48.6789961,48.66216469,48.61002003,48.47284969,48.11651123,47.67836121,47.86711352,48.27765642,48.45259332,48.58640366,48.66700638,48.80060731,48.98140044,49.00817414,49.03475584,49.33577704,49.79330504,50.33039269,50.11259075,49.72110545,50.01830427,50.61426165,51.51058272,52.48492996,53.4109485,54.18315889,54.70973688,55.07930799,55.24620867,55.20180653,55.06330071,54.88389551,54.79063534,54.71259971,54.50653995,54.20689421,53.85880221,53.53349039,53.23129361,53.01163492,52.93033536,52.95590399,53.09898554,53.32982346,53.61446164,53.92350096,54.23452677,54.53010057,54.78022962,55.05839471,55.52458321
