Country Name,Country Code,Indicator Name,Indicator Code,1960,1961,1962,1963,1964,1965,1966,1967,1968,1969,1970,1971,1972,1973,1974,1975,1976,1977,1978,1979,1980,1981,1982,1983,1984,1985,1986,1987,1988,1989,1990,1991,1992,1993,1994,1995,1996,1997,1998,1999,2000,2001,2002,2003,2004,2005,2006,2007,2008,2009,2010,2011,2012,2013,2014,2015,2016,2017,2018,2019,2020,2021,2022,2023,2024
Aruba,ABW,"Death rate, crude (per 1,000 people)",SP.DYN.CDRT.IN,7.525,7.347,7.066,6.863,6.689,6.572,6.384,6.348,6.263,6.186,6.127,6.079,4.738,4.923,5.107,4.906,5.14,5.463,4.832,5.372,4.807,5.234,5.108,5.448,5.135,5.411,6.291,6.255,5.646,6.155,6.677,6.506,6.144,5.456,5.554,6.315,5.649,5.759,5.709,6.257,5.85,4.757,5.344,5.38,5.277,4.937,5.422,5.322,5.49,6.191,6.078,6.258,5.85,5.422,6.114,6.367,7.257,6.594,6.703,6.145,6.842,8.951,8.191,7.582,
Africa Eastern and Southern,AFE,"Death rate, crude (per 1,000 people)",SP.DYN.CDRT.IN,20.96549885,20.74554156,20.44307109,20.23437492,19.90370507,19.76711176,19.88240759,19.28949208,19.06401176,18.89288129,18.68110748,18.42789607,18.7810465,18.17890492,18.24703572,18.08011981,17.54136494,17.35124592,17.19245447,16.91323637,16.7027218,16.52544896,16.3258947,17.56873422,17.45507446,17.09910401,16.59669583,15.81074809,16.26008489,15.39740324,15.3892031,15.67846208,15.7625985,15.24795175,17.24528192,14.67547494,14.65325892,14.42437351,14.67773738,14.03635883,13.54990332,13.3076487,13.03992043,12.72145921,12.3834239,12.02109115,11.53755698,11.08659729,10.66237512,10.19840067,9.807785589,9.780321159,9.065458725,8.72936607,8.601622513,8.414717366,8.242131807,8.078589537,7.673568548,7.462279353,7.540022047,7.9136458,7.245162949,6.97866103,
Afghanistan,AFG,"Death rate, crude (per 1,000 people)",SP.DYN.CDRT.IN,31.672,31.129,30.63,30.168,29.672,29.193,28.733,28.265,27.801,27.334,26.838,26.383,25.882,25.364,24.889,24.403,23.934,23.404,24.171,25.538,25.706,26.413,28.026,27.013,32.008,31.699,25.044,24.617,20.606,19.582,19.479,18.783,17.17,14.613,14.929,14.403,13.928,13.651,13.886,12.697,12.608,11.954,11.187,10.714,10.375,9.913,9.659,9.487,8.884,8.645,8.402,8.032,7.822,7.597,7.511,7.528,7.32,7.315,7.271,7.064,7.565,8.002,5.993,5.797,
Africa Western and Central,AFW,"Death rate, crude (per 1,000 people)",SP.DYN.CDRT.IN,26.44282692,26.20464235,25.72618057,25.53328848,25.33227503,25.09408903,24.89091591,25.06331004,24.40669333,24.1595591,23.57756431,23.2062353,22.66962485,22.25129843,21.79359343,21.3776825,20.75005429,20.26391642,19.8726285,19.51185084,19.20699926,18.85653408,18.56737193,18.39009914,18.19317983,18.0143551,17.86727809,17.72227063,17.50730016,17.36103226,17.35109451,17.20886099,17.03649505,16.86943513,16.78804732,16.598689,16.4836002,16.32785442,16.10701463,15.82182064,15.477978,15.18971735,14.86666325,14.52091938,14.15083987,13.84021795,13.54682399,13.20418921,12.91071968,13.40504403,12.46323436,12.23135039,12.01628178,11.82996273,11.73327713,11.4671816,11.20793501,11.02634245,10.73832897,10.69544475,10.44927243,10.39801927,10.33758673,9.64037517,
Angola,AGO,"Death rate, crude (per 1,000 people)",SP.DYN.CDRT.IN,27.055,28.075,27.871,27.648,27.37,27.087,26.761,26.362,25.951,25.518,24.956,24.318,23.68,23.163,22.73,22.973,22.899,22.492,22.167,21.878,21.611,21.387,21.178,21.881,21.716,21.572,21.427,22.993,22.42,22.217,22.055,20.535,21.67,21.448,20.334,18.7,18.445,18.184,18.925,18.518,18.08,17.606,17.071,15.559,14.958,14.31,13.757,12.98,12.302,11.702,11.078,10.546,10.043,9.578,9.179,8.809,8.476,8.192,7.928,7.701,7.628,7.619,7.097,6.925,
Albania,ALB,"Death rate, crude (per 1,000 people)",SP.DYN.CDRT.IN,15.888,15.098,13.857,12.87,12.013,11.274,10.654,10.172,9.75,9.352,8.867,8.465,8.119,7.812,7.567,7.364,7.179,7.035,6.91,6.865,6.62,6.449,6.303,6.172,6.063,5.957,5.825,5.721,5.651,5.624,5.586,5.525,5.472,5.416,5.429,5.45,5.496,5.84,5.582,5.605,5.619,5.625,5.69,5.777,5.784,5.763,5.715,5.609,5.584,5.721,6.055,6.36,6.728,7.019,7.236,7.245,7.288,7.373,7.375,7.473,9.08,10.262,8.709,8.332,
Andorra,AND,"Death rate, crude (per 1,000 people)",SP.DYN.CDRT.IN,7.066,6.586,6.186,5.889,5.625,5.417,5.227,5.045,4.855,4.708,4.565,4.449,4.331,4.227,4.14,4.062,3.979,3.93,3.894,3.891,3.925,4.006,4.077,4.158,4.28,4.452,4.595,4.793,4.995,5.273,5.256,5.154,5.046,5.242,5.48,5.334,5.467,5.707,5.91,6.059,6.228,6.293,6.486,6.368,6.287,6.076,5.836,5.865,5.875,5.979,6.266,5.952,5.996,5.926,5.812,5.673,5.412,5.436,5.48,5.56,8.285,6.983,5.948,6.076,
Arab World,ARB,"Death rate, crude (per 1,000 people)",SP.DYN.CDRT.IN,21.35047833,20.73174814,20.46562711,19.7400201,19.24242222,18.77408905,18.30990368,17.87790546,17.40711457,16.97455403,16.54476725,16.0796494,15.64050849,15.25817017,14.81256245,14.38933772,14.18882377,13.31271112,12.79927517,12.30058,11.89643091,11.49322971,11.24155991,10.85712072,10.43252196,10.04060897,9.431242026,9.049536147,9.031146344,8.674435279,8.424651385,8.792727479,8.338956118,7.400111887,7.288137057,7.113300386,6.976324791,6.845251822,6.713215506,6.585093389,6.461172832,6.339992077,6.236238109,6.25136743,6.267122645,6.182317888,6.029569057,5.909768096,5.791904684,5.649473527,5.686619955,6.192558546,5.728957718,5.596504954,5.493461659,5.480827174,5.408802292,5.398052453,5.289245392,5.155052607,5.723582471,5.904704795,5.199785257,5.041048973,
United Arab Emirates,ARE,"Death rate, crude (per 1,000 people)",SP.DYN.CDRT.IN,13.891,13.295,12.713,12.141,11.552,10.907,10.176,9.391,7.884,7.346,6.953,6.528,6.156,5.843,5.584,5.376,5.053,4.702,4.393,4.115,3.873,3.719,3.57,3.439,3.326,3.226,3.108,2.992,2.9,2.831,2.786,2.76,2.77,2.801,2.85,2.85,2.754,2.644,2.459,2.233,2.004,1.801,1.646,1.546,1.49,1.471,1.444,1.34,1.205,1.165,1.073,1.027,1.033,1.033,1.014,1.021,1.007,0.97,0.957,0.958,1.118,1.258,1.18,0.932,
Argentina,ARG,"Death rate, crude (per 1,000 people)",SP.DYN.CDRT.IN,8.654,8.523,8.712,8.704,8.887,8.831,8.775,8.896,9.195,9.453,9.154,9.352,9.303,9.314,9.25,9.098,9.166,8.94,8.856,8.799,8.879,8.704,8.838,8.769,8.806,8.409,8.223,8.038,7.881,7.727,7.832,7.621,7.681,7.694,7.49,7.562,7.52,7.413,7.605,7.576,7.57,7.496,7.531,7.736,7.527,7.386,7.445,7.899,7.517,7.479,7.625,7.419,7.719,7.78,7.549,7.449,7.865,7.682,7.583,7.676,8.45,9.725,8.797,7.668,
Armenia,ARM,"Death rate, crude (per 1,000 people)",SP.DYN.CDRT.IN,13.47,12.948,12.333,11.686,11.044,10.465,9.959,9.553,9.235,8.973,8.745,8.588,8.473,8.381,8.317,8.283,8.21,8.13,8.034,8.021,8.004,7.988,7.962,7.927,7.87,7.818,7.767,7.747,15.223,7.602,7.724,7.711,7.9,7.932,7.983,8.013,8.057,8.084,8.13,8.139,7.5,7.5,8,8.2,8.1,8.4,8.7,8.6,8.9,9,9.2,9.2,9.1,9,9.2,9.3,9.4,9.1,8.7,8.8,12.2,11.6,9,8.2,
American Samoa,ASM,"Death rate, crude (per 1,000 people)",SP.DYN.CDRT.IN,6.687,6.376,6.193,6.096,6.062,6.056,9.891,5.999,5.912,5.792,5.657,5.487,5.32,5.18,5.075,4.984,4.935,4.893,4.871,4.831,4.731,4.627,4.553,4.501,4.469,4.427,4.408,4.409,4.446,4.484,4.502,4.466,4.419,4.428,4.41,4.397,4.385,4.373,4.385,4.396,4.421,4.46,4.491,4.619,4.502,4.553,4.628,4.72,4.771,5.432,4.827,4.923,5.055,5.188,5.39,5.574,5.75,5.846,6.011,6.191,6.35,6.583,6.815,7.021,
Antigua and Barbuda,ATG,"Death rate, crude (per 1,000 people)",SP.DYN.CDRT.IN,9.155,8.858,8.596,8.326,8.031,7.672,7.311,6.976,6.674,6.407,6.212,6.134,6.116,6.133,6.16,6.206,6.266,6.309,6.323,6.37,6.403,6.474,6.56,6.672,6.807,6.929,7.041,7.176,7.322,7.496,7.597,7.625,7.643,7.562,7.408,7.253,7.039,6.837,6.635,6.447,6.254,6.148,6.164,6.256,6.333,6.343,6.263,6.157,6.008,5.888,5.767,5.664,5.692,5.786,5.954,6.069,6.142,6.228,6.312,6.448,6.605,6.806,6.771,6.893,
Australia,AUS,"Death rate, crude (per 1,000 people)",SP.DYN.CDRT.IN,8.6,8.5,8.7,8.7,9,8.8,8.9,8.7,9.1,8.7,9,8.6,8.3,8.3,8.4,7.8,8,7.6,7.5,7.3,7.3,7.3,7.5,7.3,7.1,6.6,7.3,7.5,7.2,7.3,7,6.9,7.1,6.9,7.1,6.9,7,7,6.8,6.8,6.7,6.6,6.8,6.6,6.5,6.4,6.4,6.7,6.7,6.5,6.5,6.6,6.6,6.4,6.6,6.6,6.6,6.5,6.3,6.7,6.3,6.7,7.3,6.9,
Austria,AUT,"Death rate, crude (per 1,000 people)",SP.DYN.CDRT.IN,12.7,12.1,12.7,12.8,12.3,13,12.5,12.9,12.9,13.3,13.2,13,12.6,12.2,12.4,12.7,12.6,12.2,12.5,12.2,12.2,12.2,12.1,12.3,11.7,11.8,11.5,11.2,11,10.9,10.8,10.8,10.6,10.4,10.2,10.2,10.2,10,9.8,9.8,9.6,9.3,9.4,9.5,9.1,9.1,9,9,9,9.3,9.2,9.1,9.4,9.4,9.2,9.6,9.2,9.5,9.5,9.4,10.3,10.3,10.3,9.8,
Azerbaijan,AZE,"Death rate, crude (per 1,000 people)",SP.DYN.CDRT.IN,14.929,14.498,14.026,13.497,12.983,12.376,12.02,11.499,10.988,10.648,10.247,9.939,9.604,9.413,9.291,9.238,9.139,9.335,9.558,9.789,9.77,6.9,6.7,6.6,6.8,6.8,6.7,6.7,6.8,6.4,6.1,6.3,7.1,7.2,7.3,6.7,6.2,6,5.9,5.8,5.8,5.6,5.7,6,6,6.2,6.2,6.3,6,5.9,5.9,5.9,5.9,5.8,5.8,5.7,5.8,5.8,5.8,5.6,7.5,7.6,6,5.9,
Burundi,BDI,"Death rate, crude (per 1,000 people)",SP.DYN.CDRT.IN,21.556,21.295,21.258,21.18,20.978,22.449,21.15,21.364,21.345,21.722,21.54,21.587,40.362,25.938,21.281,21.286,21.088,20.826,20.48,20.16,19.236,19.202,18.669,18.337,18.006,17.929,17.93,17.948,20.786,18.627,18.879,19.105,18.986,26.203,17.69,18.543,18.578,17.459,16.497,15.906,15.854,15.219,14.457,13.818,13.16,12.756,12.264,11.768,11.297,10.772,10.509,10.072,9.601,9.201,8.845,8.688,8.209,7.864,7.559,7.394,7.191,7.306,6.997,6.718,
Belgium,BEL,"Death rate, crude (per 1,000 people)",SP.DYN.CDRT.IN,12.4,11.6,12.2,12.6,11.7,12.2,12.1,12,12.7,12.5,12.3,12.4,12.1,12.1,11.9,12.2,12.1,11.5,11.7,11.4,11.5,11.4,11.4,11.6,11.2,11.3,11.3,10.7,10.6,10.8,10.4,10.4,10.4,10.6,10.3,10.3,10.3,10.2,10.3,10.3,10.2,10.1,10.2,10.3,9.7,9.9,9.6,9.5,9.8,9.6,9.7,9.4,9.8,9.8,9.3,9.8,9.5,9.6,9.7,9.5,11,9.7,10,9.4,
Benin,BEN,"Death rate, crude (per 1,000 people)",SP.DYN.CDRT.IN,28.056,27.654,27.278,26.843,26.41,25.919,25.561,25.018,24.535,24.081,23.613,23.208,22.681,22.17,21.718,21.212,20.708,20.206,19.794,19.437,19.14,18.844,18.515,18.167,17.697,17.242,16.712,16.231,15.674,15.288,14.84,14.486,13.988,13.444,13.445,13.117,12.817,12.518,12.321,12.121,11.89,11.761,11.583,11.403,11.224,10.967,10.853,10.661,10.654,10.516,10.405,10.331,10.259,10.092,9.99,9.898,9.783,9.62,9.477,9.335,9.17,9.349,8.948,8.797,
Burkina Faso,BFA,"Death rate, crude (per 1,000 people)",SP.DYN.CDRT.IN,26.933,26.827,26.61,26.431,26.288,26.083,25.9,25.696,25.502,25.332,24.923,24.687,24.248,23.822,23.237,22.668,22.043,21.442,20.889,20.424,19.888,19.592,19.021,18.665,18.34,18.098,17.867,17.694,17.503,17.354,17.227,17.142,17.008,16.873,16.732,16.594,16.436,16.43,15.934,15.636,15.332,14.998,14.727,14.335,13.861,13.392,13.049,12.653,12.122,11.71,11.334,10.905,10.584,10.277,9.966,9.658,9.366,9.077,8.778,8.564,8.325,8.435,8.135,7.964,
Bangladesh,BGD,"Death rate, crude (per 1,000 people)",SP.DYN.CDRT.IN,21.624,20.909,20.239,20.198,19.373,19.783,18.59,18.261,18.003,17.81,22.15,39.876,17.073,16.987,17.282,16.578,16.379,16.171,15.935,15.686,15.449,15.14,14.805,14.384,13.998,13.771,13.218,12.878,12.558,12.249,11.962,12.945,11.243,10.876,10.517,10.147,9.756,9.402,9.037,8.643,8.276,7.934,7.598,7.302,7.053,6.824,6.634,6.51,6.319,6.181,6.049,5.93,5.847,5.778,5.703,5.638,5.575,5.512,5.442,5.372,6.126,6.317,5.037,5.01,
Bulgaria,BGR,"Death rate, crude (per 1,000 people)",SP.DYN.CDRT.IN,8.1,7.9,8.7,8.2,7.9,8.2,8.3,9,8.6,9.5,9.1,9.7,9.8,9.5,9.8,10.3,10.1,10.7,10.5,10.7,11.1,10.7,11.2,11.4,11.3,12,11.6,12,12,12,12.5,12.8,12.6,12.9,13.2,13.6,14,14.7,14.3,13.6,14.1,14,14.4,14.4,14.3,14.8,14.9,15,14.8,14.5,14.9,14.7,15,14.6,15.4,15.8,15.6,16.1,16.2,16.3,19,22.9,18.4,15.7,
Bahrain,BHR,"Death rate, crude (per 1,000 people)",SP.DYN.CDRT.IN,16.281,15.119,13.994,12.922,11.92,10.999,10.131,9.321,8.637,7.943,7.335,6.725,6.209,5.743,5.357,5.022,4.73,4.472,4.249,4.042,3.866,3.721,3.618,3.533,3.461,3.409,3.36,3.31,3.268,3.227,3.175,3.108,3.05,3.014,2.96,2.904,2.846,2.796,2.748,2.701,2.646,2.528,2.434,2.37,2.313,2.258,2.203,2.151,2.103,2.058,2.077,2.061,2.022,1.984,2.065,2.084,1.983,1.987,2.035,2.104,2.586,2.804,2.094,2.089,
"Bahamas, The",BHS,"Death rate, crude (per 1,000 people)",SP.DYN.CDRT.IN,8.695,8.457,8.204,7.966,7.746,7.534,7.352,7.12,6.921,6.73,6.567,6.416,6.316,6.183,6.036,5.857,5.757,5.723,5.745,5.782,5.812,5.799,5.778,5.759,5.792,5.861,5.964,6.051,6.111,6.133,6.148,6.154,6.23,6.265,6.34,6.438,6.517,6.558,6.554,6.522,6.485,6.485,6.499,6.545,6.654,6.721,6.827,6.948,7.081,7.202,7.322,7.39,7.457,7.486,7.596,7.832,7.94,8.12,8.276,9.321,9.523,11.259,8.558,8.713,
Bosnia and Herzegovina,BIH,"Death rate, crude (per 1,000 people)",SP.DYN.CDRT.IN,11.2,10.858,10.26,9.926,9.248,8.837,8.326,8.043,8.009,7.905,7.845,7.878,7.73,7.304,6.854,6.657,6.732,6.835,7.025,7.123,7.051,7.041,7.207,7.364,7.439,7.362,7.41,7.489,7.59,7.424,7.544,7.535,19.565,19.948,10.658,9.083,7.751,7.637,7.473,7.381,7.413,7.483,7.49,7.488,7.819,8.212,8.883,9.167,9.492,9.593,9.961,10.296,10.712,11.052,11.487,11.909,12.228,12.304,11.98,13.102,15.173,18.387,14.05,13.457,
Belarus,BLR,"Death rate, crude (per 1,000 people)",SP.DYN.CDRT.IN,7.751,7.574,7.811,7.738,7.241,7.356,7.379,7.396,7.626,7.626,7.927,7.914,8.128,8.156,8.361,8.746,8.8,8.9,9.1,9.5,9.9,9.6,9.6,9.9,10.5,10.6,9.7,9.9,10.1,10.2,10.8,11.2,11.4,12.6,12.7,13.1,13.1,13.5,13.6,14.2,13.5,14.1,14.8,14.5,14.3,14.5,14.2,13.7,13.8,14.1,14.5,14.3,13.4,13.2,12.8,12.6,12.6,12.6,12.7,12.8,15.784,15.839,13.246,13.338,
Belize,BLZ,"Death rate, crude (per 1,000 people)",SP.DYN.CDRT.IN,12.764,15.345,11.974,11.605,11.258,10.901,10.552,10.17,9.811,9.456,9.095,8.847,8.67,8.516,8.377,8.215,8.078,7.938,7.858,7.694,7.558,7.408,7.229,7.035,6.818,6.595,6.38,6.19,6.044,5.961,5.903,5.772,5.721,5.555,5.392,5.311,5.279,5.335,5.477,5.497,5.569,5.598,5.384,5.294,5.2,5.163,5.115,5.104,5.142,5.136,5.173,5.181,5.173,5.173,5.167,5.143,5.113,5.094,5.07,5.04,5.576,5.95,5.409,4.925,
Bermuda,BMU,"Death rate, crude (per 1,000 people)",SP.DYN.CDRT.IN,8.619,8.034,7.795,7.874,7.914,7.851,7.748,7.727,7.767,7.78,7.762,7.593,7.399,7.186,7.096,7.109,7.215,7.26,7.304,7.274,7.33,7.345,7.412,7.46,7.515,7.652,7.798,7.894,7.897,7.828,7.717,7.579,7.563,7.516,7.372,7.175,7.015,6.936,6.785,6.593,6.436,6.43,6.521,6.746,6.904,7.134,7.36,7.506,7.572,7.604,7.576,7.674,7.811,7.967,8.159,8.389,8.62,8.691,8.689,8.705,8.755,8.762,8.772,8.858,
Bolivia,BOL,"Death rate, crude (per 1,000 people)",SP.DYN.CDRT.IN,22.703,22.411,22.057,21.733,21.4,21.012,20.643,20.26,19.881,19.539,19.163,18.8,18.451,18.057,17.661,17.193,16.745,16.43,16.082,15.689,15.33,15.003,14.774,14.496,14.13,13.837,13.526,13.134,12.781,12.409,12.034,11.675,11.372,10.948,10.703,10.517,10.344,10.179,10.011,9.88,9.745,9.563,9.356,9.148,8.964,8.79,8.648,8.465,8.313,8.172,8.036,7.94,7.835,7.781,7.729,7.659,7.614,7.591,7.561,7.555,10.836,11.791,7.681,7.172,
Brazil,BRA,"Death rate, crude (per 1,000 people)",SP.DYN.CDRT.IN,13.591,13.265,12.949,12.627,12.304,11.969,11.643,11.319,10.981,10.706,10.465,10.245,10.03,9.844,9.662,9.463,9.288,9.117,8.941,8.771,8.592,8.414,8.232,8.053,7.869,7.689,7.521,7.359,7.213,7.092,6.977,6.879,6.788,6.713,6.621,6.54,6.46,6.393,6.355,6.302,6.248,6.189,6.126,6.033,5.96,5.896,5.836,5.793,5.778,5.784,5.801,5.843,5.881,5.924,5.998,6.045,6.226,6.256,6.337,6.452,7.502,8.366,7.539,7.077,
Barbados,BRB,"Death rate, crude (per 1,000 people)",SP.DYN.CDRT.IN,9.222,8.645,8.314,8.122,7.888,7.607,7.408,7.205,7.095,6.969,6.966,6.942,6.871,6.912,6.844,6.73,6.665,6.55,6.384,6.336,6.192,6.246,6.406,6.56,6.751,7.053,7.297,7.571,7.865,8.189,8.447,8.504,8.613,8.705,8.818,8.887,8.904,9.059,8.932,8.994,9.13,9.041,9.036,9.075,8.97,9.125,9.121,9.064,9.128,9.109,9.203,9.21,9.208,9.252,9.283,9.324,9.36,9.427,9.459,9.517,9.548,9.817,11.097,10.613,
Brunei Darussalam,BRN,"Death rate, crude (per 1,000 people)",SP.DYN.CDRT.IN,11.37,10.657,10.506,9.409,8.908,8.545,8.104,7.769,7.432,7.139,6.928,6.503,6.124,5.865,5.626,5.398,5.203,5.034,4.882,4.747,4.625,4.526,4.431,4.345,4.284,4.216,4.143,4.09,4.037,3.979,3.928,3.875,3.812,3.746,3.687,3.625,3.579,3.538,3.502,3.482,3.472,3.472,3.487,3.511,3.555,3.61,3.676,3.752,3.775,3.803,3.825,3.843,3.908,4.018,4.135,4.256,4.381,4.509,4.641,4.779,4.922,5.238,6.559,5.23,
Bhutan,BTN,"Death rate, crude (per 1,000 people)",SP.DYN.CDRT.IN,26.952,26.662,26.305,25.953,25.559,25.134,24.658,24.14,23.595,23.047,22.493,21.923,21.353,20.797,20.23,19.644,19.07,18.503,17.924,17.345,16.773,16.192,15.6,15.032,14.491,13.984,13.457,12.94,12.447,11.984,11.569,11.249,11.314,10.382,10.161,9.692,9.133,8.772,8.411,8.055,8.188,7.65,7.5,7.386,7.341,7.362,7.26,7.059,6.89,6.797,6.647,6.549,6.482,6.463,6.478,6.526,6.568,6.643,6.48,6.35,6.275,6.234,6.143,6.11,
Botswana,BWA,"Death rate, crude (per 1,000 people)",SP.DYN.CDRT.IN,16.412,15.937,15.473,15.038,14.633,14.358,14.051,13.741,13.425,13.103,12.784,12.301,11.786,11.294,10.867,10.433,9.978,9.522,9.031,8.683,8.454,8.06,7.786,7.559,7.401,7.312,7.325,7.427,7.822,7.931,8.338,8.822,9.169,9.599,10.267,10.894,11.134,11.534,11.942,12.288,12.525,12.657,12.652,12.444,12.102,11.735,11.422,10.633,10.225,9.975,9.625,9.416,9.151,8.776,8.358,7.913,7.463,7.035,6.685,6.408,6.254,8.393,5.826,5.724,
Central African Republic,CAF,"Death rate, crude (per 1,000 people)",SP.DYN.CDRT.IN,25.246,24.733,24.215,23.695,23.176,22.667,22.171,21.682,21.207,20.712,20.221,19.727,19.243,18.761,18.311,17.901,17.654,17.441,17.282,17.16,17.06,16.979,16.897,16.828,16.766,16.707,16.668,16.656,16.589,16.45,16.369,16.313,16.28,16.238,16.274,16.411,16.489,16.583,16.553,16.541,16.632,16.539,16.298,15.982,15.669,15.303,15.036,14.6,14.243,72.483,15.907,14.008,13.311,14.395,21.406,12.683,13.177,16.943,12.403,30.25,13.259,20.89,55.126,9.419,
Canada,CAN,"Death rate, crude (per 1,000 people)",SP.DYN.CDRT.IN,7.8,7.7,7.7,7.8,7.5,7.6,7.5,7.4,7.4,7.3,7.3,7.3,7.4,7.4,7.4,7.3,7.2,7.1,7.1,7,7.1,7,7.1,7,7,7,7.2,7.2,7.3,7.3,7.3,7,6.9,7.1,7.1,7.2,7.2,7.2,7.2,7.2,7.1,7.1,7.1,7.1,7.1,7.1,7,7.2,7.2,7.1,7.1,7.1,7.1,7.2,7.3,7.4,7.4,7.6,7.7,7.6,8.1,8.2,8.6,8.1,
Central Europe and the Baltics,CEB,"Death rate, crude (per 1,000 people)",SP.DYN.CDRT.IN,8.63217162,8.495006181,9.11481208,8.511228421,8.505739901,8.67903438,8.51306874,9.021372137,9.197538657,9.711485153,9.625411692,9.855959522,9.527539267,9.822087675,9.665406574,9.973065878,10.07355868,10.17237577,10.43602014,10.37481731,10.93984038,10.55125971,10.60224922,10.94929939,11.02923907,11.29737628,11.04272946,11.10447364,10.96874542,11.0488327,11.17514335,11.41463757,11.42163297,11.48442673,11.43373737,11.49484856,11.52005716,11.40901423,11.27738993,11.2557641,11.00692336,11.00386236,11.16444986,11.31944379,11.11677889,11.34498586,11.28587385,11.38941109,11.37212514,11.43433358,11.42948365,11.31672317,11.49671608,11.42108824,11.38966563,11.86442063,11.64187339,12.01220257,12.16535939,12.0266039,13.79764204,15.54561008,13.26655751,11.98190412,
Switzerland,CHE,"Death rate, crude (per 1,000 people)",SP.DYN.CDRT.IN,9.8,9.4,9.9,10,9.3,9.5,9.4,9.2,9.5,9.5,9.2,9.3,9,9,8.9,8.8,9.1,8.9,9.2,9.1,9.4,9.4,9.3,9.5,9.1,9.2,9.2,9.3,9,9.2,9.5,9.2,9.1,9,8.9,9,8.9,8.9,8.8,8.7,8.7,8.5,8.5,8.6,8.1,8.2,8.1,8.1,8,8.1,8,7.8,8,8,7.8,8.2,7.8,7.9,7.9,7.9,8.8,8.2,8.5,8.1,
Channel Islands,CHI,"Death rate, crude (per 1,000 people)",SP.DYN.CDRT.IN,11.2,11.9,11.7,11.4,11.9,12.2,11.8,11.9,12.2,12.3,12.3,12.1,12.1,11.6,11.7,11.7,11.8,11.7,11.7,11.8,11.5,11.5,12.3,10.9,10.8,10.8,10.9,10.7,10.5,10.2,10.6,10.4,10.1,10.4,10.3,9.8,9.8,9.5,9.3,8.9,9.2,9.1,9,8.9,8.6,8.5,8.3,8.3,8.3,8.2,8.2,8.2,8.4,8.4,8.5,8.9,9.2,9.5,9.6,9.7,10.2,10.9,10.3,10.4,
Chile,CHL,"Death rate, crude (per 1,000 people)",SP.DYN.CDRT.IN,10.968,10.913,10.64,10.363,10.128,9.805,9.364,9.064,8.788,8.508,8.415,8.244,7.96,7.666,7.406,7.032,6.758,6.538,6.421,6.16,6.005,5.979,5.884,5.762,5.707,5.645,5.549,5.459,5.408,5.334,5.247,5.18,5.177,5.167,5.166,5.154,5.186,5.189,5.089,5.036,5.011,4.969,5.013,5.161,5.14,5.238,5.377,5.494,5.617,5.687,5.76,5.888,6.092,6.058,6.119,6.106,6.086,6.037,6.196,6.46,7.393,7.655,7.573,6.495,
China,CHN,"Death rate, crude (per 1,000 people)",SP.DYN.CDRT.IN,25.43,14.24,10.02,10.04,11.5,9.5,8.83,8.43,8.21,8.03,7.6,7.32,7.61,7.04,7.34,7.32,7.25,6.87,6.25,6.21,6.34,6.36,6.6,6.9,6.82,6.78,6.86,6.72,6.64,6.54,6.67,6.7,6.64,6.64,6.49,6.57,6.56,6.51,6.5,6.46,6.45,6.43,6.41,6.4,6.42,6.51,6.81,6.93,7.06,7.08,7.11,7.14,7.13,7.13,7.12,7.07,7.04,7.06,7.08,7.09,7.07,7.18,7.37,7.87,
Cote d'Ivoire,CIV,"Death rate, crude (per 1,000 people)",SP.DYN.CDRT.IN,27.514,26.894,26.252,25.625,25.025,24.399,23.787,23.176,22.548,21.906,21.255,20.588,19.909,19.263,18.609,17.961,17.395,16.766,16.104,15.557,15.138,14.796,14.507,14.251,14.009,13.814,13.66,13.542,13.475,13.438,13.457,13.478,13.492,13.484,13.493,13.559,13.55,13.547,13.628,13.592,13.478,13.36,13.183,13.092,12.706,12.344,11.996,11.611,11.163,10.995,10.851,10.647,10.482,10.366,10.12,9.798,9.437,9.103,8.776,8.492,8.493,8.378,7.816,7.66,
Cameroon,CMR,"Death rate, crude (per 1,000 people)",SP.DYN.CDRT.IN,28.697,28.207,22.081,21.707,21.293,20.868,20.401,19.897,19.393,18.893,18.407,18.009,17.646,17.376,17.213,17.083,17.002,16.916,16.745,16.571,16.238,15.976,15.711,15.148,14.723,14.293,14.153,13.719,13.542,13.432,13.383,13.427,13.425,13.458,13.566,13.589,13.588,13.557,13.532,13.424,13.275,13.071,12.849,12.645,12.445,12.238,11.978,11.703,11.435,11.174,10.86,10.52,10.105,9.758,9.477,9.2,8.908,8.65,8.431,8.163,8.107,8.258,7.673,7.151,
"Congo, Dem. Rep.",COD,"Death rate, crude (per 1,000 people)",SP.DYN.CDRT.IN,23.249,23.704,23.507,23.313,23.7,23.135,22.046,21.896,21.628,21.377,21.085,20.853,20.583,20.358,20.14,19.924,19.761,19.581,19.574,19.124,18.985,18.849,18.667,18.463,18.239,18.173,17.963,17.721,17.449,17.168,16.859,16.616,16.327,16.138,15.793,15.799,16.522,15.744,15.865,15.577,14.619,14.382,14.204,13.814,13.411,13.098,12.803,12.53,12.264,12.006,11.654,11.367,11.113,10.844,10.595,10.349,10.076,9.867,9.647,9.46,9.31,9.38,8.93,8.525,
"Congo, Rep.",COG,"Death rate, crude (per 1,000 people)",SP.DYN.CDRT.IN,17.86,17.303,16.799,16.321,15.89,15.472,15.102,14.861,14.407,14.086,13.798,13.523,13.275,13.007,12.773,12.553,12.33,12.077,11.871,11.631,11.389,11.167,10.98,10.791,10.577,10.519,10.476,10.469,10.494,10.568,10.667,10.806,10.951,11.153,11.385,11.476,11.608,15.461,12.979,11.923,11.257,11.151,10.905,10.451,10.027,9.616,9.246,8.964,8.655,8.367,8.23,7.952,7.767,7.572,7.347,7.166,7.026,6.881,6.758,7.344,6.798,6.897,6.571,6.288,
Colombia,COL,"Death rate, crude (per 1,000 people)",SP.DYN.CDRT.IN,11.964,11.557,11.183,10.793,10.441,10.086,9.737,9.402,9.078,8.74,8.433,8.099,7.8,7.554,7.311,7.089,6.85,6.636,6.423,6.323,6.159,6.019,5.824,5.763,5.715,6.893,5.78,5.884,5.888,5.833,5.863,5.9,5.96,5.892,5.805,5.697,5.586,5.482,5.432,5.5,5.574,5.531,5.46,5.242,5.151,5.085,5.042,5.065,5.013,5.029,5.012,5.019,4.977,5.033,5.145,5.252,5.31,5.315,5.35,5.38,6.621,7.869,5.881,5.398,
Comoros,COM,"Death rate, crude (per 1,000 people)",SP.DYN.CDRT.IN,24.677,24.387,24.089,23.766,23.402,23.119,22.695,22.203,21.721,21.237,20.756,20.264,19.807,19.397,19.015,19.533,18.353,17.996,17.636,17.333,16.917,16.475,16.086,15.794,15.313,14.946,14.564,14.254,13.837,13.546,13.104,12.758,12.478,12.155,11.819,11.535,11.296,11.149,11.06,10.705,10.606,10.24,10.125,9.834,9.623,9.456,9.293,9.186,8.985,8.865,8.706,8.596,8.471,8.323,8.198,8.063,7.943,7.828,7.733,7.644,7.662,7.932,7.3,7.196,
Cabo Verde,CPV,"Death rate, crude (per 1,000 people)",SP.DYN.CDRT.IN,18.891,18.129,17.368,16.639,15.926,15.253,14.666,14.169,13.756,13.429,13.212,13.07,12.945,12.776,12.613,12.376,12.133,11.76,11.474,11.214,10.949,10.782,10.632,10.463,10.385,10.109,9.903,9.67,9.43,9.185,8.918,8.728,8.536,8.34,8.142,8.463,7.575,7.276,6.972,6.657,6.35,6.102,5.836,5.657,5.533,5.425,5.351,5.349,5.27,5.247,5.224,5.182,5.129,5.165,5.154,5.136,5.15,5.115,5.162,5.004,5.886,5.648,5.004,5.059,
Costa Rica,CRI,"Death rate, crude (per 1,000 people)",SP.DYN.CDRT.IN,8.663,8.413,8.175,8.031,7.848,7.622,7.349,7.048,6.822,6.507,6.274,5.986,5.724,5.452,5.208,4.948,4.742,4.586,4.452,4.325,4.195,4.107,4.017,3.94,3.881,3.875,3.859,3.81,3.751,3.701,3.676,3.684,3.696,3.779,3.837,3.859,3.926,3.934,3.914,3.926,3.916,3.893,3.862,3.862,3.858,3.844,3.892,3.992,4.083,4.134,4.256,4.287,4.304,4.332,4.452,4.518,4.822,4.964,5.056,5.124,5.573,6.567,6.106,5.457,
Caribbean small states,CSS,"Death rate, crude (per 1,000 people)",SP.DYN.CDRT.IN,10.51757316,10.3569008,9.961168757,9.710302812,9.437523349,9.223098538,9.042219197,8.88355479,8.744921669,8.640688541,8.57697153,8.468112225,8.366380678,8.266089976,8.165298075,8.077574946,7.980007005,7.929135202,7.91516233,7.886146998,7.885133657,7.847793219,7.822555676,7.811520746,7.697558909,7.640051642,7.607586566,7.552797633,7.49033737,7.440212848,7.429259104,7.36634966,7.331387932,7.296885454,7.296247742,7.304124378,7.323790622,7.335802406,7.28742303,7.27977641,7.303917422,7.297041987,7.289293716,7.325897496,7.333288282,7.302197017,7.259517194,7.194318469,7.197405108,7.216765593,7.258260533,7.284877356,7.343283236,7.388733008,7.388617416,7.480828829,7.532007427,7.639488458,7.691298882,7.884447688,8.267857446,9.849730737,7.973623414,7.938172893,
Cuba,CUB,"Death rate, crude (per 1,000 people)",SP.DYN.CDRT.IN,8.913,8.786,8.573,8.647,8.251,8.087,7.87,7.655,7.458,7.286,7.029,6.82,6.674,6.593,6.47,6.355,6.27,6.215,6.188,6.251,6.314,6.377,6.256,6.303,6.434,6.581,6.647,6.733,6.789,6.942,6.982,7.17,7.255,7.38,7.353,7.373,7.334,7.262,7.214,7.237,7.354,7.28,7.326,7.103,7.324,7.364,7.701,7.84,8.002,8.212,8.151,8.165,8.245,8.516,8.884,9.123,9.44,9.91,9.866,10.047,10.403,15.253,10.286,10.147,
Curacao,CUW,"Death rate, crude (per 1,000 people)",SP.DYN.CDRT.IN,8,7.79,7.643,7.497,7.36,7.236,7.111,6.997,6.885,6.784,6.669,6.568,6.47,6.426,6.393,6.373,6.356,6.357,6.364,6.355,6.367,6.387,6.415,6.472,6.512,6.566,6.628,6.678,6.758,6.891,6.899,6.977,7.043,7.147,7.232,7.345,7.44,7.549,7.697,7.836,7.989,8.121,8.136,8.188,8.258,8.357,8,7.9,8.6,7.9,8.4,8.5,8.2,8.1,8.8,8.8,9.3,8.9,8.8,8.8,9.3,11.1,10.4,9.7,
Cayman Islands,CYM,"Death rate, crude (per 1,000 people)",SP.DYN.CDRT.IN,14.457,13.872,13.327,12.73,12.154,11.608,11.209,11.05,10.967,10.833,10.895,10.157,9.969,9.284,8.794,8.456,8.217,8.029,7.942,7.872,7.768,7.457,7.138,6.883,6.709,6.541,6.425,6.356,6.351,6.375,6.329,6.168,6.01,5.879,5.766,5.669,5.616,5.576,5.552,5.555,5.552,5.481,5.45,5.45,5.47,5.406,5.389,5.374,5.329,5.272,5.169,5.04,4.872,4.731,4.73,4.722,4.723,4.735,4.767,4.809,4.873,4.984,4.82,4.801,
Cyprus,CYP,"Death rate, crude (per 1,000 people)",SP.DYN.CDRT.IN,10.381,10.179,9.774,11.24,11.087,9.4,9.399,9.4,9.483,9.581,9.623,9.817,10.046,10.15,17.414,9.159,8.937,8.735,8.564,8.449,8.203,8.236,8.135,8.116,7.963,7.588,7.47,7.344,7.374,7.183,7.179,7.175,7.277,7.347,7.294,7.166,6.999,6.887,6.889,6.743,6.616,6.539,6.287,6.265,6.289,6.253,6.175,6.055,6.095,5.923,5.883,5.874,5.838,5.861,5.988,6.043,6.135,6.309,6.382,6.6,6.668,7.209,7.693,7.063,
Czechia,CZE,"Death rate, crude (per 1,000 people)",SP.DYN.CDRT.IN,9.8,9.9,10.8,10.4,10.5,10.7,10.8,11.1,11.7,12.2,12.5,12.5,12.1,12.5,12.7,12.4,12.4,12.4,12.4,12.4,13.2,12.7,12.7,13,12.8,12.7,12.8,12.3,12.1,12.3,12.5,12.1,11.7,11.4,11.4,11.4,10.9,10.9,10.6,10.7,10.6,10.5,10.6,10.9,10.5,10.6,10.2,10.2,10.1,10.3,10.2,10.2,10.3,10.4,10,10.5,10.2,10.5,10.6,10.5,12.1,13.3,11.3,10.4,
Germany,DEU,"Death rate, crude (per 1,000 people)",SP.DYN.CDRT.IN,12,11.6,11.9,12,11.6,12,11.9,11.9,12.6,12.7,12.5,12.3,12.3,12.2,12.1,12.6,12.3,11.9,12.2,12.1,12.2,12.2,12,12,11.8,12,11.9,11.6,11.5,11.5,11.6,11.4,11,11.1,10.9,10.8,10.8,10.5,10.4,10.3,10.2,10.1,10.2,10.3,9.9,10.1,10,10.1,10.3,10.4,10.5,10.6,10.8,11.1,10.7,11.3,11.1,11.3,11.5,11.3,11.9,12.3,12.7,12.3,
Djibouti,DJI,"Death rate, crude (per 1,000 people)",SP.DYN.CDRT.IN,20.175,19.936,19.698,19.435,19.162,18.882,18.641,18.323,18.019,17.538,17.222,17.316,16.443,16.007,15.603,15.199,14.818,14.485,14.217,14.004,13.794,13.659,13.341,13.042,12.718,12.428,12.109,11.872,11.704,11.391,11.189,11.575,12.762,11.393,11.684,11.17,11.024,10.946,10.814,10.76,10.692,10.307,10.171,10.133,10.108,9.88,9.641,9.449,9.233,8.997,8.85,8.612,8.484,8.359,8.28,8.162,8.007,7.921,7.83,7.797,8.033,8.327,7.544,7.456,
Dominica,DMA,"Death rate, crude (per 1,000 people)",SP.DYN.CDRT.IN,13.269,12.552,11.87,11.325,10.851,10.421,10.065,9.797,9.529,9.294,9.076,8.715,8.272,7.904,7.637,7.409,7.29,7.243,7.195,7.718,7.201,7.276,7.331,7.357,7.54,7.699,8.001,8.354,8.785,9.212,9.615,9.971,10.004,9.869,9.727,9.659,9.578,9.551,9.561,9.634,9.729,9.876,9.914,9.956,10.003,10.088,10.252,10.486,10.717,11.064,11.51,11.963,11.447,11.718,10.027,10.873,10.374,13.626,12.517,12.611,12.706,14.31,12.908,12.763,
Denmark,DNK,"Death rate, crude (per 1,000 people)",SP.DYN.CDRT.IN,9.5,9.4,9.8,9.8,9.9,10.1,10.3,9.9,9.7,9.8,9.8,9.8,10.1,10.1,10.2,10.1,10.6,9.9,10.4,10.7,10.9,11,10.8,11.2,11.2,11.4,11.3,11.3,11.5,11.6,11.9,11.6,11.8,12.1,11.7,12.1,11.6,11.3,11,11.1,10.9,10.9,10.9,10.7,10.3,10.1,10.2,10.2,9.9,9.9,9.8,9.4,9.4,9.3,9.1,9.2,9.2,9.2,9.5,9.3,9.4,9.8,10.1,9.8,
Dominican Republic,DOM,"Death rate, crude (per 1,000 people)",SP.DYN.CDRT.IN,16.115,15.49,14.857,14.342,13.626,14.099,12.553,12.01,11.494,11.015,10.576,10.159,9.78,9.427,9.087,8.775,8.49,8.229,7.996,8.063,7.612,7.429,7.243,7.082,6.89,6.699,6.542,6.404,6.287,6.181,6.062,5.94,5.836,5.752,5.681,5.636,5.605,5.559,5.575,5.54,5.557,5.552,5.549,5.558,5.663,5.618,5.682,5.747,5.755,5.749,5.663,5.573,5.543,5.549,5.599,5.755,5.876,5.8,5.857,6.132,6.474,6.986,5.899,6.25,
Algeria,DZA,"Death rate, crude (per 1,000 people)",SP.DYN.CDRT.IN,23.576,23.59,24.88,22.385,22.609,22.812,22.66,22.444,22.205,21.915,21.533,21.043,20.448,19.786,19.05,18.061,17.355,16.547,15.478,14.23,12.865,11.205,10.006,9.111,8.339,7.602,7.003,6.541,6.17,5.902,5.799,5.751,5.739,5.727,5.974,5.835,5.694,5.52,5.431,5.205,5.109,5.022,4.88,4.874,4.744,4.731,4.724,4.733,4.72,4.705,4.678,4.658,4.654,4.641,4.646,4.645,4.647,4.66,4.667,4.681,5.988,4.96,4.602,4.641,
East Asia & Pacific (excluding high income),EAP,"Death rate, crude (per 1,000 people)",SP.DYN.CDRT.IN,22.90553683,14.48276508,11.30312253,11.26058516,12.22539461,11.20380284,10.22718002,9.707862398,9.547632413,9.276189094,8.909918377,8.607274841,8.833430164,8.272713275,8.442778597,8.580331062,8.436894112,8.067526626,7.54168683,7.163131149,7.194832014,7.166976512,7.282482707,7.439887681,7.326619174,7.238614741,7.245997982,7.09466348,6.999117686,6.883846712,6.94369729,6.935285156,6.848744332,6.809240809,6.692009428,6.783567241,6.75898191,6.700283104,6.678881814,6.64958208,6.627465818,6.606643293,6.583469726,6.535687887,6.650014839,6.619382052,6.83802288,6.914610226,7.075673578,7.018300919,7.041615908,7.05709686,7.048650561,7.050334083,7.045885898,7.017775672,7.007419829,7.022716492,7.060475927,7.08774438,7.231285305,7.663944929,7.372208694,7.691404602,
Early-demographic dividend,EAR,"Death rate, crude (per 1,000 people)",SP.DYN.CDRT.IN,18.8093572,18.45886977,18.12877458,17.77980487,17.41415113,18.09082452,17.37400868,16.87232823,16.13632764,15.84203542,15.88461772,16.66545413,15.06123624,14.77899937,14.49496039,14.43530859,14.08715731,13.72033278,13.38353811,12.77766704,12.46870698,12.17704187,11.90196544,11.72477899,11.41819445,11.11579738,10.84048272,10.43375919,10.2034384,9.958903415,9.777934418,9.604554839,9.336885667,9.150928135,9.388532248,8.807298179,8.639476353,8.483448135,8.345325098,8.214770223,8.049672926,7.937867293,7.792941965,7.695039113,7.630777996,7.478648879,7.351208131,7.25008509,7.19800989,7.029858655,6.956311923,6.826411792,6.750455588,6.679108405,6.605129115,6.565776514,6.530522288,6.490115824,6.474317668,6.457311813,7.15369194,8.348860197,6.4439826,6.398930196,
East Asia & Pacific,EAS,"Death rate, crude (per 1,000 people)",SP.DYN.CDRT.IN,20.88090217,13.59936059,10.87136587,10.78824784,11.60151135,10.73106299,9.877184258,9.354161228,9.223159077,8.974190284,8.662261833,8.351107845,8.515941069,8.075353396,8.202926626,8.312204151,8.183399374,7.829921414,7.36967155,7.022090189,7.087062339,7.025228448,7.122839963,7.281011973,7.165306276,7.093236184,7.098212823,6.971539132,6.902791718,6.796485936,6.867467655,6.857604751,6.795115276,6.765911077,6.668763809,6.76754893,6.731742847,6.685505537,6.674991912,6.67132404,6.640708929,6.618615004,6.60639164,6.57602942,6.689608494,6.686686714,6.875963742,6.961143586,7.123076882,7.068035004,7.114410863,7.154664617,7.156294402,7.159990557,7.161109401,7.148224622,7.154346391,7.184351344,7.230338631,7.268154065,7.389310029,7.826197205,7.675593743,7.925843272,
Europe & Central Asia (excluding high income),ECA,"Death rate, crude (per 1,000 people)",SP.DYN.CDRT.IN,12.24862243,11.93771477,11.7469846,11.49396891,11.23458025,11.03315502,10.85589272,10.72674602,10.64826592,10.58219451,10.51355382,10.40513331,10.2937184,10.2057698,10.13552634,10.11706897,10.07559245,10.02774772,9.992974869,9.999578675,10.00294062,9.788426888,9.654259629,9.580815718,9.552056915,9.383027194,9.169227948,9.01980451,9.110133924,8.910430804,8.969019145,9.122810541,9.643595399,9.846685658,9.766933268,9.781972975,9.685368385,9.551726565,9.460867558,9.567273175,9.403219241,9.373741711,9.427898249,9.424741606,9.461323846,9.494728877,9.440230736,9.400980423,9.283186444,8.846077292,8.639417071,8.529452248,8.365231398,8.198946201,8.16317193,8.021756561,7.919708333,7.819615026,7.884744536,7.887527378,9.035834442,9.915930189,8.218162936,7.978063176,
Europe & Central Asia,ECS,"Death rate, crude (per 1,000 people)",SP.DYN.CDRT.IN,10.12705233,9.996380871,10.19036991,10.06373877,9.791828495,9.93889821,9.862562911,9.908439895,10.12274742,10.31586076,10.20167115,10.20819683,10.15875326,10.21167893,10.17086154,10.33687691,10.35888861,10.27433671,10.37532831,10.40543212,10.52580726,10.3928351,10.270686,10.43449505,10.41944896,10.45910202,10.16121253,10.06151489,10.10736986,10.06867621,10.19815385,10.28616254,10.47365691,10.9962852,11.07065558,10.99679787,10.81705634,10.65183938,10.5756062,10.77594888,10.72756229,10.7056097,10.86005234,10.97187502,10.62214669,10.74530212,10.4604876,10.40010707,10.38386443,10.18317566,10.13025969,9.956383842,10.02059771,9.910885939,9.826346177,10.06967618,9.905124866,9.940332214,9.987505262,9.884872232,11.2354684,11.89039998,10.64595939,10.08863196,
Ecuador,ECU,"Death rate, crude (per 1,000 people)",SP.DYN.CDRT.IN,15.312,14.836,14.385,13.933,13.493,13.092,12.741,12.411,12.077,11.809,11.41,11.053,10.709,10.356,10.066,9.78,9.517,9.161,8.841,8.537,8.24,7.951,7.682,7.46,7.185,6.953,6.696,6.47,6.277,5.98,5.776,5.626,5.524,5.372,5.161,5.073,4.993,4.997,5.077,5.158,5.168,5.052,4.908,4.817,4.813,4.879,4.923,4.918,4.807,4.83,4.814,4.935,4.901,4.846,4.815,4.869,5.005,5.066,4.648,4.753,7.474,7.108,5.363,5.128,
"Egypt, Arab Rep.",EGY,"Death rate, crude (per 1,000 people)",SP.DYN.CDRT.IN,21.982,21.276,20.605,20.001,19.44,18.91,18.509,18.303,17.954,17.821,17.59,17.279,16.993,16.796,16.218,15.796,15.354,14.847,14.33,13.805,13.263,12.709,12.196,11.718,11.232,10.758,10.303,9.874,9.483,9.1,8.702,8.363,8.03,7.707,7.424,7.15,6.918,6.732,6.575,6.436,6.319,6.235,6.175,6.131,6.101,6.09,6.086,6.092,6.095,6.088,6.076,6.049,5.999,5.966,5.879,5.818,5.707,5.628,5.533,5.477,6.407,7.036,5.675,5.461,
Euro area,EMU,"Death rate, crude (per 1,000 people)",SP.DYN.CDRT.IN,10.48668919,10.2416263,10.57116005,10.59613673,10.27585596,10.50420794,10.36668402,10.4008039,10.71180756,10.88088174,10.62267298,10.636188,10.49503623,10.55536263,10.43159695,10.61174901,10.51005563,10.26798915,10.32040259,10.20494935,10.29665487,10.25321253,10.07970562,10.28829529,10.07656792,10.2173955,10.0932506,9.935014184,9.929294394,9.933003152,10.01837122,10.00203528,9.844841734,9.967709961,9.832604727,9.858749421,9.835815958,9.737711725,9.804389269,9.76519906,9.623912462,9.501405243,9.577316756,9.78361707,9.254999243,9.459215832,9.257244297,9.332112211,9.429599647,9.42857837,9.430964014,9.431541126,9.712884319,9.688783885,9.519946011,10.10908342,9.885112266,10.16088926,10.16277038,10.06865404,11.14363743,11.11070343,11.20386422,10.54635633,
Eritrea,ERI,"Death rate, crude (per 1,000 people)",SP.DYN.CDRT.IN,25.7,25.323,24.982,24.564,24.254,23.902,25.754,23.303,22.985,22.66,22.299,21.927,22.584,22.148,23.989,23.833,20.609,20.284,19.944,19.612,19.005,18.742,18.761,25.702,25.078,24.16,23.305,16.838,16.393,16.581,15.323,15.99,13.705,13.009,12.735,11.741,12.007,11.502,14.533,18.033,11.145,9.892,9.736,9.313,9.233,8.964,8.633,8.317,8.077,7.825,7.615,7.417,7.248,7.124,6.989,6.828,6.729,6.604,6.484,6.413,6.582,6.612,6.319,6.047,
Spain,ESP,"Death rate, crude (per 1,000 people)",SP.DYN.CDRT.IN,8.6,8.3,8.7,8.8,8.4,8.4,8.4,8.4,8.4,8.9,8.3,8.8,8.1,8.5,8.3,8.3,8.3,8.1,8.1,7.8,7.7,7.8,7.5,7.9,7.8,8.1,8,8,8.2,8.4,8.6,8.7,8.5,8.6,8.6,8.7,8.8,8.7,9,9.2,8.9,8.8,8.8,9.1,8.6,8.8,8.3,8.5,8.4,8.3,8.2,8.3,8.6,8.3,8.5,9.1,8.8,9.1,9.1,8.8,10.4,9.5,9.7,9,
Estonia,EST,"Death rate, crude (per 1,000 people)",SP.DYN.CDRT.IN,10.5,10.6,10.9,10.5,10,10.4,10.5,10.4,10.7,11.3,11.2,10.9,11.1,11.1,10.9,11.6,12.1,11.8,12.2,12.3,12.3,12.3,11.9,12.1,12.6,12.7,11.7,11.8,11.9,11.8,12.4,12.6,13.1,14.2,15.2,14.5,13.4,13.3,14,13.4,13.2,13.3,13.3,13.2,13,12.8,12.9,13,12.5,12.1,11.9,11.5,11.7,11.6,11.8,11.6,11.7,11.8,11.9,11.6,11.9,14,12.8,11.7,
Ethiopia,ETH,"Death rate, crude (per 1,000 people)",SP.DYN.CDRT.IN,23.934,23.548,23.363,23.079,22.907,22.85,24.81,22.457,22.374,22.359,22.393,22.344,23.416,23.352,25.262,25.367,23.069,23.219,23.025,22.458,22.171,21.471,21.368,28.219,27.614,26.536,25.905,19.225,19.37,19.39,19.71,18.48,18.116,17.762,17.473,17.176,16.662,16.185,15.658,15.632,14.681,14.222,13.697,13.114,12.519,12.074,11.427,10.732,10.067,9.505,8.98,8.534,8.118,7.78,7.461,7.206,6.999,6.786,6.631,6.481,6.403,6.638,6.093,5.96,
European Union,EUU,"Death rate, crude (per 1,000 people)",SP.DYN.CDRT.IN,10.05383744,9.844405147,10.23174827,10.12173755,9.87499885,10.09173966,9.953589439,10.09378273,10.3585753,10.59788281,10.37409241,10.45351187,10.25603361,10.38471325,10.25654213,10.46142247,10.42025955,10.24661382,10.34799504,10.25296339,10.45837872,10.32974293,10.21136166,10.44274962,10.3033448,10.49406133,10.35181628,10.24609533,10.21810363,10.22751275,10.32259132,10.35204347,10.23635108,10.32969866,10.19527994,10.24229355,10.24545288,10.13597416,10.1388377,10.11679819,9.944519256,9.843007624,9.936561913,10.11609234,9.656021441,9.847965141,9.674318034,9.74437383,9.817225324,9.831822417,9.824281016,9.797389929,10.05261763,10.00980929,9.865776371,10.41399353,10.19477798,10.47833706,10.51640022,10.40622802,11.61413009,11.88612502,11.52183379,10.76804631,
Fragile and conflict affected situations,FCS,"Death rate, crude (per 1,000 people)",SP.DYN.CDRT.IN,20.88289527,20.61866502,20.28826065,20.08749838,19.79817625,19.62064627,19.59839527,19.35016989,18.99737511,18.82519311,18.50643181,18.19662867,18.2538437,17.84018953,17.795639,17.67279968,17.28740755,16.94754019,16.84362081,16.6681898,16.47030536,16.33708593,16.29444028,16.87517949,16.92546474,16.69545592,16.18439895,15.60226201,15.80815346,15.19194357,15.14733387,15.29232252,15.19100306,14.75658975,14.38437846,14.40602789,14.34548364,14.08841691,14.15615117,13.6902381,13.30529819,13.10743805,12.80799508,12.57088758,12.34227481,12.0742351,11.7764461,11.46833755,11.34443447,11.18425629,10.72078896,10.62098709,10.21380549,9.99111215,9.945423613,9.811796286,9.657936873,9.530015748,9.208261437,9.062758987,9.063590745,9.320318146,8.823711503,8.329758591,
Finland,FIN,"Death rate, crude (per 1,000 people)",SP.DYN.CDRT.IN,9,9.1,9.5,9.3,9.3,9.7,9.5,9.5,9.7,9.9,9.6,9.9,9.5,9.3,9.5,9.3,9.5,9.3,9.2,9.2,9.3,9.3,9,9.3,9.2,9.8,9.6,9.7,9.9,9.9,10,9.8,9.9,10.1,9.4,9.6,9.6,9.6,9.6,9.6,9.5,9.4,9.5,9.4,9.1,9.1,9.1,9.3,9.2,9.3,9.5,9.4,9.6,9.5,9.6,9.6,9.8,9.8,9.9,9.8,10,10.4,11.4,11,
Fiji,FJI,"Death rate, crude (per 1,000 people)",SP.DYN.CDRT.IN,10.778,10.281,9.813,9.368,8.905,8.406,8.2,8.163,7.932,7.995,7.808,7.714,7.719,8.16,7.885,7.697,7.564,7.324,7.187,7.558,7.521,7.609,7.647,7.304,7.164,6.824,6.861,6.815,6.538,6.384,6.572,6.433,6.499,6.499,6.426,6.395,6.368,6.372,6.382,6.416,6.818,6.946,7.478,7.496,7.515,7.567,7.616,7.734,7.796,7.915,7.799,7.897,8.777,8.43,8.562,8.791,8.792,8.695,8.939,9.092,9.286,11.157,9.299,9.255,
France,FRA,"Death rate, crude (per 1,000 people)",SP.DYN.CDRT.IN,11.4,11.3,11.2,11.1,11.1,11.1,11,11,10.9,10.9,10.8,10.8,10.7,10.6,10.5,10.4,10.4,10.3,10.2,10.2,10.2,10.1,10,10,9.9,9.8,9.7,9.6,9.5,9.4,9.3,9.2,9.2,9.2,9.1,9.1,9.1,9.1,9.1,9.1,8.9,8.8,8.8,9.1,8.3,8.5,8.3,8.3,8.5,8.5,8.5,8.4,8.7,8.7,8.4,8.9,8.9,9.1,9.1,9.1,9.9,9.8,9.9,9.2,
Faroe Islands,FRO,"Death rate, crude (per 1,000 people)",SP.DYN.CDRT.IN,7.786,7.547,7.383,7.263,7.183,7.128,7.093,7.083,7.057,7.053,7.4,8,6.9,7.7,7.6,6.9,7,6.5,7.1,6.3,7.1,6.7,7.1,8.1,7.8,7.5,8.1,8,9,7.9,7.5,8.4,8.5,8.4,8,8.4,9.1,8.6,8.5,8.9,7.8,7.7,8.3,8.5,7.9,8.7,8.7,7.9,7.9,8,7.2,8,8.5,7.6,8.1,7.8,7.7,8.9,7.7,8,7,8.1,9.1,7.6,
"Micronesia, Fed. Sts.",FSM,"Death rate, crude (per 1,000 people)",SP.DYN.CDRT.IN,13.338,12.943,12.483,12.092,11.633,11.245,10.872,10.522,10.186,9.882,9.6,9.367,9.094,8.859,8.616,8.426,8.236,8.068,7.899,7.781,7.678,7.57,7.481,7.391,7.294,7.194,7.09,7.025,6.89,6.769,6.677,6.573,6.484,6.77,7.115,7.389,7.28,7.155,7.012,6.868,6.888,6.702,7.169,6.791,6.875,6.947,7.04,7.108,7.156,7.188,7.161,7.206,7.249,7.31,7.372,7.482,7.488,7.531,7.582,7.6,7.97,7.916,7.613,7.64,
Gabon,GAB,"Death rate, crude (per 1,000 people)",SP.DYN.CDRT.IN,20.717,20.385,20.051,19.707,19.399,18.994,18.655,18.305,17.944,17.562,17.215,16.878,16.548,16.212,15.843,15.493,15.151,14.825,14.499,14.163,13.847,13.541,13.305,13.03,12.746,12.45,12.184,11.948,11.733,11.512,11.308,11.107,10.927,10.756,10.602,10.431,10.318,10.161,10.027,9.882,9.746,9.602,9.452,9.262,9.102,8.926,8.755,8.556,8.35,8.171,7.994,7.802,7.615,7.44,7.272,7.138,7.024,6.918,6.817,6.693,6.831,6.802,6.519,6.269,
United Kingdom,GBR,"Death rate, crude (per 1,000 people)",SP.DYN.CDRT.IN,11.5,12,11.9,12.2,11.3,11.6,11.8,11.2,11.9,11.9,11.8,11.5,12,11.9,11.9,11.8,12.1,11.7,11.9,12,11.7,11.7,11.8,11.7,11.4,11.9,11.7,11.3,11.4,11.5,11.2,11.3,11,11.4,10.8,11.1,10.9,10.8,10.8,10.8,10.3,10.2,10.2,10.2,9.7,9.6,9.4,9.4,9.4,9,8.9,8.7,8.9,9,8.8,9.2,9.1,9.2,9.2,9.019,10.268,9.784,9.512,9.518,
Georgia,GEO,"Death rate, crude (per 1,000 people)",SP.DYN.CDRT.IN,12.467,12.18,11.884,11.575,11.258,10.98,10.723,10.598,10.462,10.361,10.315,10.323,10.226,10.121,10.028,9.953,9.848,9.763,9.695,9.649,9.632,9.413,9.311,9.495,9.952,9.921,9.859,9.87,10.216,10.32,10.405,10.876,11.208,11.335,10.795,10.288,9.579,10.64,10.825,11.022,11.304,11.39,11.646,11.504,12.254,12.152,12.353,12.671,12.625,12.738,12.865,12.594,12.554,12.336,12.571,12.503,12.774,12.654,12.078,12.081,12.963,15.342,12.211,11.839,
Ghana,GHA,"Death rate, crude (per 1,000 people)",SP.DYN.CDRT.IN,19.182,18.942,19.159,19.232,19.203,19.184,19.123,19.077,19.014,18.896,18.779,18.47,17.76,17.267,16.812,16.328,15.877,15.464,15.284,15.144,15.085,14.656,14.386,14.198,14.061,13.675,13.28,12.882,12.456,12.067,11.748,11.51,11.266,11.084,11.036,10.763,10.557,10.389,10.248,10.11,9.991,9.866,9.722,9.58,9.436,9.314,9.161,9.015,8.884,8.741,8.604,8.485,8.333,8.169,7.981,7.845,7.693,7.558,7.448,7.34,7.439,7.482,7.095,7.04,
Gibraltar,GIB,"Death rate, crude (per 1,000 people)",SP.DYN.CDRT.IN,8.312,8.403,8.374,8.447,8.407,8.224,7.969,7.744,7.648,7.612,7.585,7.526,7.501,7.432,7.368,7.339,7.379,7.459,7.529,7.569,7.545,7.45,7.32,7.368,7.4,7.444,7.474,7.513,7.557,7.602,7.615,7.611,7.557,7.571,7.563,7.58,7.564,7.514,7.473,7.449,7.423,7.43,7.4,7.418,7.421,7.419,7.425,7.393,7.274,7.144,6.993,6.841,6.739,6.844,6.919,7.019,7.074,7.008,6.909,6.811,6.89,8.847,6.409,6.51,
Guinea,GIN,"Death rate, crude (per 1,000 people)",SP.DYN.CDRT.IN,28.234,27.988,27.754,27.505,27.242,26.967,26.636,26.354,26.07,25.762,25.548,25.283,25.026,24.824,24.587,24.28,23.941,23.649,23.279,22.921,22.533,22.151,21.759,21.485,21.025,20.7,20.405,20.124,19.841,19.538,19.043,18.707,18.428,17.92,17.636,17.054,16.519,16.15,15.638,15.258,14.892,14.662,14.157,13.818,13.533,13.241,12.925,12.67,12.367,12.135,11.883,11.641,11.406,11.178,11.066,10.861,10.527,10.365,10.151,9.945,9.919,9.811,9.3,9.125,
"Gambia, The",GMB,"Death rate, crude (per 1,000 people)",SP.DYN.CDRT.IN,29.278,28.797,28.268,27.78,27.278,26.718,26.241,25.701,25.209,24.738,24.231,23.776,23.352,22.906,22.421,22.138,21.735,21.501,21.491,20.949,20.785,21.181,20.17,19.834,19.525,18.98,18.43,17.899,17.266,16.758,16.278,15.772,15.255,14.725,14.212,13.717,13.188,12.766,12.155,11.737,11.332,10.983,10.623,10.27,9.933,9.687,9.373,9.152,8.878,8.71,8.48,8.275,8.103,7.909,7.716,7.501,7.288,7.123,6.964,6.807,6.797,7.01,6.635,6.292,
Guinea-Bissau,GNB,"Death rate, crude (per 1,000 people)",SP.DYN.CDRT.IN,26.972,26.761,26.526,28.611,28.747,28.39,27.702,26.787,26.17,26.092,25.532,25.571,25.121,24.852,21.94,22.359,22.808,23.14,23.268,23.731,23.269,23.116,22.945,22.768,22.563,22.327,22.106,21.815,21.411,21.112,20.713,20.279,19.674,19.147,18.955,18.243,17.833,18.063,17.621,17.194,15.769,15.264,14.758,14.265,13.759,13.539,12.778,12.25,11.902,11.265,10.813,10.405,10.037,9.681,9.323,8.976,8.662,8.36,8.1,7.863,8.201,8.023,7.224,7.05,
Equatorial Guinea,GNQ,"Death rate, crude (per 1,000 people)",SP.DYN.CDRT.IN,22.857,22.592,22.336,22.093,21.862,21.644,21.438,21.247,21.078,33.6,33.694,27.381,21.753,21.595,23.846,27.245,34.422,23.056,22.655,22.213,17.968,17.588,17.184,16.913,16.879,16.767,16.723,16.685,16.546,16.408,16.243,16.065,15.889,15.703,15.507,15.275,15.013,14.729,14.435,14.108,13.592,13.251,12.925,12.665,12.423,12.348,12.01,11.713,11.398,11.089,10.797,10.517,10.219,9.918,9.644,9.397,9.14,8.915,8.686,8.496,8.633,8.438,8.015,7.878,
Greece,GRC,"Death rate, crude (per 1,000 people)",SP.DYN.CDRT.IN,7.3,7.6,7.9,7.9,8.2,7.9,7.9,8.3,8.4,8.2,8.4,8.4,8.6,8.7,8.5,8.9,8.9,9,8.7,8.6,9.1,8.9,8.8,9.2,8.9,9.4,9.2,9.6,9.2,9.2,9.2,9.3,9.4,9.3,9.3,9.5,9.5,9.4,9.6,9.6,9.7,9.4,9.5,9.7,9.6,9.6,9.6,9.9,9.7,9.8,9.8,10,10.6,10.2,10.4,11.2,11,11.6,11.2,11.7,12.2,13.6,13.4,12.2,
Grenada,GRD,"Death rate, crude (per 1,000 people)",SP.DYN.CDRT.IN,9.657,9.259,8.926,8.669,8.231,7.751,7.194,6.716,6.428,6.328,6.292,6.229,6.239,6.214,6.241,6.356,6.563,6.802,7.035,7.263,7.464,7.568,7.637,9.467,7.639,7.675,7.689,7.684,7.617,7.61,7.562,7.532,7.461,7.372,7.295,7.229,7.18,7.152,7.137,7.165,7.213,7.262,7.275,7.274,7.615,7.223,7.209,7.213,7.244,7.307,7.399,7.502,7.577,7.666,7.767,7.888,8.023,8.166,8.332,8.481,8.604,9.198,8.763,8.859,
Greenland,GRL,"Death rate, crude (per 1,000 people)",SP.DYN.CDRT.IN,7.9,8.7,10.3,7.7,8.8,8.6,8.1,7.5,7.7,6.9,6.1,6.1,6.1,6.9,6.7,6.3,7,7.6,6.3,7.9,7.6,7.5,7.9,8.3,8.3,8.2,8.3,8.2,7.9,8.2,8.4,8.3,8,7.8,8,8.6,7.9,8.8,8.1,8.5,8,8.3,7.9,7.2,8.4,8.2,7.7,8,7.6,7.8,9,8.4,8,7.9,8.2,8.4,8.7,8.9,8.7,9.7,9.2,9.3,9.3,9.4,
Guatemala,GTM,"Death rate, crude (per 1,000 people)",SP.DYN.CDRT.IN,18.835,18.453,18.068,17.842,17.457,17.256,16.975,16.738,16.613,16.677,15.981,14.871,13.968,13.353,13.215,13.325,16.583,12.137,11.525,11.406,11.953,12.159,15.571,10.705,10.156,9.76,9.469,9.174,8.923,8.812,8.767,8.64,8.574,8.358,8.11,7.77,7.358,7.024,6.717,6.433,6.25,6.126,5.974,5.842,5.827,5.882,5.666,5.521,5.483,5.455,5.421,5.305,5.205,5.184,5.197,5.243,5.174,5.081,5.135,5.117,5.835,6.909,5.281,4.829,
Guam,GUM,"Death rate, crude (per 1,000 people)",SP.DYN.CDRT.IN,6.062,5.898,5.837,5.586,5.481,5.395,5.352,5.264,5.195,5.162,5.07,5.016,4.936,4.853,4.74,4.673,4.69,4.516,4.411,4.329,4.245,4.153,4.065,4.015,3.944,3.883,3.909,3.967,4.081,4.134,4.23,4.289,4.338,4.309,4.291,4.343,4.407,4.474,4.506,4.53,4.541,4.529,4.521,4.51,4.551,4.557,4.671,4.817,4.971,5.084,5.187,5.309,5.472,5.594,5.764,5.939,6.132,6.291,6.412,6.534,7.223,7.414,6.736,6.868,
Guyana,GUY,"Death rate, crude (per 1,000 people)",SP.DYN.CDRT.IN,11.312,11.316,11.004,10.731,10.475,10.301,10.123,9.947,9.802,9.674,9.586,9.551,9.493,9.422,9.335,9.273,9.219,9.149,9.098,9.06,9.049,9.057,9.05,9.012,8.985,8.955,8.906,8.839,8.781,8.696,8.614,8.481,8.325,8.241,8.265,8.454,8.439,8.338,8.054,7.892,7.759,7.632,7.764,7.837,7.898,7.924,7.852,7.695,7.727,7.751,7.842,7.894,8.07,8.046,7.832,7.757,7.705,7.59,7.407,7.503,8.49,10.998,7.309,7.32,
High income,HIC,"Death rate, crude (per 1,000 people)",SP.DYN.CDRT.IN,9.422673547,9.283859231,9.4825363,9.382161508,9.144624976,9.277068282,9.232308572,9.156356616,9.401115229,9.457135495,9.378223033,9.278854542,9.226802239,9.303289446,9.203052239,9.232998861,9.232549421,9.07887184,9.162181962,9.101067806,9.29088389,9.121761297,9.021363855,9.187152399,9.165957933,9.220141517,9.034882218,8.966448017,9.06085397,9.031819753,9.092922845,9.105160607,9.132482047,9.536326686,9.601211837,9.565273655,9.420210559,9.30306816,9.244595596,9.387881592,9.325275511,9.292939895,9.39035004,9.455361993,9.172965212,9.305045952,9.052596448,9.016649542,9.067054317,8.94074727,9.003820606,8.960406473,9.045429632,9.019051455,8.976986789,9.219884596,9.157565158,9.263549553,9.321555003,9.284627678,10.37416645,10.80026318,10.30282197,9.707406423,
"Hong Kong SAR, China",HKG,"Death rate, crude (per 1,000 people)",SP.DYN.CDRT.IN,6.45,6.1,6.3,5.9,5.3,5,5.3,5.4,5.1,5,5.1,5,5.2,5,5,4.8,5,5.1,5.1,5.2,5,4.8,4.8,5,4.7,4.6,4.7,4.8,4.9,5.1,5.2,5,5.3,5.2,5,5.1,5,4.9,5,5,5.1,5,5.1,5.5,5.4,5.7,5.5,5.7,6,5.9,6,6,6.1,6,6.2,6.3,6.4,6.3,6.4,6.5,6.8,6.9,8.7,7.3,
Honduras,HND,"Death rate, crude (per 1,000 people)",SP.DYN.CDRT.IN,19.08,18.517,17.706,17.064,16.406,15.868,15.296,14.726,14.194,13.704,13.245,12.799,12.353,12.884,14.152,11.139,10.866,10.604,10.331,10.035,9.736,9.4,9.069,8.703,8.469,8.239,8.009,7.789,7.607,7.305,7.026,6.766,6.554,6.431,6.18,5.965,5.779,5.624,7.893,5.374,5.243,5.148,5.043,4.968,4.898,4.846,4.793,4.75,4.735,4.707,4.762,4.681,4.608,4.554,4.519,4.479,4.442,4.446,4.452,4.486,5.06,5.727,4.442,4.478,
Heavily indebted poor countries (HIPC),HPC,"Death rate, crude (per 1,000 people)",SP.DYN.CDRT.IN,23.82329031,23.55595109,23.10384961,22.90393099,22.63885295,22.37208632,22.31004545,21.7500878,21.49445707,21.26451787,21.00940043,20.86659257,21.06900984,20.51771857,20.4889452,20.19274556,19.63026918,19.36558122,19.19217839,18.96659208,18.74011579,18.52792198,18.31392337,19.19002789,19.19537316,18.82507188,18.07340978,16.98849618,16.74798043,16.49963942,16.43847027,16.55766107,16.25187528,15.61418885,17.55406178,15.08870243,14.92538399,14.64069654,14.4488352,14.10724238,13.57254827,13.17975154,12.79360404,12.41471616,12.04725899,11.64902568,11.18539959,10.78834325,10.41681973,10.48393018,9.943726809,9.780822694,9.195399254,8.896285265,8.70050461,8.424007486,8.19736568,8.065226728,7.827460167,7.743521913,7.68690816,7.886286545,7.505949729,6.968980633,
Croatia,HRV,"Death rate, crude (per 1,000 people)",SP.DYN.CDRT.IN,10,9.1,10,9.1,10.1,9.3,8.8,9.5,10,10.7,10,10.1,10.8,10.2,10,10.1,9.9,9.9,10.6,10.5,10.9,11.2,11,11.8,11.6,11.1,11,11.2,11.1,11,10.9,11.7,11.3,11.1,10.6,10.9,11.1,11.5,11.5,11.5,11.2,11.2,11.4,11.8,11.2,11.656,11.341,11.798,11.8,11.8,11.8,11.9,12.1,11.8,12,12.9,12.3,13,12.9,12.7,14.1,16.2,14.8,13.3,
Haiti,HTI,"Death rate, crude (per 1,000 people)",SP.DYN.CDRT.IN,21.251,20.911,20.597,21.647,19.989,19.641,19.461,19.017,18.712,18.414,18.137,17.885,17.712,17.504,17.331,17.154,16.979,16.798,16.606,16.401,16.224,15.974,15.742,15.505,15.28,15.045,14.834,14.566,14.337,14.084,13.823,13.548,13.153,12.803,12.568,12.013,11.655,11.293,10.994,10.662,10.393,10.14,9.878,9.668,10.106,9.225,9.04,8.896,8.834,8.679,17.931,8.728,8.442,8.314,8.205,8.143,8.15,7.977,7.927,7.876,8.284,8.941,8.272,7.817,
Hungary,HUN,"Death rate, crude (per 1,000 people)",SP.DYN.CDRT.IN,10.2,9.6,10.8,9.9,10,10.7,10,10.7,11.2,11.3,11.6,11.9,11.4,11.8,12,12.4,12.5,12.4,13.1,12.8,13.6,13.5,13.5,13.9,13.8,13.9,13.8,13.4,13.2,13.8,14,14,14.3,14.5,14.2,14.1,13.9,13.5,13.7,14,13.3,13,13.1,13.4,13.1,13.5,13.1,13.2,13,13,13,12.9,13,12.8,12.8,13.4,13,13.6,13.5,13.4,14.6,16.2,14.2,13.4,
IBRD only,IBD,"Death rate, crude (per 1,000 people)",SP.DYN.CDRT.IN,18.95748098,14.85756237,13.30482815,13.10700055,13.44558052,13.12868508,12.5403587,12.21334333,11.81371364,11.62711803,11.35562269,11.09441213,11.10109274,10.73119539,10.67564264,10.48430106,10.33868016,10.03780493,9.696479204,9.545789833,9.497313858,9.349844278,9.288088709,9.252651796,9.104770271,8.945820044,8.775180448,8.608495495,8.484026162,8.314941617,8.292918655,8.198603417,8.134929723,8.143370902,8.054594339,7.974334758,7.863940959,7.748489714,7.665473459,7.640275425,7.593247905,7.552191054,7.513052958,7.48152778,7.458910321,7.40136982,7.418578687,7.390902547,7.372539136,7.300154535,7.255463308,7.188764493,7.132525168,7.083437513,7.050007624,7.014514197,7.005436573,6.98060402,6.998287979,7.004529664,7.619118423,8.66359416,7.236069921,7.254142103,
IDA & IBRD total,IBT,"Death rate, crude (per 1,000 people)",SP.DYN.CDRT.IN,19.56864725,16.1213906,14.76802972,14.55976671,14.7567424,14.46263453,13.9156867,13.5851828,13.18577264,12.98382529,12.82434179,13.04141484,12.43459698,12.0651789,12.00491221,11.92627283,11.72878246,11.43037033,11.10868543,10.8327003,10.74483374,10.58793361,10.50609568,10.52940869,10.39876751,10.23049906,10.01764132,9.80184269,9.702799887,9.486311512,9.454118782,9.419335302,9.316821144,9.261575337,9.326149389,9.050531476,8.939124251,8.807843914,8.736471477,8.63032266,8.516995434,8.429897214,8.341877658,8.259348828,8.192415509,8.09931538,8.039813686,7.964590766,7.924578459,7.844641883,7.736444265,7.659734143,7.553317608,7.477015875,7.437055366,7.387119423,7.341830801,7.298172745,7.251882522,7.226817878,7.711932244,8.510079223,7.331173524,7.263160838,
IDA total,IDA,"Death rate, crude (per 1,000 people)",SP.DYN.CDRT.IN,22.49508292,22.09231103,21.63034548,21.3596853,20.87680405,20.66760677,20.29445618,19.92407503,19.50085771,19.20592045,19.54021976,21.92975854,18.50478591,18.10624851,17.98781316,18.37527265,17.90493915,17.57396561,17.2887557,16.41293154,16.10592934,15.86508628,15.65453505,15.87920397,15.77489947,15.52177991,15.09172395,14.63515997,14.59893113,14.15237018,14.03909199,14.19435438,13.88954894,13.53562586,14.12809916,13.06581104,12.90174936,12.66577935,12.59111981,12.15195558,11.7635148,11.47665625,11.18183099,10.88987647,10.64164653,10.40000569,10.06036784,9.804440826,9.671001798,9.544519422,9.218443014,9.092603995,8.818924863,8.649191677,8.577928108,8.473429527,8.311184861,8.202185029,7.964352084,7.842586687,7.965152661,8.097987215,7.58229229,7.286591337,
IDA blend,IDB,"Death rate, crude (per 1,000 people)",SP.DYN.CDRT.IN,22.28103997,21.85558972,21.2025749,20.76786445,20.30775932,19.93009804,19.43683937,19.33308898,18.61929891,18.23839757,17.68528195,18.25643603,16.94110936,16.64734689,16.3556876,16.08644253,15.63488393,15.32528015,15.05843643,14.76639869,14.40506676,14.13878675,13.94119633,13.80382929,13.64005408,13.52301041,13.45903637,13.35451408,13.27403112,13.18096525,13.16057147,13.17620883,13.13187127,13.05991841,13.03277602,12.96550903,12.91894621,12.8311638,12.64608087,12.44598339,12.20009699,12.02020413,11.76710844,11.53252534,11.27314829,11.22773622,10.88165336,10.67964588,10.50299584,10.33299216,10.17805218,10.01926425,9.879752157,9.754208469,9.637859859,9.536702763,9.377532707,9.239581216,9.102938137,8.974829543,9.218877929,9.13903982,8.564624955,8.44402069,
Indonesia,IDN,"Death rate, crude (per 1,000 people)",SP.DYN.CDRT.IN,17.765,17.441,16.97,16.587,16.135,20.827,16.663,14.885,14.475,14.014,13.567,13.171,12.803,12.454,12.094,11.757,11.486,11.122,10.857,10.565,10.29,10.079,9.781,9.461,9.186,8.908,8.703,8.542,8.435,8.237,8.092,7.938,7.765,7.527,7.517,7.497,7.494,7.437,7.436,7.482,7.431,7.391,7.315,7.336,8.097,7.376,7.423,7.421,7.444,7.461,7.528,7.517,7.51,7.51,7.499,7.495,7.502,7.506,7.562,7.558,8.843,10.042,7.492,7.531,
IDA only,IDX,"Death rate, crude (per 1,000 people)",SP.DYN.CDRT.IN,22.59339261,22.20112716,21.82718648,21.63238626,21.13935358,21.00831356,20.69116943,20.19770919,19.90935472,19.65481917,20.4027798,23.64413131,19.23716923,18.79112957,18.75608781,19.45754459,18.98430802,18.65001959,18.36208297,17.20988715,16.93924143,16.722663,16.5127335,16.92315802,16.85264325,16.53605453,15.92508745,15.29261026,15.28314767,14.6568309,14.49817831,14.72960909,14.28881876,13.78634279,14.70576955,13.11877697,12.89265323,12.5781426,12.56193904,11.99559055,11.53075652,11.18594557,10.868466,10.5455302,10.30257657,9.954774415,9.617986936,9.331672204,9.219937822,9.115564576,8.694682799,8.585796586,8.238359288,8.043975815,7.997527624,7.891798461,7.729324572,7.637639161,7.346410656,7.230127911,7.289107624,7.537969239,7.055072057,6.667392534,
Isle of Man,IMN,"Death rate, crude (per 1,000 people)",SP.DYN.CDRT.IN,16.899,17.097,17.247,17.388,17.443,17.445,17.375,17.24,17.163,17.142,17.138,17.173,17.135,17.015,16.907,16.791,16.671,16.547,16.393,16.224,16.067,16.009,16.006,16.008,16.039,16.103,16.018,15.738,15.406,15.107,14.799,14.572,14.427,14.31,14.149,14.056,13.875,13.649,13.361,13.092,12.743,12.317,11.909,11.541,11.189,10.865,10.619,10.307,9.975,9.694,9.492,9.411,9.458,9.568,9.707,9.854,9.922,9.974,10.032,10.085,10.437,10.725,10.267,10.476,
India,IND,"Death rate, crude (per 1,000 people)",SP.DYN.CDRT.IN,19.421,19.227,18.981,18.728,18.512,19.359,19.058,18.783,17.515,17.267,17.014,16.812,16.597,16.311,15.893,15.528,15.179,14.817,14.429,14.066,13.752,13.424,13.093,12.773,12.471,12.164,11.879,11.577,11.286,11,10.726,10.472,10.225,10.001,9.777,9.572,9.371,9.174,8.988,8.805,8.628,8.482,8.294,8.125,7.982,7.819,7.67,7.536,7.41,7.29,7.164,7.048,6.945,6.859,6.77,6.729,6.7,6.673,6.67,6.67,7.214,9.259,6.576,6.611,
Not classified,INX,"Death rate, crude (per 1,000 people)",SP.DYN.CDRT.IN,,,,,,,,,,,,,,,,,,,,,,,,,,,,,,,,,,,,,,,,,,,,,,,,,,,,,,,,,,,,,,,,,
Ireland,IRL,"Death rate, crude (per 1,000 people)",SP.DYN.CDRT.IN,11.5,12.3,11.9,11.8,11.4,11.5,12.2,10.8,11.4,11.5,11.4,10.7,11.3,11.1,11.1,10.4,10.5,10.2,10.2,10,9.8,9.5,9.3,9.4,9.1,9.4,9.5,8.9,9,9.1,8.9,8.9,8.7,9,8.6,8.9,8.7,8.6,8.5,8.7,8.2,7.8,7.5,7.3,7,6.8,6.7,6.4,6.3,6.3,6.1,6.2,6.3,6.4,6.3,6.4,6.4,6.3,6.4,6.2,6.4,6.7,6.7,6.6,
"Iran, Islamic Rep.",IRN,"Death rate, crude (per 1,000 people)",SP.DYN.CDRT.IN,23.788,22.946,22.656,21.29,20.494,19.783,19.113,18.464,18.198,17.083,16.325,15.527,14.891,13.976,13.339,12.766,12.298,11.866,12.231,11.018,10.976,11.45,11.01,10.493,9.333,8.879,8.453,8.069,7.703,6.798,7.251,6.252,6.016,5.859,5.579,5.4,5.266,5.205,5.084,5.019,4.957,4.91,4.887,5.225,4.772,4.728,4.673,4.649,4.634,4.623,4.613,4.61,4.609,4.609,4.613,4.617,4.625,4.631,4.645,4.659,6.439,6.387,4.897,4.672,
Iraq,IRQ,"Death rate, crude (per 1,000 people)",SP.DYN.CDRT.IN,14.537,14.36,14.504,14.356,13.937,13.272,12.727,12.121,11.796,11.393,10.922,10.48,10.177,9.855,10.273,9.986,9.054,8.813,8.606,8.432,9.584,10.396,10.191,9.987,9.834,9.739,9.517,9.413,11.178,11.022,11.093,8.993,7.136,6.981,7.123,7.153,7.14,7.239,7.1,6.992,6.801,6.588,6.359,6.685,6.729,6.606,7.101,6.885,5.953,5.48,5.409,5.299,5.12,5.059,4.855,4.737,5.2,4.802,4.361,4.36,4.997,4.579,4.164,4.132,
Iceland,ISL,"Death rate, crude (per 1,000 people)",SP.DYN.CDRT.IN,6.6,7,6.8,7.2,7,6.7,7.1,7,6.9,7.1,7.1,7.3,6.9,7,7,6.5,6.1,6.5,6.4,6.6,6.8,7.2,6.8,7,6.6,6.8,6.6,7,7.3,6.8,6.7,7,6.6,6.6,6.5,7.2,7,6.8,6.6,6.9,6.5,6.1,6.3,6.3,6.2,6.2,6.3,6.2,6.3,6.3,6.4,6.2,6.1,6.7,6.3,6.6,6.9,6.5,6.4,6.3,6.3,6.3,7,6.6,
Israel,ISR,"Death rate, crude (per 1,000 people)",SP.DYN.CDRT.IN,5.7,5.8,6,6.1,6.3,6.3,6.3,6.4,6.7,6.9,7.1,7,7.2,7,7.1,7.1,6.7,6.9,6.8,6.7,6.7,6.5,6.9,6.9,6.7,6.6,6.8,6.7,6.6,7.1,6.8,6.5,6.4,6.6,6.5,6.3,6.1,6.2,6.2,6.1,6,5.8,5.8,5.8,5.6,5.6,5.5,5.6,5.4,5.2,5.2,5.3,5.3,5.2,5.2,5.3,5.2,5.2,5,5.1,5.3,5.4,5.4,5.2,
Italy,ITA,"Death rate, crude (per 1,000 people)",SP.DYN.CDRT.IN,9.6,9.3,10,10.1,9.5,9.9,9.4,9.6,10,10.1,9.7,9.7,9.6,10,9.7,10,9.9,9.8,9.6,9.6,9.8,9.7,9.5,10,9.5,9.7,9.6,9.4,9.5,9.4,9.6,9.7,9.6,9.7,9.7,9.8,9.7,9.8,10,9.8,9.8,9.6,9.8,10.2,9.5,9.8,9.6,9.7,9.9,9.9,9.8,9.9,10.2,10,9.9,10.8,10.2,10.8,10.5,10.6,12.5,11.9,12.1,11.2,
Jamaica,JAM,"Death rate, crude (per 1,000 people)",SP.DYN.CDRT.IN,9.025,8.979,8.926,8.861,8.799,8.712,8.652,8.662,8.581,8.527,8.473,8.351,8.403,8.433,8.393,8.378,8.373,8.414,8.465,8.545,8.548,8.551,8.524,8.392,8.166,8.043,7.854,7.664,7.592,7.492,7.469,7.475,7.489,7.396,7.35,7.333,7.279,7.23,7.146,7.043,6.92,6.847,6.716,6.639,6.633,6.632,6.664,6.664,6.625,6.548,6.448,6.371,6.358,6.422,6.55,6.721,6.911,7.117,7.366,7.531,7.717,9.705,7.905,8.076,
Jordan,JOR,"Death rate, crude (per 1,000 people)",SP.DYN.CDRT.IN,15.59,14.909,14.238,13.593,12.826,12.113,11.698,10.855,10.335,9.867,10.068,9.07,8.642,8.255,7.895,7.551,7.22,6.917,6.622,6.347,6.082,5.829,5.585,5.369,5.158,4.975,4.804,4.645,4.502,4.376,4.141,4.189,4.126,4.069,4.024,3.984,3.936,3.874,3.815,3.764,3.731,3.702,3.684,3.667,3.644,3.636,3.486,3.644,3.664,3.693,3.711,3.726,3.772,3.595,3.376,3.171,3.172,3.098,3.051,3.033,3.49,4.068,3.163,3.049,
Japan,JPN,"Death rate, crude (per 1,000 people)",SP.DYN.CDRT.IN,7.6,7.4,7.5,7,6.9,7.1,6.8,6.8,6.8,6.8,6.9,6.6,6.5,6.6,6.5,6.3,6.3,6.1,6.1,6,6.2,6.1,6,6.2,6.2,6.3,6.2,6.2,6.5,6.4,6.7,6.7,6.9,7.1,7.1,7.4,7.2,7.3,7.5,7.8,7.7,7.7,7.8,8,8.2,8.6,8.6,8.8,9.1,9.1,9.5,9.9,10,10.1,10.1,10.3,10.5,10.8,11,11.2,11.1,11.7,12.9,13,
Kazakhstan,KAZ,"Death rate, crude (per 1,000 people)",SP.DYN.CDRT.IN,12.857,12.555,12.243,11.917,11.558,11.207,10.942,10.737,10.541,10.379,10.271,10.199,10.137,10.064,9.981,9.908,9.813,9.825,9.821,9.874,10.909,10.744,10.507,10.26,10.033,9.827,9.612,9.4,9.255,9.21,9.266,9.374,9.558,9.784,10.079,10.311,10.522,10.696,10.809,10.692,10.622,10.528,10.447,10.395,10.345,10.248,10.124,9.939,9.676,9.294,8.926,8.55,8.198,7.88,7.615,7.388,7.208,7.063,6.97,6.911,8.585,9.645,6.992,6.709,
Kenya,KEN,"Death rate, crude (per 1,000 people)",SP.DYN.CDRT.IN,18.794,18.02,17.326,16.721,16.189,15.68,15.227,14.799,14.356,13.952,13.568,13.213,12.798,12.375,11.944,11.519,11.138,10.747,10.373,10.051,9.731,9.482,9.254,8.996,8.832,8.7,8.68,8.696,8.81,8.917,9.461,9.641,9.882,10.021,10.205,10.292,10.376,10.383,10.31,10.109,9.942,9.709,9.535,9.203,8.893,8.6,8.323,8.142,7.886,7.631,7.424,7.275,7.208,7.175,7.149,7.14,7.169,7.126,7.186,7.294,7.937,8.124,7.212,7.211,
Kyrgyz Republic,KGZ,"Death rate, crude (per 1,000 people)",SP.DYN.CDRT.IN,16.271,15.847,15.391,14.938,14.444,13.936,13.459,13.007,12.627,12.316,12.092,11.853,11.591,11.297,10.994,10.757,10.557,10.368,10.167,9.93,9.671,9.55,9.363,9.379,9.184,8.923,8.536,8.275,8.407,7.2,6.9,6.9,7.1,7.6,8.2,8,7.4,7.3,7.2,6.8,7,6.6,7.1,7.1,6.9,7.2,7.4,7.2,7.1,6.7,6.6,6.5,6.5,6.1,6.1,5.8,5.5,5.4,5.2,5.2,6.1,5.8,4.5,4.4,
Cambodia,KHM,"Death rate, crude (per 1,000 people)",SP.DYN.CDRT.IN,21.087,20.667,20.245,19.825,19.474,19.101,18.731,18.491,18.183,17.915,23.509,23.094,22.704,22.357,21.727,86.572,90.595,92.984,93.923,19.369,16.591,16.692,16.433,16.117,15.881,15.442,14.903,13.683,13.241,12.843,12.501,12.235,11.869,11.689,11.311,10.853,10.43,9.861,9.538,9.111,8.7,8.303,7.936,7.58,7.261,6.999,6.793,6.649,6.516,6.384,6.26,6.145,6.067,6.036,6.01,6.015,6.033,6.067,6.126,6.189,6.341,6.827,6.323,6.39,
Kiribati,KIR,"Death rate, crude (per 1,000 people)",SP.DYN.CDRT.IN,19.314,18.781,18.176,17.519,16.874,16.269,15.799,15.426,14.996,14.488,13.934,13.413,12.989,12.548,12.317,12.107,11.892,12.05,11.476,11.131,11.139,11.067,10.993,10.887,10.771,10.597,10.394,10.138,9.859,9.581,9.318,9.071,8.801,8.535,8.306,8.107,7.93,7.738,7.556,7.378,7.204,7.045,6.936,6.861,6.849,6.86,6.892,6.9,6.91,6.915,6.926,6.943,6.947,6.95,6.963,6.99,7.019,7.083,7.137,7.171,7.555,8.152,7.073,7.046,
St. Kitts and Nevis,KNA,"Death rate, crude (per 1,000 people)",SP.DYN.CDRT.IN,14.642,14.252,13.734,13.34,12.962,12.675,12.434,12.297,12.226,12.264,12.141,11.981,11.87,11.812,11.778,11.797,11.838,11.918,12.011,12.184,12.4,12.396,12.21,12.051,11.885,11.822,11.787,11.85,11.954,12.038,12.059,11.903,11.531,11.17,10.865,10.641,10.416,10.201,10.091,9.672,9.408,9.218,9.001,8.765,8.622,8.555,8.523,8.59,8.704,8.868,9.109,9.362,9.208,9.316,9.437,9.551,9.672,9.785,9.916,9.985,10.492,12.687,11.658,9.963,
"Korea, Rep.",KOR,"Death rate, crude (per 1,000 people)",SP.DYN.CDRT.IN,12.967,12.512,12.097,12.037,11.75,11.42,11.604,8.557,8.547,8.31,8,7.2,6.3,7.8,7.2,7.7,7.4,6.8,6.8,6.4,7.3,6.1,6.2,6.4,5.9,5.9,5.8,5.9,5.6,5.6,5.6,5.6,5.4,5.2,5.4,5.3,5.2,5.3,5.2,5.3,5.2,5.1,5.1,5.1,5.1,5.1,5,5,5,5,5.1,5.1,5.3,5.3,5.3,5.4,5.5,5.6,5.8,5.7,5.9,6.2,7.3,6,
Kuwait,KWT,"Death rate, crude (per 1,000 people)",SP.DYN.CDRT.IN,10.389,9.701,9.033,8.366,7.756,7.202,6.689,6.302,5.954,5.644,5.356,5.093,4.862,4.67,4.499,4.34,4.188,3.97,3.754,3.547,3.362,3.185,3.018,2.852,2.703,2.556,2.42,2.344,2.289,2.252,4.187,2.588,2.326,2.48,2.323,2.051,1.971,2.001,2.015,2.021,2.023,2.025,2.034,2.055,2.087,2.088,2.08,2.067,2.039,1.999,1.944,1.864,1.818,1.804,1.798,1.797,1.826,1.861,1.903,1.644637802,2.355411518,2.59,1.751982392,1.532116761,
Latin America & Caribbean (excluding high income),LAC,"Death rate, crude (per 1,000 people)",SP.DYN.CDRT.IN,13.6448128,13.26657954,12.95614925,12.67639571,12.3569808,12.04147367,11.7075248,11.41953902,11.18092864,10.97288959,10.95206287,10.43754259,10.21061744,9.960758276,9.741169389,9.465401144,9.331880918,9.033924537,8.842195774,8.693563921,8.543030444,8.343898826,8.248187829,8.001797203,7.847995605,7.758010677,7.504741642,7.374350917,7.24358558,7.129187924,7.046617704,6.937185216,6.843680069,6.740665664,6.612536442,6.516381547,6.417663057,6.328227831,6.336502403,6.242752918,6.206862845,6.143324932,6.099287709,6.049224586,6.028623472,5.977830301,5.971666955,6.005501545,5.987668479,6.007622401,6.186608941,5.995605876,5.999010546,6.017298563,6.036177113,6.074033339,6.210137417,6.243445036,6.272926147,6.337587632,7.71060272,8.67965727,7.002161693,6.528943862,
Lao PDR,LAO,"Death rate, crude (per 1,000 people)",SP.DYN.CDRT.IN,22.425,22.177,21.5,21.994,21.752,21.483,21.409,21.014,20.797,20.612,20.411,20.173,19.971,19.762,19.055,18.899,19.001,18.705,18.363,17.877,17.101,16.625,16.168,15.812,15.481,15.116,14.733,14.413,14.081,13.732,13.431,13.002,12.704,12.353,12.094,11.642,11.24,10.874,10.624,10.363,10.033,9.682,9.417,9.221,8.993,8.656,8.476,8.313,8.197,7.995,7.853,7.659,7.563,7.496,7.43,7.507,7.201,6.945,6.766,6.599,6.473,6.674,6.265,6.221,
Lebanon,LBN,"Death rate, crude (per 1,000 people)",SP.DYN.CDRT.IN,10.187,9.876,9.588,9.328,9.099,8.87,8.65,8.466,8.29,8.153,8.035,7.906,7.812,7.717,7.623,11.194,27.668,9.991,10.124,10.314,10.108,9.913,17.711,9.477,9.268,9.066,8.821,8.671,8.494,7.488,7.351,5.224,5.127,5.003,4.854,4.758,4.728,4.672,4.642,4.596,4.527,4.436,4.348,4.262,4.198,4.158,4.393,4.121,4.163,4.168,4.203,4.213,4.208,4.049,4.272,4.509,4.718,4.984,5.195,5.458,6.407,8.421,5.769,5.962,
Liberia,LBR,"Death rate, crude (per 1,000 people)",SP.DYN.CDRT.IN,25.791,25.857,25.889,25.838,25.751,25.557,25.315,25.02,24.702,24.313,23.891,23.485,23.05,22.712,22.369,22.079,21.814,21.547,21.318,21.111,20.941,20.722,20.589,20.423,20.325,20.785,20.417,20.513,20.584,20.647,29.188,20.381,20.407,21.057,21.919,19.599,19.693,16.245,16.203,15.627,14.843,13.978,13.358,13.941,12.051,11.392,11.021,10.644,10.343,10.043,9.819,9.569,9.534,9.359,9.66,9.559,8.934,8.765,8.64,8.513,8.497,8.51,8.159,8.071,
Libya,LBY,"Death rate, crude (per 1,000 people)",SP.DYN.CDRT.IN,25.552,24.049,22.504,21.166,19.558,18.32,17.025,15.728,14.538,13.449,12.519,11.699,10.959,10.228,9.57,9.037,8.518,8.076,7.652,7.292,6.965,6.608,6.421,6.108,5.68,5.426,5.19,4.991,4.837,4.69,4.569,4.464,4.369,4.309,4.282,4.287,4.329,4.418,4.533,4.649,4.761,4.778,4.779,4.743,4.699,4.646,4.593,4.594,4.596,4.605,4.627,5.827,4.971,4.97,5.443,5.372,5.38,5.094,5.007,5.165,5.544,5.842,4.808,6.654,
St. Lucia,LCA,"Death rate, crude (per 1,000 people)",SP.DYN.CDRT.IN,12.504,11.787,11.223,10.72,10.179,9.765,9.358,9.104,8.843,8.681,8.491,8.279,8.113,8.053,7.652,7.396,7.229,6.899,6.79,6.828,6.716,6.354,6.241,5.873,5.685,5.759,5.765,5.935,5.892,5.907,6.055,6.082,5.931,5.827,5.844,5.828,5.897,5.996,6.021,6.254,6.428,6.426,6.353,6.224,6.196,6.247,6.233,6.296,6.444,6.655,6.907,6.96,7.143,7.343,7.501,7.501,7.84,7.991,8.058,8.425,8.556,11.654,8.455,8.614,
Latin America & Caribbean,LCN,"Death rate, crude (per 1,000 people)",SP.DYN.CDRT.IN,13.19960981,12.84366917,12.54205331,12.26710263,11.96261643,11.64970976,11.31683494,11.03302752,10.80331811,10.60621196,10.56744968,10.09255299,9.87165373,9.631765755,9.418742253,9.149225129,9.011645018,8.729375589,8.547657192,8.406524022,8.266280861,8.080578148,7.986725304,7.757593526,7.618037295,7.536044855,7.300484208,7.181500249,7.062382457,6.960029346,6.878131569,6.776637836,6.69690232,6.605696804,6.495427629,6.407337524,6.317910149,6.2281887,6.237111426,6.159234984,6.121643731,6.089340117,6.021424065,5.99851046,5.971018425,5.92568045,5.928285702,5.959706392,5.967399949,5.987887866,6.150498812,5.990763044,6.005198237,6.024797584,6.055875758,6.089705208,6.244867097,6.286343069,6.310331732,6.384095053,7.674330367,8.607516786,7.058703567,6.598712335,
Least developed countries: UN classification,LDC,"Death rate, crude (per 1,000 people)",SP.DYN.CDRT.IN,23.59465359,23.24566127,22.8681412,22.69569102,22.18949232,22.08542886,21.76997275,21.25330765,20.96340216,20.70406209,21.55657103,25.18393293,20.29214706,19.83443141,19.82754627,20.70217192,20.20883358,19.86951059,19.56388165,18.28952673,18.02171687,17.78800625,17.53850441,18.07276254,17.99274621,17.6571639,17.00418102,16.35242817,16.35361109,15.65557565,15.5207656,15.75585538,15.2895298,14.72973542,15.73582159,13.95818005,13.71573632,13.37546439,13.35071135,12.7522766,12.25273643,11.88166686,11.52956018,11.14747387,10.82753254,10.48395361,10.1060651,9.786289117,9.645134353,9.495344319,9.062066364,8.920862874,8.471388986,8.237035888,8.182217438,8.042640571,7.881610135,7.779536787,7.475752667,7.369926634,7.410183517,7.649729095,7.161453776,6.737974724,
Low income,LIC,"Death rate, crude (per 1,000 people)",SP.DYN.CDRT.IN,23.58728475,23.32573551,23.05166135,22.89099045,22.46192304,22.27041361,21.98070095,21.66314153,21.33051804,21.0377068,20.69540847,20.37083501,20.48294456,19.73053348,19.34084244,19.04086868,18.76070321,18.44698461,18.3014387,18.15336772,18.02076308,17.96868461,17.82173537,17.84255995,18.08396671,17.80453473,16.93448049,17.02936395,17.28405703,16.07120149,15.94743902,16.3802297,16.25305372,15.42563158,17.92580001,14.87863049,14.76039834,14.43424364,14.73212082,13.76697507,13.26064177,12.8863613,12.55594179,11.98491443,11.69225211,11.34697771,10.92453308,10.59614097,10.28934921,10.59494834,9.76478966,9.938780478,9.380408497,9.120105428,9.168207994,9.058357248,8.861095663,8.793126011,8.293946195,8.156621722,8.028203515,8.18682489,7.999333107,7.292251605,
Liechtenstein,LIE,"Death rate, crude (per 1,000 people)",SP.DYN.CDRT.IN,7.5,7.8,9.5,8.1,7.9,8.1,7.8,7.8,7.1,8,7.7,8.6,6.7,7.8,6.3,7.5,7.4,6.1,6.5,6.8,6.9,6.3,6.4,5.7,6.7,6.4,6.9,6.5,7,6.1,6.8,6.4,6.1,5.9,6.8,7.3,7.4,7.4,6.6,6.4,7.3,6.6,6.4,6.4,5.7,6.2,6.3,6.4,5.8,6.4,6.6,6.8,6.1,6.7,7.2,6.7,7.2,6.6,7.2,6.8,8.2,6.9,7.1,6.8,
Sri Lanka,LKA,"Death rate, crude (per 1,000 people)",SP.DYN.CDRT.IN,10.699,10.204,9.794,9.451,9.165,8.853,8.585,8.341,8.139,7.961,7.827,7.828,7.652,7.567,7.481,7.34,7.175,6.988,6.87,6.662,6.503,6.407,6.326,6.368,6.448,6.479,6.528,6.608,6.708,7.504,6.809,6.917,6.781,6.689,6.715,6.988,7.019,7.043,7.005,6.944,6.633,6.482,6.406,6.462,8.246,6.415,6.632,6.694,6.947,7.984,6.403,6.407,6.324,6.291,6.341,6.398,6.493,6.608,6.677,6.7,6,7.4,8.1,8.2,
Lower middle income,LMC,"Death rate, crude (per 1,000 people)",SP.DYN.CDRT.IN,19.68374557,19.3535354,19.00128008,18.74917301,18.40545783,18.739141,18.3420747,18.08757465,17.31325884,16.99790466,17.04573318,18.11168629,16.32669605,15.98022205,15.69029832,15.57094241,15.23539905,14.83798539,14.48305907,13.85768501,13.53821203,13.24317807,12.9726479,12.69488351,12.43629306,12.18508587,11.93155593,11.68405258,11.43925883,11.20946573,10.98978062,10.87620076,10.59882327,10.4085244,10.21995585,10.03289265,9.858099868,9.682590776,9.511593058,9.316231925,9.126242034,8.969269685,8.781302942,8.601049501,8.462746689,8.318116894,8.152827019,8.015302844,7.95047954,7.788622841,7.694342485,7.547723876,7.446864332,7.360867429,7.276032547,7.220537853,7.155037436,7.093703807,7.053933158,7.019031211,7.424765122,8.576675089,6.891077848,6.868441915,
Low & middle income,LMY,"Death rate, crude (per 1,000 people)",SP.DYN.CDRT.IN,20.56561383,16.7819404,15.27157189,15.07268173,15.28602041,14.94173807,14.31473721,13.94260736,13.48969627,13.22355508,13.04099292,13.25968988,12.58252983,12.16718071,12.07334163,11.95736628,11.75656152,11.41631691,11.05554782,10.74884856,10.63878885,10.491887,10.40944593,10.33744134,10.18070477,10.01619397,9.835447815,9.669493796,9.556123649,9.323604037,9.264979306,9.228140113,9.093879742,8.96212019,8.997660058,8.75197256,8.664807276,8.5491667,8.495881319,8.351720962,8.231241706,8.137458529,8.038453937,7.937586679,7.89898359,7.803809374,7.782216437,7.729281832,7.69967579,7.635513244,7.52838535,7.474650328,7.372194328,7.307701331,7.269396898,7.219888955,7.180653942,7.148738702,7.100981164,7.085253634,7.523976791,8.300559929,7.176644139,7.149482868,
Lesotho,LSO,"Death rate, crude (per 1,000 people)",SP.DYN.CDRT.IN,17.438,17.217,17.054,16.947,16.799,16.691,16.517,16.383,16.047,15.699,15.347,15.045,14.735,14.465,14.277,13.999,13.778,13.457,13.074,12.654,12.217,11.741,11.328,10.99,10.69,10.49,10.381,10.32,10.259,10.215,10.231,10.292,10.438,10.652,10.976,11.414,12.047,12.802,13.778,14.783,15.879,17.126,18.198,19.152,19.974,20.455,20.795,20.39,19.803,19.088,18.204,17.475,16.464,15.503,14.634,13.932,13.259,12.664,12.197,11.83,11.887,12.601,10.918,10.648,
Late-demographic dividend,LTE,"Death rate, crude (per 1,000 people)",SP.DYN.CDRT.IN,19.79719525,12.86961265,10.31235437,10.22582916,11.01284007,9.779737896,9.309489738,9.047632592,8.942796446,8.800224869,8.484676734,8.261848553,8.456529797,8.011815192,8.174469308,8.055290135,7.994807994,7.712031316,7.320138917,7.29105847,7.379114539,7.306279406,7.402890555,7.575492895,7.530895456,7.471643671,7.370820402,7.259747547,7.201989197,7.100804863,7.194777425,7.220495603,7.234697957,7.397535113,7.37540241,7.398741814,7.310687726,7.219925884,7.164013846,7.20341777,7.221867269,7.20824747,7.231509946,7.188994898,7.174415397,7.215467693,7.32311177,7.354883957,7.419437939,7.410415542,7.413459259,7.379461172,7.364087341,7.338141535,7.344624721,7.326445979,7.317501056,7.313777583,7.350858946,7.3626321,7.72191568,8.194323627,7.814441237,7.939974626,
Lithuania,LTU,"Death rate, crude (per 1,000 people)",SP.DYN.CDRT.IN,7.8,7.9,8.7,8,7.4,7.9,7.9,8.1,8.4,8.7,8.9,8.5,9.1,9,9,9.5,9.6,9.8,10.1,10.3,10.5,10.4,10.1,10.5,11,11.1,10,10.2,10.3,10.4,10.8,11.1,11.2,12.5,12.7,12.5,11.9,11.5,11.5,11.4,11.1,11.6,11.9,12,12.2,13.2,13.7,14.1,13.7,13.3,13.6,13.6,13.7,14,13.7,14.4,14.3,14.1,14,13.6,15.5,17,15.1,12.9,
Luxembourg,LUX,"Death rate, crude (per 1,000 people)",SP.DYN.CDRT.IN,11.8,11.4,12.6,12.1,11.8,12.2,12.1,12.3,12.2,12.4,12.2,12.8,11.9,12,12.2,12.2,12.5,11.3,11.6,11,11.3,11.2,11.3,11.3,11.1,11,10.8,10.8,10.3,10.6,9.9,9.7,10.3,9.8,9.4,9.3,9.4,9.4,9.2,8.8,8.6,8.4,8.4,9,7.8,7.8,8,8.1,7.4,7.3,7.4,7.4,7.3,7,6.9,7,6.8,7.1,7.1,6.9,7.3,7,6.8,6.6,
Latvia,LVA,"Death rate, crude (per 1,000 people)",SP.DYN.CDRT.IN,10,10.1,10.8,10.3,9.4,10.1,10.2,10.6,10.8,11.2,11.3,11.1,11.4,11.6,11.5,12.2,12.3,12.4,12.5,12.8,12.8,12.7,12.3,12.7,13,13.2,12,12.2,12.2,12.2,13.1,13.1,13.5,15.3,16.6,15.7,14,13.8,14.2,13.7,13.6,14.1,14.1,14.2,14.2,14.6,14.9,15,14.2,14,14.3,13.9,14.3,14.3,14.3,14.4,14.6,14.8,15,14.5,15.2,18.4,16.4,14.9,
"Macao SAR, China",MAC,"Death rate, crude (per 1,000 people)",SP.DYN.CDRT.IN,9.455,9.095,8.699,8.354,6.697,6.427,6.095,5.875,5.702,5.746,5.612,5.478,4.976,4.968,11.335,10.449,9.437,9.045,8.37,7.755,7.192,6.613,6.26,6.171,6.062,5.1,4.5,4.3,4.5,4.7,4.4,3.8,3.9,4,3.4,3.3,3.4,3.1,3.2,3.2,3.1,3.1,3.2,3.3,3.4,3.4,3.1,3,3.2,3.1,3.3,3.4,3.2,3.2,3.1,3.1,3.4,3.3,3.1,3.4,3.3,3.4,4.4,4.4,
St. Martin (French part),MAF,"Death rate, crude (per 1,000 people)",SP.DYN.CDRT.IN,6.778,6.628,6.465,6.305,6.164,6.016,5.825,5.641,5.537,5.378,5.211,5.093,5.002,4.927,4.858,4.795,4.71,4.619,4.512,4.406,4.286,4.147,3.649,3.391,3.231,3.105,2.995,2.9,2.809,2.725,2.743,2.738,2.758,2.809,2.894,3.006,3.144,3.297,3.472,3.607,3.576,3.54,3.507,3.482,3.466,3.464,3.482,3.514,3.557,3.611,3.662,3.712,3.776,3.841,3.931,4.036,4.169,4.687,4.476,6.886,12.649,8.933,9.021,9.282,
Morocco,MAR,"Death rate, crude (per 1,000 people)",SP.DYN.CDRT.IN,22.98,21.366,20.915,20.399,19.82,19.239,18.66,18.072,17.524,17.018,16.567,16.152,15.731,15.324,14.899,14.455,13.95,13.407,12.872,12.344,11.837,11.37,10.874,10.371,9.902,9.438,9.021,8.66,8.342,8.053,7.797,7.6,7.41,7.219,7.059,6.956,6.825,6.738,6.644,6.541,6.458,6.379,6.32,6.282,6.27,6.195,6.155,6.097,6.047,6.01,5.984,5.91,5.847,5.771,5.716,5.686,5.672,5.63,5.616,5.629,6.479,6.422,5.572,5.638,
Monaco,MCO,"Death rate, crude (per 1,000 people)",SP.DYN.CDRT.IN,15.79,16.018,16.269,16.428,16.354,16.378,16.452,16.757,16.967,16.954,16.916,17.022,17.217,17.524,17.796,17.96,17.559,17.069,16.639,16.536,16.6,16.783,16.597,15.998,15.131,14.093,13.088,12.317,12.292,12.485,12.69,12.514,12.203,11.944,11.727,11.569,11.449,11.344,11.239,11.193,11.108,10.947,10.532,10.175,9.884,9.921,10.266,10.738,10.908,11.104,11.875,12.874,14.423,16.242,18.028,19.5,20.841,21.068,21.274,22.362,21.439,24.387,23.496,20.971,
Moldova,MDA,"Death rate, crude (per 1,000 people)",SP.DYN.CDRT.IN,11.187,11.006,10.819,10.671,10.54,10.492,10.485,10.516,10.58,10.648,10.751,10.694,10.637,10.623,10.627,10.644,10.67,10.711,10.759,10.772,10.314,10.19,10.176,10.166,10.165,10.025,9.84,9.617,9.505,9.598,9.905,10.304,10.974,11.305,11.71,11.916,12.027,12.004,11.883,11.787,11.819,11.926,12.112,12.277,12.392,12.425,12.463,12.477,12.44,12.336,12.18,12.185,12.3,12.558,12.759,13.094,13.246,13.253,13.63,13.919,14.759,16.7,13.07,13.606,
Madagascar,MDG,"Death rate, crude (per 1,000 people)",SP.DYN.CDRT.IN,21.485,21.033,20.614,20.169,19.767,19.395,18.963,18.6,18.26,17.996,17.616,17.422,17.231,16.958,16.706,16.516,16.387,16.3,16.261,16.231,16.247,16.295,16.117,15.992,15.859,15.656,15.384,15.011,14.735,14.437,14.193,13.896,13.601,13.12,12.797,12.437,12.06,11.668,11.255,10.841,10.464,10.02,9.688,9.361,9.077,8.793,8.536,8.334,8.117,7.972,7.826,7.683,7.602,7.536,7.495,7.461,7.452,7.48,7.491,7.518,7.869,7.94,7.728,7.528,
Maldives,MDV,"Death rate, crude (per 1,000 people)",SP.DYN.CDRT.IN,26.63,26.526,26.321,25.959,25.485,24.676,23.763,22.552,21.585,20.968,20.285,19.514,18.724,17.933,17.082,16.312,15.668,15.015,15.794,13.692,13.044,12.457,11.907,11.384,10.847,10.408,9.978,9.522,9.051,8.576,8.136,7.684,7.227,6.804,6.421,6.079,5.672,5.273,4.944,4.633,4.412,4.211,4.069,3.89,4.103,3.66,3.635,3.547,3.485,3.388,3.288,3.196,3.112,3.037,2.958,2.851,2.763,2.685,2.642,2.579,2.963,3.118,2.329,2.338,
"Middle East, North Africa, Afghanistan & Pakistan",MEA,"Death rate, crude (per 1,000 people)",SP.DYN.CDRT.IN,21.93862667,21.28607256,20.90358541,20.10878462,19.47997319,18.96840154,18.35003906,17.8215433,17.35034109,16.81011272,16.33335318,16.59103765,15.42948714,15.02313803,14.60050287,14.19103938,13.93380626,13.31799333,13.03599708,12.54914151,12.19047891,11.91518624,11.6686236,11.07713625,10.80690429,10.46621035,9.955708244,9.635452555,9.339633313,8.981005808,8.873756778,8.439886167,8.156896423,7.933560872,7.825943206,7.658976869,7.493343693,7.368738109,7.21390719,7.026672886,6.886877259,6.726204718,6.583858351,6.547065643,6.386346218,6.418145386,6.241092233,6.173458579,6.06995853,6.002693035,5.964831704,5.920268974,5.932837552,5.871024203,5.792090681,5.765484094,5.681038702,5.611543537,5.555631785,5.479396457,6.203614626,6.284035821,5.358117381,5.282889119,
Mexico,MEX,"Death rate, crude (per 1,000 people)",SP.DYN.CDRT.IN,13.993,13.345,12.846,12.462,12.105,11.606,11.168,10.778,10.54,10.339,10.013,9.683,9.293,8.971,8.573,8.182,7.859,7.584,7.351,7.116,6.896,6.701,6.571,6.472,6.402,6.314,6.22,6.148,6.128,6.155,6.159,6.064,5.961,5.874,5.788,5.695,5.622,5.561,5.534,5.493,5.481,5.433,5.45,5.469,5.517,5.537,5.575,5.62,5.682,5.735,5.733,5.698,5.674,5.677,5.705,5.768,5.868,5.997,6.071,6.083,8.429,9.015,6.521,6.161,
Marshall Islands,MHL,"Death rate, crude (per 1,000 people)",SP.DYN.CDRT.IN,16.101,15.682,15.185,14.734,14.38,14.094,13.922,13.642,12.922,12.083,11.35,10.951,10.887,10.827,10.777,10.582,10.339,10.081,9.837,9.592,9.312,9.063,8.844,8.62,8.404,8.208,8.034,7.877,7.756,7.666,7.557,7.451,7.334,7.21,7.095,6.998,6.905,6.817,6.738,6.654,6.745,6.619,6.615,6.616,6.622,6.637,6.626,6.619,6.599,6.539,6.465,6.381,6.376,6.385,6.436,6.493,6.563,6.639,6.714,6.787,7.296,7.389,6.862,6.968,
Middle income,MIC,"Death rate, crude (per 1,000 people)",SP.DYN.CDRT.IN,20.38951469,16.39679344,14.81186462,14.61124647,14.86254012,14.50897529,13.86202461,13.4860275,13.02519967,12.76003649,12.58639036,12.83674208,12.11183676,11.71540555,11.63756315,11.53072414,11.33260554,10.98835534,10.61071314,10.28996999,10.17931009,10.02766182,9.949335115,9.868994561,9.684293134,9.524225746,9.384972095,9.200535065,9.061952364,8.890093033,8.834026835,8.765217017,8.626292405,8.534253444,8.399903053,8.337236351,8.247076027,8.14120267,8.058448492,7.967076622,7.869937462,7.792260055,7.705050088,7.634057891,7.610261329,7.529927875,7.535170589,7.500077489,7.489313214,7.391276258,7.340910933,7.264899861,7.198847151,7.149327278,7.101507916,7.055258706,7.027983626,6.996985173,6.98898524,6.982799039,7.474843692,8.311851495,7.093418089,7.134754524,
North Macedonia,MKD,"Death rate, crude (per 1,000 people)",SP.DYN.CDRT.IN,10.911,10.089,11.077,10.072,9.957,9.441,8.98,8.79,8.422,8.645,8.217,8.147,8.024,7.426,7.457,7.458,7.269,7.151,6.874,6.933,7.035,6.962,6.904,7.076,7.01,7.118,7.208,7.29,7.378,7.212,7.285,7.286,7.737,7.808,8.142,8.063,8.707,8.3,8.4,8.3,8.5,8.3,8.9,8.9,8.8,9,9.1,9.6,9.3,9.3,9.3,9.5,9.8,9.3,9.5,9.9,9.853364793,9.8,9.5,9.8,12.4,15.5,12.3,11,
Mali,MLI,"Death rate, crude (per 1,000 people)",SP.DYN.CDRT.IN,34.347,34.171,33.977,33.793,33.58,33.275,33.037,32.642,32.299,32.02,31.493,31.108,30.419,29.868,29.252,28.587,27.961,27.253,26.562,25.924,25.266,24.64,23.902,23.051,22.442,21.952,21.377,20.856,20.414,19.928,19.559,19.223,18.88,18.541,18.216,17.839,17.586,17.12,16.73,16.404,16.02,15.536,15.062,14.632,14.214,13.843,13.459,13.101,12.756,12.437,12.12,11.812,11.559,11.217,10.887,10.59,10.268,10.033,9.774,9.475,9.502,9.277,8.859,8.627,
Malta,MLT,"Death rate, crude (per 1,000 people)",SP.DYN.CDRT.IN,8.6,9,8.8,9.2,8.6,9.4,9.1,9.6,9.4,9.9,10.1,10.2,9.6,9.7,9.1,9.5,9.7,9.4,10.5,9.5,10.2,9.6,9.4,9.5,8.8,8.4,8.3,8.4,7.8,7.4,7.8,7.9,7.9,7.3,7.2,7.2,7.3,7.5,7.8,7.9,7.5,7.4,7.6,7.9,7.5,7.8,7.9,7.6,7.9,7.8,7.3,7.8,8.1,7.6,7.5,7.7,7.4,7.6,7.6,7.3,7.9,8,8,7.3,
Myanmar,MMR,"Death rate, crude (per 1,000 people)",SP.DYN.CDRT.IN,20.518,20.038,19.474,18.903,18.338,17.763,17.175,16.664,16.257,15.819,15.501,15.133,14.873,14.635,14.404,14.132,13.87,13.638,13.477,13.187,12.975,12.783,12.624,12.491,12.337,12.173,11.957,11.736,11.56,11.387,11.259,11.162,11.035,10.882,10.754,10.604,10.376,10.235,10.09,10.043,9.983,9.918,9.852,9.777,9.708,9.637,9.567,9.49,12.279,9.3,9.212,9.125,9.043,8.982,8.92,8.904,8.861,8.855,8.827,8.847,8.994,9.819,9.18,9.153,
"Middle East, North Africa, Afghanistan & Pakistan (excluding high income)",MNA,"Death rate, crude (per 1,000 people)",SP.DYN.CDRT.IN,22.21773986,21.55484577,21.17666366,20.36734151,19.73180189,19.21845294,18.59438898,18.06440008,17.59056699,17.04624763,16.56910155,16.86543408,15.6722518,15.27567416,14.85655238,14.44923153,14.20961584,13.58413467,13.31221712,12.82575704,12.47064645,12.2051147,11.95982009,11.35456825,11.09048965,10.74973535,10.22501925,9.90460333,9.608935845,9.237130821,9.11886729,8.676151686,8.392767423,8.161655677,8.056417133,7.889948353,7.724904445,7.599080293,7.442184484,7.252076975,7.114676228,6.958195532,6.817069457,6.787406282,6.6265685,6.668254059,6.488463818,6.426977639,6.330677548,6.269164916,6.227989694,6.187601765,6.211579694,6.160066284,6.085677566,6.072024918,5.993979955,5.918178196,5.850275618,5.760390025,6.53144977,6.59443643,5.607323509,5.552239061,
Montenegro,MNE,"Death rate, crude (per 1,000 people)",SP.DYN.CDRT.IN,9.606,9.354,9.162,8.924,8.584,8.24,7.99,7.683,7.447,7.354,7.291,7.17,7.04,6.952,6.999,6.943,6.964,7.143,7.168,7.386,7.173,7.322,7.332,7.428,7.527,7.551,7.46,7.359,7.33,7.209,7.263,7.356,7.547,7.638,7.843,8,8.2,8.5,8.7,8.9,9,8.9,9,9.3,9.3,9.5,9.7,9.7,9.3,9.5,9.1,9.4,9.5,9.5,9.6,10.1,10.3,10.4,10.4,10.5,11.6,14.6,11.3,10.1,
Mongolia,MNG,"Death rate, crude (per 1,000 people)",SP.DYN.CDRT.IN,22.928,22.506,22.072,21.624,20.979,20.26,19.584,18.773,18.022,17.281,16.761,16.286,15.846,15.451,15.098,14.794,14.517,14.268,14.014,13.704,13.549,13.374,13.187,12.983,12.755,12.502,12.197,11.887,11.547,11.084,10.539,9.805,9.218,8.778,8.601,8.488,8.347,8.058,7.695,7.363,7.08,7,6.995,7.026,7.069,7.018,6.868,6.655,6.555,6.654,6.7,6.9,6.3,5.9,5.7,5.8,5.8,5.5,5.6,5.6,5.1,6.2,5.6,5.5,
Northern Mariana Islands,MNP,"Death rate, crude (per 1,000 people)",SP.DYN.CDRT.IN,7.776,7.615,7.447,7.254,7.084,6.89,6.703,6.68,6.939,6.764,6.117,5.774,5.627,5.549,5.545,5.404,5.267,5.157,5.102,5.06,4.813,4.546,4.346,4.216,4.119,4.068,4.066,4.091,4.089,4.083,4.165,4.151,4.057,3.957,3.837,3.678,3.384,3.175,2.934,2.725,2.633,2.611,2.564,2.515,2.542,2.499,2.51,2.576,2.671,2.796,2.918,3.081,3.259,3.447,3.615,3.765,3.9,4.016,4.133,4.142,4.146,4.381,4.505,4.704,
Mozambique,MOZ,"Death rate, crude (per 1,000 people)",SP.DYN.CDRT.IN,23.568,23.362,23.189,23.045,23.256,23.111,23.028,22.888,22.736,22.566,22.381,22.209,22.131,21.98,21.694,21.351,21.398,21.494,21.615,21.829,22.129,23.997,23.789,23.673,25.384,25.154,23.205,23.337,21.289,20.932,20.451,20.014,19.621,18.804,17.964,18.017,17.531,17.061,16.676,16.178,15.664,15.044,14.524,14.074,13.666,13.277,12.926,12.57,12.261,11.929,11.543,11.108,10.665,10.233,9.779,9.371,8.984,8.633,8.324,8.078,8.007,8.403,7.255,7.002,
Mauritania,MRT,"Death rate, crude (per 1,000 people)",SP.DYN.CDRT.IN,20.04,19.68,19.271,18.857,18.407,17.964,17.517,17.062,16.679,16.314,16.023,15.871,15.673,15.537,15.375,15.24,15.073,14.892,14.623,14.299,13.978,13.647,13.269,12.978,12.563,12.151,11.79,11.387,11.061,10.956,10.689,10.555,10.302,10.316,10.31,10.291,10.204,9.824,9.512,9.18,8.861,8.578,8.281,8.004,7.744,7.494,7.242,7.068,6.896,6.953,7.054,7.205,7.381,7.564,7.26,6.993,6.731,6.513,6.286,6.115,6.41,6.29,5.627,5.52,
Mauritius,MUS,"Death rate, crude (per 1,000 people)",SP.DYN.CDRT.IN,10.111,9.8,9.3,9.7,8.7,8.8,9,8.6,9.2,8.3,7.9,7.7,7.9,7.8,7.3,8.1,7.7,7.8,7.1,7.2,7.2,6.8,6.6,6.5,6.6,6.8,6.6,6.5,6.6,6.8,6.6,6.6,6.5,6.8,6.7,6.7,6.8,7,6.8,6.8,6.7,6.7,6.9,7,6.9,7,7.4,6.9,7.2,7.4,7.3,7.3,7.4,7.5,7.7,7.7,8.1,8,8.5,8.8,8.7,10.5,10.2,9.4,
Malawi,MWI,"Death rate, crude (per 1,000 people)",SP.DYN.CDRT.IN,30.101,29.99,29.884,29.782,29.754,29.686,29.598,29.487,29.352,29.117,28.75,28.226,27.67,26.916,26.085,25.247,24.387,23.526,22.666,22.226,21.942,21.772,21.733,21.691,21.825,21.988,22.149,22.01,22.831,22.518,22.231,21.962,21.514,21.519,21.316,20.556,20.127,19.735,19.412,18.657,18.022,17.367,16.779,15.903,15.076,14.32,13.667,13.053,12.386,11.541,10.708,9.939,9.239,8.623,8.081,7.642,7.184,6.816,6.546,6.301,6.189,6.257,5.803,5.363,
Malaysia,MYS,"Death rate, crude (per 1,000 people)",SP.DYN.CDRT.IN,11.326,10.676,10.059,9.488,8.957,8.495,8.14,7.898,7.673,7.459,7.256,7.036,6.839,6.65,6.469,6.288,6.1,5.936,5.794,5.664,5.512,5.384,5.252,5.156,5.053,4.956,4.873,4.806,4.756,4.692,4.657,4.6,4.552,4.508,4.498,4.493,4.479,4.453,4.461,4.494,4.431,4.359,4.278,4.257,4.225,4.187,4.165,4.175,4.212,4.271,4.334,4.401,4.478,4.607,4.749,4.864,4.915,4.931,4.946,4.98,5.034,6.201,5.547,5.158,
North America,NAC,"Death rate, crude (per 1,000 people)",SP.DYN.CDRT.IN,9.346527555,9.155012619,9.336348718,9.435710748,9.225871467,9.23416263,9.314540412,9.213358666,9.574772098,9.292855687,9.292413634,9.108365117,9.208144423,9.117250485,8.935752414,8.654476563,8.644314237,8.453862453,8.544219546,8.354125711,8.634168102,8.443596587,8.362858073,8.443184055,8.533271526,8.533259294,8.552788496,8.462105334,8.741812905,8.650555295,8.470032507,8.440189098,8.340499178,8.63080724,8.630978622,8.641088982,8.641227596,8.551415604,8.461707034,8.462086773,8.362301928,8.362183102,8.362008037,8.271855972,8.091585477,8.181751699,7.991621454,7.921174244,8.011216404,7.820923274,7.906305362,7.976427512,8.002315858,8.113761226,8.143395511,8.336147451,8.383546381,8.533570992,8.578848541,8.584833689,10.04650467,10.17259011,9.674564546,9.082972695,
Namibia,NAM,"Death rate, crude (per 1,000 people)",SP.DYN.CDRT.IN,17.901,17.437,16.97,16.546,16.09,15.666,15.418,15.004,14.609,14.232,13.871,13.488,13.137,12.784,12.452,12.07,11.771,11.408,11.168,10.797,11.929,11.673,11.254,10.998,10.711,10.445,10.252,10.015,9.969,8.966,8.856,9.027,9.203,9.467,9.725,10.037,10.361,10.716,11.258,11.669,12.213,12.742,12.733,12.801,12.71,12.582,12.318,11.932,11.63,11.389,11.077,10.848,10.299,9.956,9.567,9.253,8.898,8.52,8.127,7.722,7.519,9.175,7.471,6.169,
New Caledonia,NCL,"Death rate, crude (per 1,000 people)",SP.DYN.CDRT.IN,14.495,13.975,13.439,12.936,12.443,11.925,11.414,10.91,10.426,9.929,9.423,9.093,8.81,8.48,8.187,7.938,7.799,7.616,7.405,7.22,7.048,6.908,6.705,6.502,6.34,6.253,6.215,6.193,6.191,6.165,5.883,5.857,5.798,5.723,5.636,5.548,5.469,5.369,5.287,5.214,5.161,5.115,5.097,5.119,5.16,5.216,5.214,5.328,5.436,5.526,5.549,5.501,5.476,5.484,5.559,5.69,5.813,5.933,6.07,6.278,7.412,6.664,6.8,6.271,
Niger,NER,"Death rate, crude (per 1,000 people)",SP.DYN.CDRT.IN,27.633,27.563,27.553,27.456,27.443,27.5,27.579,27.668,27.785,27.914,28.016,28.655,28.196,28.13,27.946,27.655,27.219,26.749,26.339,25.928,25.697,25.603,25.562,25.56,25.638,25.594,25.512,25.336,25.03,24.636,24.126,23.607,22.918,22.227,21.544,20.778,20.112,19.473,18.882,18.308,17.7,17.076,16.403,15.662,14.965,14.258,13.586,12.981,12.434,12,11.605,11.261,10.99,10.751,10.532,10.386,10.156,9.957,9.769,9.573,9.526,9.55,9.173,8.859,
Nigeria,NGA,"Death rate, crude (per 1,000 people)",SP.DYN.CDRT.IN,26.457,26.286,26.165,26.016,25.89,25.698,25.598,26.356,25.297,25.049,24.206,23.752,23.228,22.804,22.315,21.906,21,20.5,20.12,19.778,19.526,19.201,19.034,19.034,18.937,18.928,18.984,18.926,18.89,18.848,18.855,18.972,18.851,18.675,18.65,18.535,18.513,18.358,18.153,17.803,17.439,17.149,16.799,16.37,15.986,15.692,15.43,15.067,14.801,14.554,14.36,14.203,14.019,13.864,13.736,13.656,13.408,13.192,12.952,12.679,12.586,12.306,11.953,11.74,
Nicaragua,NIC,"Death rate, crude (per 1,000 people)",SP.DYN.CDRT.IN,18.812,18.029,17.447,16.841,16.227,15.517,14.902,14.396,14.025,13.685,13.368,13.097,16.771,12.539,12.296,12.051,11.824,11.734,12.901,14.109,10.662,10.408,10.126,10.739,10.918,10.67,10.051,10.029,8.897,7.982,7.656,7.255,7.048,6.825,6.6,6.446,6.297,6.229,6.912,6.234,6.145,5.982,5.735,5.556,5.401,5.21,5.115,5.104,5.097,5.127,5.09,5.051,4.964,4.982,4.964,4.993,4.959,4.949,4.832,4.95,6.663,6.618,4.691,4.586,
Netherlands,NLD,"Death rate, crude (per 1,000 people)",SP.DYN.CDRT.IN,7.6,7.6,7.9,8,7.7,8,8.1,7.9,8.2,8.4,8.4,8.4,8.5,8.2,8.1,8.3,8.3,7.9,8.2,8,8.1,8.1,8.2,8.2,8.3,8.5,8.6,8.3,8.4,8.7,8.6,8.6,8.6,9,8.7,8.8,8.9,8.7,8.8,8.9,8.8,8.7,8.8,8.7,8.4,8.4,8.3,8.1,8.2,8.1,8.2,8.1,8.4,8.4,8.3,8.7,8.7,8.8,8.9,8.8,9.7,9.8,9.6,9.5,
Norway,NOR,"Death rate, crude (per 1,000 people)",SP.DYN.CDRT.IN,9.1,9.2,9.4,10,9.5,9.4,9.6,9.6,9.9,10.1,10,10,10,10.1,9.9,10,10,9.8,10,10.2,10.1,10.2,10.1,10.2,10.3,10.7,10.5,10.7,10.8,10.7,10.9,10.5,10.4,10.8,10.2,10.4,10,10.1,10,10.1,9.8,9.7,9.8,9.3,9,8.9,8.9,8.9,8.7,8.6,8.5,8.4,8.4,8.1,7.9,7.8,7.8,7.7,7.7,7.6,7.5,7.8,8.4,7.9,
Nepal,NPL,"Death rate, crude (per 1,000 people)",SP.DYN.CDRT.IN,24.717,24.473,24.169,23.922,23.394,22.99,22.527,22.136,21.776,21.318,20.964,20.597,20.218,19.824,19.5,19.076,18.728,18.251,17.846,17.438,17.012,16.763,16.392,16.047,15.677,15.208,14.756,14.256,13.795,13.232,12.764,12.242,11.639,11.197,10.639,10.268,9.824,9.344,8.947,8.669,8.369,8.046,7.912,7.623,7.432,7.247,7.043,7.001,6.969,6.996,7.028,6.998,7.029,7.061,7.098,7.385,7.065,7.07,7.07,7.024,7.272,7.761,6.888,6.932,
Nauru,NRU,"Death rate, crude (per 1,000 people)",SP.DYN.CDRT.IN,11.413,10.917,10.584,10.26,9.98,9.691,9.559,9.253,8.994,7.946,7.755,7.781,7.92,8.127,8.375,8.654,8.94,9.25,9.752,10.259,10.747,11.184,11.596,12.023,11.989,11.825,11.547,11.19,10.741,10.185,9.55,8.864,8.14,7.856,7.73,7.668,7.66,7.705,7.771,7.853,7.896,7.917,7.885,7.877,7.997,8.098,8.178,8.244,8.248,8.232,8.156,8.021,7.783,7.692,7.642,7.64,7.628,7.608,7.578,7.573,7.552,7.661,7.472,7.519,
New Zealand,NZL,"Death rate, crude (per 1,000 people)",SP.DYN.CDRT.IN,8.79,8.98,8.89,8.84,8.83,8.72,8.86,8.43,8.88,8.69,8.81,8.49,8.51,8.5,8.3,8.1,8.13,8.26,7.85,8.08,8.48,7.97,8.03,8.07,7.8,8.4,8.25,8.3,8.26,8.12,7.89,7.55,7.67,7.58,7.44,7.57,7.57,7.26,6.87,7.33,6.91,7.16,7.1,6.95,6.95,6.54,6.75,6.75,6.85,6.73,6.53,6.86,6.82,6.65,6.87,6.85,6.61,6.92,6.78,6.87,6.41,6.83,7.53,7.23,
OECD members,OED,"Death rate, crude (per 1,000 people)",SP.DYN.CDRT.IN,10.28283541,10.09128529,10.24023083,10.16672895,9.894730328,9.963028079,9.873966617,9.690000177,9.904716614,9.860795787,9.739872894,9.584515185,9.456524263,9.491679265,9.315784053,9.253237697,9.192242438,8.94207169,8.96512177,8.812073887,8.944971653,8.761103023,8.651463092,8.738223328,8.637642108,8.733439718,8.617977449,8.503425754,8.564848236,8.532918265,8.518277874,8.484844411,8.388100434,8.506631078,8.409593656,8.439400105,8.364281241,8.291175625,8.27458143,8.316030988,8.164814353,8.099397885,8.125418962,8.172499339,7.959801643,8.075786633,7.955911943,7.993283445,8.073565245,7.953315677,7.993939433,8.03607922,8.139001307,8.160584566,8.114289349,8.393225151,8.364062535,8.53112019,8.57131304,8.558174174,9.676746327,9.936509298,9.545850005,9.069717708,
Oman,OMN,"Death rate, crude (per 1,000 people)",SP.DYN.CDRT.IN,30.071,29.218,28.295,27.304,26.287,25.24,24.176,23.102,22.022,20.941,20.022,18.974,18.118,17.109,16.044,15.103,13.899,13.148,12.172,11.355,10.57,9.829,9.06,8.355,7.703,7.053,6.434,5.898,5.445,5.067,4.751,4.485,4.263,4.087,3.975,3.798,3.641,3.499,3.371,3.258,3.155,3.062,2.98,2.909,2.802,2.766,2.727,2.709,2.621,2.549,2.456,2.182,2.2,2.192,2.113,2.057,2.017,1.993,1.992,2.001,2.444,2.785,2.13,1.901,
Other small states,OSS,"Death rate, crude (per 1,000 people)",SP.DYN.CDRT.IN,14.54999279,14.40960557,14.20507367,14.1931431,13.71452748,13.49500406,13.37681855,13.15682722,13.14168234,13.05916419,12.86743741,12.65847886,12.55647703,12.40175355,13.08959648,13.76306874,13.42502365,13.38567307,13.60138582,13.30603579,12.51220215,12.31327284,11.98757447,11.93966342,11.62945807,11.50036633,11.1139416,10.86735542,10.75982365,10.01004032,9.988585018,10.00804735,10.07774299,10.07287799,10.19537021,10.07373157,9.836511001,9.828325353,9.977138102,10.27075565,9.313016824,9.25904667,9.288367298,9.324748773,9.270709465,9.20460624,9.154538008,8.969647123,8.823938686,8.6691625,8.443577644,8.338214379,8.234444988,8.125631257,8.067805062,7.981426782,7.963352084,7.896772511,7.885792636,7.815579889,7.996535592,8.81797633,8.116958175,7.638046504,
Pakistan,PAK,"Death rate, crude (per 1,000 people)",SP.DYN.CDRT.IN,20.065,19.483,18.857,18.234,17.506,17.066,16.223,15.618,15.084,14.65,14.273,16.533,13.75,13.61,13.507,13.263,13.084,12.887,12.616,12.351,12.066,11.883,11.707,11.571,11.459,11.344,11.259,11.188,11.079,10.942,10.763,10.625,10.513,10.351,10.187,10.029,9.834,9.658,9.348,9.122,8.899,8.685,8.492,8.32,8.137,8.411,7.904,7.84,7.8,7.741,7.691,7.575,7.482,7.377,7.272,7.164,7.039,6.94,6.852,6.772,7.301,7.23,6.513,6.466,
Panama,PAN,"Death rate, crude (per 1,000 people)",SP.DYN.CDRT.IN,9.598,9.288,9.042,8.854,8.7,8.554,8.386,8.227,8.017,7.785,7.574,7.27,7.011,6.722,6.376,6.08,5.861,5.685,5.536,5.412,5.312,5.228,5.237,5.194,5.135,5.122,5.115,5.102,5.093,5.434,5.068,5.086,5.085,5.01,5.015,5.055,5.038,4.968,4.944,4.884,4.829,4.763,4.699,4.637,4.622,4.589,4.579,4.586,4.583,4.577,4.609,4.624,4.646,4.658,4.673,4.714,4.739,4.782,4.722,4.719,5.864,5.643,4.751,4.771,
Peru,PER,"Death rate, crude (per 1,000 people)",SP.DYN.CDRT.IN,17.139,16.69,16.386,15.83,15.473,15.193,14.91,14.638,14.352,14.069,18.817,13.548,13.306,13.175,12.794,12.45,12.155,11.881,11.545,11.198,10.853,10.454,10.138,9.862,9.567,9.159,8.852,8.578,8.291,8.033,7.72,7.556,7.178,6.856,6.504,6.299,6.127,6.004,5.903,5.732,5.631,5.592,5.606,5.679,5.89,5.926,6.079,6.195,6.505,6.722,6.733,6.671,6.469,6.321,6.123,6.037,6.036,6.102,6.173,6.16,7.415,9.297,6.389,5.491,
Philippines,PHL,"Death rate, crude (per 1,000 people)",SP.DYN.CDRT.IN,10.014,9.732,9.462,9.203,9.031,8.778,8.57,8.39,8.251,8.151,8.202,8.054,8.092,8.143,8.103,8.06,8.082,7.858,7.858,7.798,7.741,7.723,7.635,7.581,7.563,7.431,7.364,7.17,6.991,6.814,6.68,6.576,6.237,6.115,5.989,5.886,5.74,5.637,5.559,5.475,5.394,5.421,5.426,5.407,5.356,5.357,5.519,5.428,5.463,5.526,5.482,5.463,5.459,5.508,5.558,5.583,5.662,5.565,5.753,5.896,5.831,7.992,6.266,6.236,
Palau,PLW,"Death rate, crude (per 1,000 people)",SP.DYN.CDRT.IN,14.595,14.159,13.684,13.332,13.003,12.777,12.519,12.353,12.251,12.168,11.872,11.387,11.038,10.765,10.619,10.332,10.067,9.831,9.642,9.54,9.445,9.326,9.246,9.186,9.122,9.097,9.132,9.305,9.548,9.845,10.157,10.158,10.119,10.108,10.039,9.944,9.842,9.787,9.77,9.8,9.922,9.961,9.943,9.884,9.857,9.915,9.798,9.629,9.485,9.349,9.261,9.195,9.143,9.053,9.241,9.503,9.774,10.047,10.341,10.631,11.13,11.538,11.502,11.495,
Papua New Guinea,PNG,"Death rate, crude (per 1,000 people)",SP.DYN.CDRT.IN,16.898,16.463,16.265,15.599,15.178,14.744,14.309,13.854,13.424,12.997,12.579,12.25,11.814,11.397,11.002,10.649,10.321,10.023,9.762,9.527,9.321,9.164,9.05,8.994,8.895,8.827,8.758,8.685,8.641,8.552,8.459,8.37,8.229,8.16,8.061,7.984,7.945,7.882,8.296,7.818,7.785,7.779,7.803,7.775,7.76,7.738,7.681,7.607,7.489,7.389,7.285,7.167,7.076,6.977,6.89,6.804,6.744,6.692,6.661,6.624,6.824,7.229,6.846,6.516,
Poland,POL,"Death rate, crude (per 1,000 people)",SP.DYN.CDRT.IN,7.6,7.6,7.9,7.5,7.6,7.4,7.4,7.7,7.6,8.1,8.2,8.7,8,8.4,8.2,8.7,8.9,9,9.4,9.2,9.8,9.2,9.3,9.6,10,10.3,10.1,10.1,9.9,10.1,10.2,10.6,10.3,10.2,10,10,10,9.8,9.7,9.9,9.6,9.5,9.4,9.6,9.5,9.6,9.7,9.9,10,10.1,9.9,9.9,10.1,10.2,9.9,10.4,10.2,10.6,10.9,10.8,12.7,14,12.2,11.1,
Pre-demographic dividend,PRE,"Death rate, crude (per 1,000 people)",SP.DYN.CDRT.IN,24.65400977,24.4463767,24.02912056,23.77484455,23.49423472,23.25576414,22.98654209,22.89763117,22.39350013,22.13037965,21.65715873,21.28174228,21.14448136,20.50688965,20.14463792,19.84621267,19.37928301,18.99584358,18.76266366,18.53342632,18.38066324,18.25102127,18.03746871,18.10642978,18.1889595,17.991477,17.43694251,17.51871373,17.7079759,16.95911423,16.89934356,17.05109716,16.90281219,16.33240624,15.7973997,15.74383997,15.68065706,15.42535254,15.51529071,14.83071482,14.36128898,13.99305328,13.62734537,13.23416517,12.88138573,12.50946454,12.13966524,11.77875475,11.41782235,11.44256752,10.85118016,10.82768266,10.31884382,10.05540775,9.987058692,9.799614986,9.616915805,9.452940288,9.043265679,8.89377741,8.826808226,8.871013789,8.546487888,8.05955313,
Puerto Rico (US),PRI,"Death rate, crude (per 1,000 people)",SP.DYN.CDRT.IN,6.7,6.8,6.8,7,7.3,6.8,6.7,6.3,6.5,6.5,6.7,6.5,6.6,6.5,6.7,6.5,6.6,6.4,6.3,6.4,6.4,6.5,6.5,6.5,6.6,7.1,7.2,7.3,7.35,7.4,7.3,7.4,7.6,7.8,7.7,8.1,8,7.7,7.8,7.7,7.48,7.5,7.28,7.31,7.46,7.6,7.29,7.44,7.61,7.78,7.833,8,8.1,8.1,8.5,8.084,8.86,9.222,9.063,9.194,10.131,10.2,11,10.7,
"Korea, Dem. People's Rep.",PRK,"Death rate, crude (per 1,000 people)",SP.DYN.CDRT.IN,11.152,10.81,10.621,10.527,10.287,10.01,9.777,9.602,9.221,8.851,8.51,8.155,7.891,7.471,7.155,6.918,6.676,6.487,6.339,6.223,6.105,6.017,5.918,5.831,5.764,5.712,5.678,5.671,5.645,5.643,5.65,5.652,5.629,5.823,6.081,10.049,10.144,10.25,10.387,10.532,10.693,10.876,11.059,7.897,8.174,8.461,8.754,8.966,8.996,8.92,8.794,8.699,8.605,8.52,8.418,8.443,8.592,8.819,9.063,9.326,9.721,9.466,9.484,9.684,
Portugal,PRT,"Death rate, crude (per 1,000 people)",SP.DYN.CDRT.IN,10.7,11.2,10.8,10.9,10.7,10.6,11.2,10.8,10.7,11.5,10.7,11.4,10.5,11.1,11.1,10.8,10.9,10.2,10.1,9.6,9.7,9.7,9.3,9.7,9.7,9.7,9.5,9.5,9.8,9.6,10.3,10.4,10.1,10.6,9.9,10.3,10.6,10.4,10.5,10.6,10.2,10.1,10.2,10.4,9.7,10.2,9.7,9.8,9.9,9.9,10,9.7,10.2,10.2,10.1,10.5,10.7,10.6,10.9,10.8,11.9,12,11.9,11.2,
Paraguay,PRY,"Death rate, crude (per 1,000 people)",SP.DYN.CDRT.IN,10.561,10.385,10.218,10.048,10.009,9.94,9.84,9.732,9.619,9.503,9.39,9.269,9.122,8.948,8.919,8.818,8.734,8.68,8.624,8.569,8.475,8.352,8.197,7.964,7.704,7.472,7.258,7.052,6.87,6.706,6.472,6.288,6.136,5.994,5.867,5.749,5.64,5.556,5.482,5.398,5.324,5.264,5.217,5.182,5.178,5.175,5.171,5.186,5.207,5.222,5.211,5.209,5.176,5.193,5.24,5.319,5.396,5.501,5.514,5.584,6.095,8.92,6.359,5.703,
West Bank and Gaza,PSE,"Death rate, crude (per 1,000 people)",SP.DYN.CDRT.IN,,,,,,,,,,,,,,,,,,,,,,,,,,,,,,,6.72,6.46,6.2,5.94,5.68,5.42,5.16,4.9,4.8,4.6,4.5,4.4,4.3,4.2,4.1,4,3.9,3.675,3.71,3.734,3.463,3.431,3.425,3.341,3.855,3.318,3.262,3.218,3.217,3.134,3.391,3.768,2.992,7.198,
Pacific island small states,PSS,"Death rate, crude (per 1,000 people)",SP.DYN.CDRT.IN,13.14439525,12.68088952,12.21096857,11.73218345,11.51571118,10.78478336,10.4701607,10.23861368,9.904378197,9.739896753,9.47036565,9.20730369,9.013093021,9.012412805,8.70584292,8.611939249,8.232345756,8.017691423,7.773315432,7.797541177,7.90903316,7.840090232,7.770410223,7.536034521,7.404734436,7.190232246,7.201363663,7.081992402,6.850070358,6.713659031,6.727343265,6.595758208,6.556007999,6.522081281,6.464741525,6.434504278,6.388658178,6.353804814,6.319222546,6.318446597,6.444686579,6.461642533,6.685677942,6.661376471,6.672070602,6.697512842,6.723701815,6.803374196,6.798100849,6.920292563,6.770175315,6.772810506,7.09137422,6.941611871,7.002209055,7.058907699,7.039794269,6.995232175,7.078576019,7.167092752,7.371791555,8.075910209,7.028943725,6.9722118,
Post-demographic dividend,PST,"Death rate, crude (per 1,000 people)",SP.DYN.CDRT.IN,9.710517183,9.531858401,9.726007461,9.695493468,9.426003339,9.548882584,9.502065025,9.356529687,9.632926754,9.620361133,9.528181612,9.39881617,9.349449063,9.420028787,9.302891845,9.29206063,9.280768616,9.071008809,9.14656459,9.044928475,9.224645643,9.082235355,9.003090486,9.139348603,9.055758766,9.142546172,9.06966885,8.968207246,9.083502134,9.067365065,9.096832358,9.111292559,9.121341274,9.320391087,9.232930408,9.309328624,9.24903581,9.176739813,9.162169003,9.201728549,9.073639796,9.024707819,9.083408942,9.145847244,8.909128686,9.052903567,8.896828952,8.926599416,9.00217892,8.891391002,8.935775814,8.9719288,9.08550362,9.103522138,9.034740546,9.316933346,9.254461926,9.429691743,9.504161917,9.487283911,10.50324991,10.78255823,10.59533172,10.03645738,
French Polynesia,PYF,"Death rate, crude (per 1,000 people)",SP.DYN.CDRT.IN,9.758,9.527,9.305,9.057,8.912,8.753,8.569,8.371,8.167,7.956,7.713,7.474,7.264,7.083,6.888,6.656,6.411,6.161,5.883,5.622,5.361,5.119,4.846,4.6,4.36,4.205,3.984,3.869,3.731,3.62,3.529,3.436,3.334,3.242,3.139,3.001,2.882,2.772,2.728,2.617,2.588,2.581,2.594,2.618,2.678,2.743,2.806,2.844,2.892,2.92,2.947,2.957,2.972,2.996,3.059,3.124,3.175,3.225,3.292,3.369,3.812,5.245,3.529,3.649,
Qatar,QAT,"Death rate, crude (per 1,000 people)",SP.DYN.CDRT.IN,11.403,10.733,10.267,9.851,9.449,9.047,8.62,8.186,7.768,7.372,6.93,6.233,5.658,5.191,4.807,4.487,4.213,3.976,3.763,3.57,3.39,3.218,3.053,2.894,2.74,2.595,2.473,2.396,2.329,2.262,2.197,2.137,2.094,2.06,2.032,2.007,1.982,1.931,1.901,1.877,1.854,1.831,1.798,1.758,1.722,1.634,1.461,1.391,1.371,1.287,1.188,1.148,1.132,1.104,1.047,0.97,0.92,0.901,0.877,0.841,1.053,1.053,0.932,0.93,
Romania,ROU,"Death rate, crude (per 1,000 people)",SP.DYN.CDRT.IN,8.7,8.7,9.2,8.3,8.1,8.6,8.2,9.2,9.5,10.1,9.5,9.5,9.2,9.8,9.1,9.3,9.5,9.6,9.7,9.8,10.4,10,10,10.4,10.3,10.9,10.6,11.1,11,10.7,10.6,10.9,11.6,11.6,11.7,12,12.7,12.4,12,11.8,11.4,11.7,12.4,12.4,12.1,12.3,12.2,12.1,12.3,12.6,12.8,12.5,12.7,12.4,12.8,13.2,13.1,13.4,13.6,13.4,15.5,17.5,14.3,12.7,
Russian Federation,RUS,"Death rate, crude (per 1,000 people)",SP.DYN.CDRT.IN,7.51,7.517,7.653,7.389,7.314,7.581,7.659,7.905,8.086,8.535,8.692,8.745,8.985,9.054,9.302,9.717,9.886,10.164,10.395,10.8,11,10.9,10.7,11.1,11.6,11.3,10.4,10.5,10.7,10.7,11.2,11.4,12.2,14.5,15.7,15,14.2,13.8,13.5,14.6,15.3,15.6,16.2,16.4,15.9,16.1,15.1,14.6,14.5,14.1,14.2,13.5,13.3,13,13.1,13,12.9,12.4,12.5,12.3,14.6,16.7,12.9,12.1,
Rwanda,RWA,"Death rate, crude (per 1,000 people)",SP.DYN.CDRT.IN,19.585,19.106,18.677,20.841,18.024,17.78,17.702,17.667,17.804,18.013,18.265,18.557,18.9,19.26,19.626,19.893,20.012,19.908,19.538,18.9,18.128,17.278,16.469,15.765,15.207,14.783,14.504,14.375,14.445,15.016,15.886,16.688,17.773,18.497,153.963,18.168,16.283,17.985,17.76,16.303,15.173,14.257,13.328,12.143,11.058,10.253,9.52,8.907,8.336,7.784,7.347,7.043,6.759,6.598,6.478,6.401,6.336,6.234,6.206,6.132,6.089,6.185,5.993,5.935,
South Asia,SAS,"Death rate, crude (per 1,000 people)",SP.DYN.CDRT.IN,19.59006574,19.33628334,19.04266411,18.81010572,18.52351184,19.27749344,18.87966758,18.59623565,17.47389983,17.22895843,17.47178972,19.19424049,16.54973049,16.28763645,15.95591098,15.55817609,15.22974566,14.88633003,14.52064385,14.17242658,13.86810883,13.54905252,13.22332953,12.90066842,12.59723253,12.30356512,11.99230902,11.6894295,11.39909853,11.12349241,10.83814127,10.72136764,10.30961599,10.06746788,9.82625715,9.607390494,9.384228958,9.167832614,8.960363131,8.754324871,8.552297208,8.381392812,8.180561407,7.999404198,7.873889662,7.678674781,7.530296887,7.402583729,7.277567173,7.175921594,7.031765926,6.919379582,6.821704751,6.74103296,6.658029876,6.622072887,6.586217854,6.558265484,6.549513558,6.541942902,7.085246181,8.90169968,6.442401072,6.471090127,
Saudi Arabia,SAU,"Death rate, crude (per 1,000 people)",SP.DYN.CDRT.IN,21.094,20.601,20.083,19.549,18.998,18.389,17.751,17.078,16.359,15.614,14.863,14.093,13.34,12.601,11.889,11.215,10.56,9.945,9.366,8.85,8.299,7.801,7.336,6.904,6.508,6.135,5.766,5.42,5.11,4.819,4.558,4.334,4.131,3.964,3.821,3.696,3.586,3.491,3.407,3.328,3.234,3.103,2.992,2.899,2.827,2.777,2.741,2.721,2.701,2.693,2.668,2.642,2.593,2.506,2.392,2.266,2.178,2.174,2.228,2.295,2.46,2.615,2.57,2.34,
Sudan,SDN,"Death rate, crude (per 1,000 people)",SP.DYN.CDRT.IN,16.316,16.03,15.743,15.496,15.445,15.332,15.184,15.026,14.853,14.672,14.506,14.355,14.159,13.902,13.746,13.539,13.451,13.274,13.273,13.2,12.793,12.659,12.629,15.731,15.574,15.407,12.48,12.382,12.271,12.322,11.999,11.964,11.773,11.671,11.179,10.931,10.818,10.549,10.358,10.182,9.972,9.781,9.717,10.161,10.861,10.599,9.063,8.569,8.597,7.947,7.819,7.686,7.528,7.474,7.21,7.069,6.948,6.741,6.646,6.549,6.786,6.996,6.522,6.404,
Senegal,SEN,"Death rate, crude (per 1,000 people)",SP.DYN.CDRT.IN,24.996,24.907,24.846,24.795,24.736,24.686,24.574,24.421,24.246,24,23.64,23.232,22.764,22.189,21.617,20.944,20.256,19.567,18.874,18.17,17.521,16.899,16.289,15.592,14.944,14.288,13.5,12.87,12.252,11.809,11.507,11.271,11.101,11.046,10.965,11.021,11.111,11.108,11.108,10.996,10.815,10.493,10.071,9.867,9.473,9.155,8.769,8.389,8.158,7.929,7.739,7.505,7.316,7.094,6.861,6.615,6.459,6.283,6.119,5.979,6.052,6.307,5.92,5.581,
Singapore,SGP,"Death rate, crude (per 1,000 people)",SP.DYN.CDRT.IN,6.2,5.9,5.8,5.6,5.7,5.4,5.4,5.3,5.5,5,5.2,5.4,5.4,5.4,5.2,5.1,5.1,5.1,5.1,5.2,4.9,4.9,4.9,5,4.8,4.9,4.6,4.7,4.9,4.9,4.7,4.6,4.7,4.6,4.7,4.8,4.7,4.5,4.6,4.5,4.5,4.3,4.4,4.5,4.4,4.4,4.4,4.5,4.4,4.3,4.4,4.5,4.5,4.6,4.7,4.8,4.8,5,5,5,5.2,5.8,6.3,6.2,
Solomon Islands,SLB,"Death rate, crude (per 1,000 people)",SP.DYN.CDRT.IN,17.278,16.866,16.398,15.902,15.446,14.96,14.487,14.068,13.508,13.076,12.673,11.968,11.31,10.721,10.189,10.74,9.25,8.929,8.348,7.993,7.688,7.46,7.263,7.109,6.986,6.886,7.185,6.75,6.618,6.492,6.394,6.299,6.233,6.196,6.154,6.138,6.131,6.125,6.092,6.073,6.071,6.034,6.009,5.987,5.962,5.94,5.922,6.028,5.89,5.922,5.802,5.663,5.564,5.529,5.56,5.451,5.431,5.44,5.47,5.547,5.82,5.898,5.194,5.141,
Sierra Leone,SLE,"Death rate, crude (per 1,000 people)",SP.DYN.CDRT.IN,31.164,30.754,30.349,29.917,29.435,28.89,28.28,27.734,27.311,26.887,26.532,26.119,25.766,25.383,25.047,24.599,24.245,23.894,23.599,23.307,23.021,22.794,22.591,22.434,22.324,22.279,22.224,21.993,21.914,21.885,21.468,22.683,22.206,22.093,22.458,22.626,21.682,21.487,22.112,22.437,20.008,19.156,18.85,18.305,17.695,17.026,16.182,15.709,15.167,14.642,14.152,13.647,13.212,12.581,12.332,11.6,10.769,10.329,9.676,9.39,9.319,8.996,8.523,8.287,
El Salvador,SLV,"Death rate, crude (per 1,000 people)",SP.DYN.CDRT.IN,17.807,17.493,17.203,17.043,16.813,16.498,16.167,15.988,15.895,15.539,15.398,14.965,14.567,13.908,13.656,13.189,12.534,12.54,12.082,12.457,15.218,13.904,12.441,11.834,10.59,9.738,9.045,8.977,8.67,8.132,7.748,7.491,7.291,6.885,6.819,6.792,6.711,6.562,6.593,6.523,6.552,6.672,6.677,6.832,6.926,7.239,7.496,7.791,7.588,7.45,7.216,7.109,7.042,7.152,7.237,7.378,7.449,7.494,7.437,7.439,8.565,8.712,7.459,7.519,
San Marino,SMR,"Death rate, crude (per 1,000 people)",SP.DYN.CDRT.IN,8.553,8.37,8.147,7.985,7.824,7.678,7.611,7.599,7.551,7.491,7.443,7.318,7.341,7.381,7.359,7.388,7.413,7.125,7.34,7.357,7.373,7.361,7.359,7.445,7.577,7.581,7.705,8.239,8.252,8.312,8.36,8.4,8.424,8.424,8.427,8.393,8.306,8.19,8.155,8.088,8.003,7.925,7.871,7.812,6.3,7.3,7.5,7.2,6,6.3,6.5,6.8,7.1,7.5,7.7,7.1,7.6,8.2,7.1,7.2,9.9,9.1,7.8,8.3,
Somalia,SOM,"Death rate, crude (per 1,000 people)",SP.DYN.CDRT.IN,21.082,20.96,20.69,20.495,20.321,20.118,19.945,19.775,19.615,19.461,19.315,19.179,19.034,18.897,20.456,20.261,20.083,18.324,17.623,17.234,18.004,18.507,17.892,17.763,17.561,17.664,17.542,17.285,20.974,18.72,18.465,44.114,42.637,15.254,15.966,15.694,15.943,16.099,15.758,15.858,15.749,15.688,15.691,15.691,15.67,15.501,15.443,15.32,14.959,14.501,16.617,32.124,16.102,12.893,12.637,12.292,12.054,14.073,12.391,10.908,10.834,11.3,12.812,9.835,
Serbia,SRB,"Death rate, crude (per 1,000 people)",SP.DYN.CDRT.IN,8.928,8.859,8.638,8.688,8.484,8.303,8.086,7.952,8.136,8.392,8.739,8.97,8.978,8.835,8.568,8.45,8.51,8.825,9.271,9.694,9.936,10.007,10.231,10.366,10.512,10.433,10.436,10.425,10.433,10.331,10.557,10.89,11.331,11.325,11.212,12.3,12.9,12.91,13.13,13.5,13.8,13.2,13.7,13.9,14,14.3,13.88,13.92,13.97,14.2,14.2,14.2,14.2,14,14.2,14.6,14.3,14.8,14.6,14.6,16.9,20,16.3,14.7,
Sub-Saharan Africa (excluding high income),SSA,"Death rate, crude (per 1,000 people)",SP.DYN.CDRT.IN,23.25176518,23.03272589,22.62704113,22.42576084,22.1307479,21.92976803,21.69694646,21.63373788,21.18527329,20.95494354,20.54055075,20.20591747,20.07273622,19.49430492,19.12849462,18.82077139,18.42350534,18.06788025,17.81265624,17.53124353,17.2961551,17.0924292,16.83801128,16.90317872,16.80201786,16.59462921,16.26052908,16.32542504,16.50712849,15.87029564,15.82406955,16.07074962,16.08432849,15.70507734,17.01933511,15.26551339,15.25383324,15.08421848,15.21093646,14.66177255,14.29050689,14.05239524,13.78909009,13.48861054,13.16583653,12.83695122,12.45858406,12.08492896,11.74767956,11.72922158,11.10461094,11.03276267,10.51177469,10.24356749,10.15160975,9.936443318,9.728768782,9.562758612,9.180996906,9.036950628,8.98376198,9.179349749,8.769600605,8.293257555,
South Sudan,SSD,"Death rate, crude (per 1,000 people)",SP.DYN.CDRT.IN,37.378,37.107,36.832,37.604,32.277,36.853,41.575,41.119,40.666,41.8,41.356,33.72,33.403,28.138,27.836,27.542,27.28,26.932,26.676,26.391,26.098,25.765,25.368,28.745,31.686,30.96,30.407,49.397,77.739,35.345,34.795,34.248,46.657,46.058,20.088,31.58,30.849,29.594,53.367,19.361,17.315,16.566,15.89,14.057,13.455,12.776,12.254,11.725,11.2,10.857,10.388,10.322,10.044,9.997,17.932,22.034,24.844,25.765,12.423,9.302,9.594,10.038,9.906,9.609,
Sub-Saharan Africa,SSF,"Death rate, crude (per 1,000 people)",SP.DYN.CDRT.IN,23.31394409,23.07921098,22.69432783,22.48531944,22.20197108,22.01465101,21.98872889,21.70950378,21.2956637,21.08577195,20.71391723,20.40621566,20.38729671,19.85714754,19.70535422,19.43408719,18.85701788,18.54473428,18.28940827,17.97493825,17.72487252,17.47552106,17.23775088,17.90208108,17.75392057,17.46906259,17.10952722,16.58108431,16.76223857,16.1877415,16.1778741,16.29327899,16.27466137,15.89946503,17.06156986,15.44878826,15.38956035,15.19080887,15.2538224,14.75647504,14.32826208,14.06839971,13.77920127,13.45054477,13.10032366,12.75976032,12.35419152,11.94792564,11.57744276,11.50391899,10.88923276,10.77933529,10.26880892,9.993666248,9.878785123,9.659602912,9.451904834,9.280887436,8.922105387,8.777224085,8.721050977,8.92048252,8.496481868,8.054834452,
Small states,SST,"Death rate, crude (per 1,000 people)",SP.DYN.CDRT.IN,13.2271052,13.04115753,12.75011346,12.61522893,12.22229,11.94598381,11.78391435,11.5762396,11.48537351,11.38427905,11.22088709,11.03689973,10.9285607,10.81285237,11.16374963,11.53631645,11.27080437,11.21699115,11.32318797,11.14852776,10.6889533,10.55594291,10.34860444,10.29298665,10.06154346,9.945896144,9.707261945,9.532940658,9.428723807,8.942474828,8.935383716,8.922320303,8.950184858,8.930568314,8.998451111,8.918200119,8.769963805,8.764729268,8.842201581,9.01573441,8.438461804,8.409321343,8.458395288,8.488720775,8.458450294,8.417496698,8.380779321,8.260913188,8.171016449,8.095581874,7.944134622,7.88417866,7.87427085,7.796540384,7.767998981,7.742491136,7.740493813,7.717280716,7.733357534,7.745103426,7.975396136,8.954036403,7.93892192,7.616400262,
Sao Tome and Principe,STP,"Death rate, crude (per 1,000 people)",SP.DYN.CDRT.IN,21.812,20.512,19.327,18.115,17.097,16.157,15.361,14.704,14.155,13.72,13.301,12.675,12.402,12.178,12.006,11.86,11.755,11.652,11.57,11.521,11.521,11.563,11.602,11.516,11.375,11.201,12.383,10.778,10.627,11.06,10.509,10.41,10.398,10.367,10.322,10.276,10.186,10.083,9.954,9.81,9.653,9.421,9.219,8.983,8.704,8.68,8.322,8.119,7.99,7.816,7.67,7.516,7.324,7.148,6.925,6.719,6.53,6.371,6.219,6.117,6.227,6.196,5.732,5.572,
Suriname,SUR,"Death rate, crude (per 1,000 people)",SP.DYN.CDRT.IN,13.922,13.707,13.431,12.857,12.312,11.918,11.588,11.364,11.029,10.736,10.487,10.287,10.293,10.202,10.154,10.148,10.172,10.223,10.309,10.43,10.531,10.199,9.921,9.671,9.404,9.141,9.079,8.884,8.655,8.319,8.199,8.081,7.961,7.859,7.709,7.54,7.589,7.67,7.779,7.913,8.055,8.198,8.312,8.418,8.534,8.151,7.811,7.506,7.281,7.146,7.1,7.118,7.17,7.206,7.199,7.186,7.069,7.041,7.061,7.034,6.848,9.013,6.687,6.649,
Slovak Republic,SVK,"Death rate, crude (per 1,000 people)",SP.DYN.CDRT.IN,7.8,7.5,8.1,7.7,7.6,8.2,8.2,8,8.5,9,9.3,9.4,9,9.4,9.6,9.5,9.5,9.7,9.8,9.7,10.2,9.9,10,10.3,10.1,10.2,10.2,10,10,10.2,10.3,10.3,10.1,9.9,9.6,9.8,9.5,9.7,9.9,9.7,9.8,9.7,9.6,9.7,9.7,10,9.9,10,9.9,9.8,9.9,9.6,9.7,9.6,9.5,9.9,9.6,9.9,10,9.8,10.8,13.5,11,10,
Slovenia,SVN,"Death rate, crude (per 1,000 people)",SP.DYN.CDRT.IN,9.6,8.8,9.9,9.3,10.2,9.7,9.1,9.7,10.2,10.8,10.1,10,10.4,10,9.7,10.1,10,9.6,9.9,9.6,9.9,9.8,10.3,10.8,10.5,10.2,9.9,10,9.6,9.4,9.3,9.7,9.7,10,9.7,9.5,9.4,9.5,9.6,9.5,9.3,9.3,9.4,9.7,9.3,9.4,9.1,9.2,9.1,9.2,9.1,9.1,9.4,9.4,9.2,9.6,9.5,9.9,9.9,9.9,11.4,11,10.6,10.2,
Sweden,SWE,"Death rate, crude (per 1,000 people)",SP.DYN.CDRT.IN,10,9.8,10.2,10.1,10,10.1,10,10.1,10.4,10.5,9.9,10.2,10.3,10.5,10.6,10.8,11,10.7,10.8,11,11,11.1,10.9,10.9,10.9,11.3,11.1,11.1,11.5,10.8,11.1,11,10.9,11.1,10.5,10.6,10.6,10.6,10.5,10.7,10.5,10.5,10.6,10.4,10.1,10.2,10,10,9.9,9.7,9.6,9.5,9.7,9.4,9.2,9.3,9.2,9.1,9.1,8.6,9.5,8.8,9,9,
Eswatini,SWZ,"Death rate, crude (per 1,000 people)",SP.DYN.CDRT.IN,18.59,18.306,18.005,17.739,17.386,17.009,16.636,16.3,15.965,15.659,15.345,15.022,14.684,14.301,13.894,13.444,12.971,12.468,11.955,11.46,10.999,10.597,10.135,10.641,9.388,8.867,8.494,8.17,7.904,7.881,7.936,8.136,8.525,9.031,9.836,10.248,11.049,11.833,12.775,13.648,14.509,15.482,16.272,16.962,17.667,17.757,17.355,16.948,16.548,15.913,14.988,14.617,13.661,12.917,12.205,11.487,10.891,10.281,9.822,9.372,9.545,10.607,8.1,7.7,
Sint Maarten (Dutch part),SXM,"Death rate, crude (per 1,000 people)",SP.DYN.CDRT.IN,10.565,10.025,9.279,8.609,8.052,7.576,7.067,6.567,6.107,5.641,5.266,5.05,4.882,4.63,4.433,4.311,4.242,4.229,4.238,4.267,4.296,4.234,4.047,3.878,3.74,3.641,3.584,3.556,3.532,3.525,3.537,3.571,3.669,3.76,3.812,3.835,3.825,3.803,3.781,3.757,3.782,3.803,3.833,3.905,3.991,4.081,4.192,4.326,4.518,4.756,4.993,5.205,5.222,5.272,5.312,5.459,5.69,6.185,6.475,6.879,7.902,8.819,7.981,8.126,
Seychelles,SYC,"Death rate, crude (per 1,000 people)",SP.DYN.CDRT.IN,13.051,12.648,12.407,12.148,11.912,11.655,11.545,11.179,10.73,10.331,9.908,8.5,9.4,8.3,8.6,7.3,7.7,7.7,7.5,7,7,6.9,7.5,7,7.5,7.2,7.6,7.4,7.3,8.1,7.7,7.7,7.4,8.3,7.6,7,7.4,7.8,7.2,7,6.8,6.8,7.7,8.1,7.2,8.1,7.8,7.4,7.6,7.8,7.4,7.9,7.4,8,7.9,7.5,7.9,7.8,8.4,8.1,6.8,9.3,7.8,7.3,
Syrian Arab Republic,SYR,"Death rate, crude (per 1,000 people)",SP.DYN.CDRT.IN,16.638,15.852,15.085,14.391,13.744,13.143,12.592,12.119,11.437,10.913,10.391,9.891,9.453,9.659,8.538,8.106,7.729,7.404,7.083,6.848,6.622,7.305,8.786,5.993,5.79,5.616,5.435,5.252,5.073,4.918,4.763,4.65,4.569,4.535,4.533,4.556,4.57,4.571,4.554,4.48,4.385,4.265,4.145,4.031,3.965,3.902,3.798,3.736,3.815,3.799,3.824,4.334,6.829,7.514,7.353,8.223,7.323,7.246,6.544,5.284,5.058,4.964,4.773,5.039,
Turks and Caicos Islands,TCA,"Death rate, crude (per 1,000 people)",SP.DYN.CDRT.IN,14.448,13.891,13.405,12.887,12.372,11.893,11.499,11.112,10.793,10.457,10.076,9.617,9.268,8.975,8.673,8.404,8.181,7.963,7.762,7.625,7.482,7.262,7.071,6.879,6.691,6.535,6.35,6.171,5.988,5.825,5.626,5.433,5.244,5.085,4.911,4.775,4.66,4.568,4.478,4.386,4.308,4.24,4.148,4.111,4.125,4.18,4.307,4.467,4.84,4.978,5.291,5.673,6.051,6.209,6.403,6.454,6.662,6.796,6.92,7.04,7.389,7.713,7.372,7.401,
Chad,TCD,"Death rate, crude (per 1,000 people)",SP.DYN.CDRT.IN,25.572,25.348,25.143,24.854,24.627,24.656,24.54,24.288,24.045,23.815,23.556,24.019,23.343,23.127,22.978,22.868,22.815,22.624,22.452,22.145,22.396,21.845,20.829,20.951,21.238,20.63,20.107,21.611,19.774,19.739,20.604,19.466,19.457,19.544,19.18,18.572,18.614,18.385,18.227,17.989,17.852,17.478,17.236,16.855,16.692,16.561,16.489,16.111,15.77,15.463,15.178,14.857,14.55,14.231,14.071,13.876,13.548,13.277,12.857,12.519,12.328,12.162,11.486,11.032,
East Asia & Pacific (IDA & IBRD countries),TEA,"Death rate, crude (per 1,000 people)",SP.DYN.CDRT.IN,23.06121147,14.53258518,11.31248836,11.27064177,12.25194454,11.22017878,10.2333667,9.709341881,9.552155076,9.282068812,8.91545195,8.613525533,8.8464355,8.283787751,8.460516062,8.603188634,8.461074913,8.089204054,7.558164957,7.176001756,7.209727136,7.182675139,7.301059816,7.461735123,7.347812795,7.259291573,7.267189868,7.113858178,7.017327851,6.900503682,6.961034542,6.952471398,6.86508936,6.822477221,6.700233464,6.73990521,6.713848145,6.653103781,6.629757419,6.59829796,6.573917958,6.550588414,6.524914078,6.51794981,6.630177222,6.595456183,6.813192621,6.888098375,7.050929176,6.993869048,7.019171958,7.036140078,7.028869671,7.031728714,7.028577005,6.999849272,6.98754273,7.000249088,7.035479087,7.059842974,7.200270839,7.641492152,7.34585861,7.666500789,
Europe & Central Asia (IDA & IBRD countries),TEC,"Death rate, crude (per 1,000 people)",SP.DYN.CDRT.IN,9.614896443,9.481767049,9.553935504,9.238964017,9.111504439,9.141444251,9.077770638,9.234476716,9.279758093,9.536321597,9.525593258,9.563283996,9.534674013,9.579716592,9.586573585,9.799913709,9.865190402,9.972227097,10.08468063,10.22243258,10.39635783,10.17729506,10.06046769,10.22785888,10.41312678,10.29543072,9.83304438,9.831996796,9.916682447,9.817324681,10.02445163,10.22899365,10.7527926,11.62578936,11.97760593,11.76969699,11.49169244,11.27033841,11.08383715,11.49537373,11.60016769,11.6793908,11.92900188,12.00235523,11.81335006,11.91698258,11.55486428,11.38513898,11.29834248,10.9518496,10.86636786,10.55894898,10.43445128,10.22823388,10.23985094,10.19795941,10.07231678,9.909517829,9.998275034,9.907859523,11.53017969,12.90863366,10.44889422,9.86874792,
Togo,TGO,"Death rate, crude (per 1,000 people)",SP.DYN.CDRT.IN,22.052,21.824,21.575,21.314,20.971,20.616,20.269,19.885,19.526,19.26,18.948,18.63,18.285,17.93,17.569,17.201,16.828,16.333,15.784,15.303,14.808,14.329,13.942,13.571,13.3,13.077,12.867,12.69,12.58,12.59,12.607,12.693,12.715,13.198,12.617,12.59,12.467,12.417,12.304,12.074,11.903,11.79,11.61,11.43,11.234,11.065,10.93,10.834,10.683,10.553,10.388,10.154,9.941,9.704,9.48,9.253,9.039,8.814,8.598,8.394,8.386,8.293,7.872,7.702,
Thailand,THA,"Death rate, crude (per 1,000 people)",SP.DYN.CDRT.IN,14.971,14.608,14.299,13.896,13.486,13.047,12.609,12.169,11.694,11.182,10.665,10.26,9.879,9.543,9.164,8.819,8.506,8.253,8.094,7.929,7.756,7.512,7.235,6.902,6.528,6.196,5.973,5.848,5.796,5.765,5.723,5.783,5.834,5.894,6.007,6.124,6.216,6.211,6.243,6.306,6.395,6.429,6.488,6.53,6.692,6.575,6.58,6.587,6.584,6.571,6.607,6.644,6.696,6.713,6.754,6.818,6.918,7.029,7.167,7.422,7.618,7.744,9.231,8.888,
Tajikistan,TJK,"Death rate, crude (per 1,000 people)",SP.DYN.CDRT.IN,16.737,16.461,16.134,15.789,15.365,14.915,14.483,14.085,13.715,13.377,13.092,12.843,12.613,12.383,12.168,11.961,11.779,11.616,11.482,11.38,11.284,11.172,10.487,10.315,10.181,10.017,9.796,10.021,9.997,10.107,10.037,9.833,11.682,12.145,10.023,9.308,9.152,8.517,8.281,7.818,7.382,7.062,6.755,6.365,6.15,6.137,5.983,5.853,5.723,5.664,5.666,5.568,5.424,5.286,5.255,5.281,5.162,4.953,4.898,4.843,5.85,5.385,4.618,4.581,
Turkmenistan,TKM,"Death rate, crude (per 1,000 people)",SP.DYN.CDRT.IN,17.356,17.002,16.612,16.171,15.687,15.168,14.634,14.11,13.62,13.184,12.822,12.522,12.259,12.05,11.878,11.717,11.561,11.393,11.056,10.612,10.086,9.7,9.413,9.224,9.07,8.883,8.724,8.542,8.385,8.219,8.057,7.947,7.881,7.826,7.764,7.688,7.592,7.49,7.34,7.114,6.942,6.806,6.723,6.668,6.655,6.644,6.597,6.487,6.329,6.174,6.067,6.029,6.052,6.1,6.121,6.123,6.095,6.076,6.039,5.986,6.276,6.044,5.787,5.781,
Latin America & the Caribbean (IDA & IBRD countries),TLA,"Death rate, crude (per 1,000 people)",SP.DYN.CDRT.IN,13.42953613,13.05854076,12.74895512,12.45560751,12.14616724,11.82869499,11.48765137,11.20089445,10.96388835,10.76243197,10.72732354,10.2395131,10.01209746,9.764512398,9.543303201,9.266887354,9.123752244,8.831832057,8.643079347,8.491932814,8.343138723,8.146335788,8.051409934,7.811539483,7.661842178,7.568001894,7.320753409,7.194184244,7.06895278,6.958604714,6.87369681,6.763354865,6.677382547,6.578749279,6.466440959,6.371895761,6.281605235,6.193267612,6.203241129,6.123388114,6.084066716,6.052940267,5.983873281,5.965141721,5.93137339,5.883236642,5.88161184,5.910419286,5.914205283,5.93057861,6.099026163,5.934066385,5.947504306,5.963219839,5.986169065,6.019547907,6.168853473,6.20187779,6.229416698,6.301024825,7.61176198,8.480928411,6.980795647,6.514734448,
Timor-Leste,TLS,"Death rate, crude (per 1,000 people)",SP.DYN.CDRT.IN,30.262,29.888,29.476,29.021,28.513,27.971,27.41,26.837,26.257,25.654,25.049,24.442,23.834,23.231,25.369,40.323,37.663,39.074,42.164,40.415,32.632,32.13,31.278,30.741,28.631,28.675,28.109,26.677,26.484,19.067,18.619,18.389,17.439,16.806,16.205,16.421,15.899,15.4,15.66,20.643,9.68,9.336,9.096,9.027,8.733,8.384,8.212,8.099,8.022,7.98,7.965,7.948,7.862,7.785,7.715,7.65,7.606,7.559,7.513,7.477,7.39,7.842,7.362,7.271,
"Middle East, North Africa, Afghanistan & Pakistan (IDA & IBRD)",TMN,"Death rate, crude (per 1,000 people)",SP.DYN.CDRT.IN,22.21773986,21.55484577,21.17666366,20.36734151,19.73180189,19.21845294,18.59438898,18.06440008,17.59056699,17.04624763,16.56910155,16.86543408,15.6722518,15.27567416,14.85655238,14.44923153,14.20961584,13.58413467,13.31221712,12.82575704,12.47064645,12.2051147,11.95982009,11.35456825,11.09048965,10.74973535,10.22501925,9.90460333,9.608935845,9.237130821,9.132073452,8.688558602,8.405257807,8.174541535,8.070471577,7.904857391,7.740717372,7.616083613,7.458869076,7.268866268,7.131283868,6.97450454,6.833180777,6.804027393,6.64284607,6.685493422,6.505234406,6.44487452,6.347821209,6.285825624,6.246240245,6.205875102,6.230138634,6.17893509,6.100683442,6.090659467,6.012579081,5.936618379,5.868398917,5.778598574,6.553383453,6.614326523,5.62586367,5.540495044,
Tonga,TON,"Death rate, crude (per 1,000 people)",SP.DYN.CDRT.IN,10.6,10.276,9.909,9.589,9.276,8.979,8.685,8.442,8.174,7.886,7.625,7.398,7.176,7.032,6.82,6.686,6.57,6.558,6.536,6.536,6.556,6.571,6.683,6.641,6.679,6.729,6.77,6.783,6.77,6.77,6.794,6.772,6.77,6.75,6.74,6.725,6.713,6.681,6.636,6.594,6.553,6.529,6.484,6.453,6.413,6.406,6.375,6.334,6.318,6.4,6.302,6.292,6.294,6.328,6.368,6.376,6.386,6.363,6.401,6.426,6.459,6.701,6.476,6.442,
South Asia (IDA & IBRD),TSA,"Death rate, crude (per 1,000 people)",SP.DYN.CDRT.IN,19.59006574,19.33628334,19.04266411,18.81010572,18.52351184,19.27749344,18.87966758,18.59623565,17.47389983,17.22895843,17.47178972,19.19424049,16.54973049,16.28763645,15.95591098,15.55817609,15.22974566,14.88633003,14.52064385,14.17242658,13.86810883,13.54905252,13.22332953,12.90066842,12.59723253,12.30356512,11.99230902,11.6894295,11.39909853,11.12349241,10.83814127,10.72136764,10.30961599,10.06746788,9.82625715,9.607390494,9.384228958,9.167832614,8.960363131,8.754324871,8.552297208,8.381392812,8.180561407,7.999404198,7.873889662,7.678674781,7.530296887,7.402583729,7.277567173,7.175921594,7.031765926,6.919379582,6.821704751,6.74103296,6.658029876,6.622072887,6.586217854,6.558265484,6.549513558,6.541942902,7.085246181,8.90169968,6.442401072,6.471090127,
Sub-Saharan Africa (IDA & IBRD countries),TSS,"Death rate, crude (per 1,000 people)",SP.DYN.CDRT.IN,23.31394409,23.07921098,22.69432783,22.48531944,22.20197108,22.01465101,21.98872889,21.70950378,21.2956637,21.08577195,20.71391723,20.40621566,20.38729671,19.85714754,19.70535422,19.43408719,18.85701788,18.54473428,18.28940827,17.97493825,17.72487252,17.47552106,17.23775088,17.90208108,17.75392057,17.46906259,17.10952722,16.58108431,16.76223857,16.1877415,16.1778741,16.29327899,16.27466137,15.89946503,17.06156986,15.44878826,15.38956035,15.19080887,15.2538224,14.75647504,14.32826208,14.06839971,13.77920127,13.45054477,13.10032366,12.75976032,12.35419152,11.94792564,11.57744276,11.50391899,10.88923276,10.77933529,10.26880892,9.993666248,9.878785123,9.659602912,9.451904834,9.280887436,8.922105387,8.777224085,8.721050977,8.92048252,8.496481868,8.054834452,
Trinidad and Tobago,TTO,"Death rate, crude (per 1,000 people)",SP.DYN.CDRT.IN,8.49,8.25,8.085,8.022,7.895,7.836,7.825,7.813,7.828,7.885,7.989,7.886,7.729,7.596,7.506,7.42,7.238,7.206,7.231,7.172,7.175,7.228,7.28,7.269,7.211,7.11,7.027,6.901,6.768,6.698,6.676,6.605,6.65,6.669,6.722,6.697,6.751,6.78,6.778,6.788,6.846,6.856,6.783,6.811,6.743,6.743,6.771,6.745,6.743,6.765,6.727,6.698,6.727,6.781,6.918,7.131,7.312,7.494,7.742,7.948,8.312,9.762,8.225,8.368,
Tunisia,TUN,"Death rate, crude (per 1,000 people)",SP.DYN.CDRT.IN,22.146,21.891,20.958,20.292,19.619,18.845,18.025,17.121,16.095,15.245,14.107,13.267,12.465,11.826,11.168,10.579,10.023,9.474,8.934,8.477,8.089,7.791,7.498,7.194,6.924,6.696,6.474,6.22,6.013,5.842,5.753,5.657,5.58,5.501,5.397,5.285,5.171,5.085,5.019,5.012,5.028,5.067,5.095,5.136,5.186,5.246,5.309,5.38,5.448,5.523,5.604,5.719,5.791,5.871,5.931,5.996,6.041,6.068,6.087,6.099,6.648,8.348,6.159,6.071,
Turkiye,TUR,"Death rate, crude (per 1,000 people)",SP.DYN.CDRT.IN,17.733,17.141,16.745,16.229,15.858,15.437,14.997,14.638,14.279,13.882,13.491,13.087,12.648,12.297,11.908,11.565,11.214,10.758,10.318,10,9.655,9.352,8.972,8.627,8.306,8.01,7.74,7.489,7.245,7.038,6.807,6.626,6.52,6.406,6.307,6.236,6.119,6.046,5.954,6.184,5.822,5.791,5.766,5.774,5.794,5.832,5.875,5.905,5.973,5.1,5,5.1,5,4.9,5.1,5.2,5.3,5.3,5.2,5.3,6.1,6.7,5.9,6.2,
Tuvalu,TUV,"Death rate, crude (per 1,000 people)",SP.DYN.CDRT.IN,18.319,17.539,16.741,15.936,15.344,14.77,14.259,13.825,13.415,12.847,12.505,12.155,12.873,11.517,10.999,10.872,10.608,10.406,10.254,10.238,10.263,10.273,10.332,10.441,10.621,10.774,10.77,10.746,10.705,10.627,10.566,10.518,11.37,10.477,10.392,10.34,10.28,10.211,10.162,10.113,10.015,9.892,9.78,9.676,9.655,9.628,9.587,9.533,9.503,9.445,9.406,9.368,9.344,9.386,9.395,9.394,9.335,9.255,9.18,9.19,9.177,9.593,9.066,9.138,
Tanzania,TZA,"Death rate, crude (per 1,000 people)",SP.DYN.CDRT.IN,21.114,20.981,20.78,20.551,20.265,19.98,19.742,19.598,19.266,18.997,18.714,18.417,18.1,17.792,17.477,17.134,16.758,16.397,16.126,15.824,15.511,15.235,15.045,14.876,14.81,14.669,14.529,14.402,14.31,14.284,14.24,14.226,14.348,14.266,14.216,14.284,14.283,14.106,13.741,13.316,12.772,12.242,11.737,11.18,10.685,10.222,9.755,9.318,8.954,8.635,8.293,8.021,7.72,7.501,7.261,7.002,6.8,6.581,6.382,6.183,5.909,6.091,5.844,5.791,
Uganda,UGA,"Death rate, crude (per 1,000 people)",SP.DYN.CDRT.IN,19.129,18.593,18.144,17.72,17.379,17.072,16.966,16.655,16.52,16.422,16.407,18.01,18.071,18.127,18.321,18.506,18.78,19.036,19.274,19.476,20.814,20.752,20.61,20.425,20.192,18.933,18.831,17.869,17.761,17.67,17.542,17.389,17.18,17.04,16.93,16.871,16.575,16.304,15.921,15.345,14.786,14.101,13.421,12.757,11.942,11.177,10.456,9.793,9.208,8.705,8.263,7.824,7.419,7.038,6.699,6.372,6.073,5.82,5.613,5.42,5.373,5.339,5.035,4.842,
Ukraine,UKR,"Death rate, crude (per 1,000 people)",SP.DYN.CDRT.IN,8.248,8.019,7.94,7.898,7.863,7.92,8.049,8.217,8.435,8.684,8.854,8.95,9.072,9.292,9.554,9.877,10.164,10.418,10.684,10.92,11.005,11.107,11.197,11.356,11.562,11.458,11.394,11.285,11.513,11.737,12.164,12.796,13.51,14.125,14.815,15.148,15.204,14.857,14.719,14.859,15.171,15.41,15.602,15.817,16.132,16.22,16.149,16.208,15.907,15.446,14.798,14.474,14.242,13.983,13.682,13.015,12.589,12.265,13.157,13.079,14.438,17.134,14.188,13.13,
Upper middle income,UMC,"Death rate, crude (per 1,000 people)",SP.DYN.CDRT.IN,20.89249065,14.24772673,11.73947509,11.57774326,12.26415279,11.40638399,10.58474736,10.12476618,9.897964527,9.677172379,9.349333377,9.017902873,9.063235872,8.626910149,8.694273884,8.582514566,8.467845929,8.142242623,7.727121705,7.612683378,7.635491082,7.570823739,7.622052819,7.676898195,7.531847537,7.426106873,7.361957341,7.214362803,7.148116265,7.009882253,7.070774899,7.024017252,6.984958429,6.959869284,6.856392199,6.885335113,6.854399441,6.795956782,6.777767733,6.766177528,6.74030466,6.722872317,6.717150952,6.737557384,6.812134539,6.785071408,6.945890782,7.003437575,7.040586603,7.001123357,6.990667323,6.982178116,6.949061773,6.934805193,6.923233448,6.885247604,6.896379919,6.896139268,6.920810304,6.944495591,7.528216581,8.027147914,7.313075204,7.426903733,
Uruguay,URY,"Death rate, crude (per 1,000 people)",SP.DYN.CDRT.IN,9.766,9.724,9.702,9.681,9.668,9.667,9.666,9.665,9.683,9.742,9.763,9.767,9.753,9.8,9.855,9.89,9.902,9.877,9.86,9.995,9.884,9.73,9.554,9.796,9.89,9.828,9.715,9.912,9.911,9.856,9.653,9.657,9.771,9.898,9.972,9.796,9.635,9.661,9.743,9.669,9.504,9.364,9.522,9.598,9.575,9.336,9.423,9.326,9.35,9.208,9.355,9.563,9.555,9.458,9.397,9.494,9.581,9.488,9.53,9.754,9.219,11.726,10.832,9.783,
United States,USA,"Death rate, crude (per 1,000 people)",SP.DYN.CDRT.IN,9.5,9.3,9.5,9.6,9.4,9.4,9.5,9.4,9.8,9.5,9.5,9.3,9.4,9.3,9.1,8.8,8.8,8.6,8.7,8.5,8.8,8.6,8.5,8.6,8.7,8.7,8.7,8.6,8.9,8.8,8.6,8.6,8.5,8.8,8.8,8.8,8.8,8.7,8.6,8.6,8.5,8.5,8.5,8.4,8.2,8.3,8.1,8,8.1,7.9,7.995,8.073,8.102,8.215,8.237,8.44,8.493,8.638,8.678,8.697,10.27,10.4,9.8,9.2,
Uzbekistan,UZB,"Death rate, crude (per 1,000 people)",SP.DYN.CDRT.IN,15.38,15.121,14.813,14.387,13.94,13.494,13.005,12.539,12.088,11.718,11.423,11.157,10.906,10.666,10.432,10.202,9.969,9.73,9.487,9.293,9.108,8.928,8.759,8.588,8.419,8.188,7.954,7.669,7.43,7.296,7.302,7.383,7.455,7.504,7.515,7.47,7.377,7.227,7.128,7.057,7.006,6.889,6.758,6.653,6.621,6.614,6.564,6.467,6.364,6.256,6.198,6.148,6.125,6.109,6.082,6.005,5.963,5.962,5.933,5.97,6.467,6.32,6.048,6.206,
St. Vincent and the Grenadines,VCT,"Death rate, crude (per 1,000 people)",SP.DYN.CDRT.IN,13.454,12.898,12.279,11.696,11.194,10.75,10.383,10.066,9.727,9.434,9.131,8.919,8.78,8.64,8.516,8.356,8.143,8.011,7.93,7.23,7.779,7.656,7.477,7.325,7.069,6.829,6.701,6.614,6.616,6.704,6.833,6.981,6.942,7.1,7.158,7.228,7.357,7.496,7.669,7.774,7.909,8.068,7.941,8.221,8.319,8.444,8.621,8.821,8.986,9.212,9.54,9.906,10.338,10.658,10.726,10.821,10.979,10.916,11.1,11.288,12.927,12.724,11.45,11.499,
"Venezuela, RB",VEN,"Death rate, crude (per 1,000 people)",SP.DYN.CDRT.IN,10.034,9.597,9.257,8.819,8.462,8.087,7.623,7.327,7.108,7.09,6.666,6.482,6.316,6.222,6.034,5.871,5.685,5.537,5.429,5.409,5.439,5.288,5.206,5.046,5.02,4.954,4.811,4.792,4.797,4.824,4.817,4.781,4.829,4.811,4.902,4.813,4.804,4.652,4.758,4.959,4.934,5.525,4.929,5.293,5.113,5.078,5.202,5.147,5.521,5.531,5.512,5.602,5.703,5.804,5.996,6.026,6.572,6.8,6.685,6.802,7.202,7.862,7.347,7.56,
British Virgin Islands,VGB,"Death rate, crude (per 1,000 people)",SP.DYN.CDRT.IN,10.614,10.133,9.683,9.278,8.906,8.576,8.264,7.957,7.707,7.384,7.311,7.177,7.079,6.978,6.839,6.764,6.75,6.796,6.842,6.94,6.953,6.766,6.574,6.376,6.146,5.971,5.821,5.713,5.622,5.549,5.467,5.438,5.257,5.085,4.897,4.784,4.696,4.659,4.573,4.582,4.555,4.501,4.434,4.439,4.468,4.496,4.539,4.624,4.695,4.818,5.047,4.916,5.127,5.185,5.319,5.279,5.788,5.639,5.326,5.724,5.791,7.038,5.908,5.972,
Virgin Islands (U.S.),VIR,"Death rate, crude (per 1,000 people)",SP.DYN.CDRT.IN,10,9.68,9.36,9.04,8.72,8.4,8.1,7.8,7.5,7.2,6.8,6.5,6.2,5.9,5.6,5.2,5.4,5.35,5.3,5.3,5.2,5.2,5.1,5.1,5,5,5,5,4.875,4.75,4.625,4.5,4.5,4.675,4.85,5.025,5.2,5.3,5,5.3,6,5.6,5.7,5.8,5.8,6.1,5.8,6.7,6.7,6.6,6.6,6.6,6.7,6.9,7.1,7.3,7.5,7.7,7.9,8.2,8.4,8.6,8.8,9,
Viet Nam,VNM,"Death rate, crude (per 1,000 people)",SP.DYN.CDRT.IN,12.225,11.724,11.973,12.687,12.313,12.477,12.396,12.411,14.707,13.433,13.345,12.987,15.152,12.984,13.453,9.804,9.003,8.834,8.641,8.476,8.321,8.148,7.99,7.873,7.716,7.577,7.386,7.155,6.911,6.848,6.773,6.673,6.54,6.401,6.224,6.021,5.857,5.722,5.518,5.459,5.486,5.482,5.509,5.564,5.73,5.751,5.772,5.799,5.828,5.872,5.911,5.947,6.008,6.057,6.114,6.153,6.195,6.238,6.263,6.3,5.813,6.653,6.488,6.577,
Vanuatu,VUT,"Death rate, crude (per 1,000 people)",SP.DYN.CDRT.IN,16.454,15.92,15.39,14.868,14.399,13.896,13.415,12.949,12.496,12.374,12.167,11.889,11.589,11.154,10.732,10.293,9.863,9.432,9.01,8.508,11.042,10.454,9.924,9.438,9.015,8.639,8.15,8.117,7.407,7.167,6.813,6.527,6.3,6.09,5.894,5.764,5.659,5.549,5.48,5.64,5.334,5.354,5.356,5.364,5.385,5.357,5.411,5.449,5.439,5.44,5.468,5.513,5.539,5.586,5.638,5.654,5.621,5.619,5.56,5.494,5.739,5.797,5.167,5.083,
World,WLD,"Death rate, crude (per 1,000 people)",SP.DYN.CDRT.IN,17.21146901,14.55955764,13.5844077,13.42905837,13.52075773,13.33355156,12.91123681,12.6248517,12.38685642,12.22608289,12.08507667,12.22428097,11.74200252,11.47138705,11.39940832,11.33104613,11.17309823,10.89124215,10.65068407,10.40869386,10.37504338,10.22212735,10.14044845,10.18569823,10.06217362,9.946052182,9.764180324,9.570320294,9.510343519,9.329749273,9.303794507,9.26957206,9.171565933,9.155776379,9.195078323,8.99448516,8.890925911,8.77099199,8.712125011,8.629563466,8.51162533,8.428224763,8.361046437,8.288486587,8.193395924,8.137898012,8.063215334,8.004898871,7.983555271,7.900265697,7.818858096,7.760641243,7.688249033,7.625909702,7.581993878,7.581907152,7.536438658,7.525464981,7.492066277,7.468179369,8.011464038,8.71260339,7.70740462,7.578752996,
Samoa,WSM,"Death rate, crude (per 1,000 people)",SP.DYN.CDRT.IN,12.776,12.398,12.021,11.47,13.038,10.506,10.186,9.749,9.399,9.074,8.765,8.482,8.219,7.963,7.686,7.453,7.264,7.129,6.97,6.802,6.637,6.511,6.412,6.356,6.314,6.276,6.23,6.178,6.098,6.019,5.971,5.902,5.721,5.688,5.629,5.582,5.533,5.484,5.437,5.386,5.337,5.272,5.233,5.247,5.325,5.438,5.497,5.593,5.675,6.511,5.781,5.829,5.94,5.946,6.007,6.056,6.087,6.1,6.147,6.529,6.496,6.405,6.181,6.157,
Kosovo,XKX,"Death rate, crude (per 1,000 people)",SP.DYN.CDRT.IN,18.608,17.797,18.603,17.41,16.712,16.131,15.774,15.329,15.079,15.337,14.913,14.084,13.621,13.048,12.756,12.226,12.006,11.478,11.12,10.868,10.284,10.189,10.321,9.92,9.696,9.677,9.022,8.572,8.284,7.78,7.277,7.164,6.498,6.184,5.933,5.939,5.801,5.627,6.664,11.518,5.62,5.59,5.616,5.595,5.572,5.603,5.641,5.421,5.395,5.452,5.587,5.293,5.22,5.101,5.324,5.589,5.401,5.39,5.568,5.702,8.553,7.261,5.885,5.871,
"Yemen, Rep.",YEM,"Death rate, crude (per 1,000 people)",SP.DYN.CDRT.IN,33.784,33.245,33.636,33.88,32.408,31.721,31.017,30.177,29.212,27.637,26.689,25.585,24.634,23.709,22.792,21.916,21.035,20.144,19.243,18.431,17.599,16.753,16.145,15.2,14.452,13.792,14.067,12.655,12.175,11.706,11.304,11.01,10.648,10.312,10.042,9.576,9.181,8.821,8.505,8.201,7.905,7.597,7.302,7.004,6.755,6.503,6.292,6.08,5.892,5.748,5.586,5.474,5.425,5.294,5.29,5.773,5.647,5.644,6.114,5.859,5.832,5.953,5.232,4.792,
South Africa,ZAF,"Death rate, crude (per 1,000 people)",SP.DYN.CDRT.IN,14.196,13.844,13.516,13.303,13.097,12.952,12.795,12.67,12.526,12.375,12.217,12.018,11.795,11.573,11.317,11.015,10.758,10.459,10.168,9.918,9.648,9.444,9.254,9.065,8.887,8.737,8.621,8.488,8.348,8.253,8.232,8.23,8.3,8.384,8.703,8.92,9.103,9.282,9.586,9.975,10.393,11.074,11.954,12.831,13.103,13.333,13.392,13.122,12.683,12.067,11.349,10.721,10.149,9.962,9.647,9.217,9.069,8.83,8.789,8.75,9.683,11.933,9.402,9.239,
Zambia,ZMB,"Death rate, crude (per 1,000 people)",SP.DYN.CDRT.IN,16.498,16.25,16.062,15.891,16.087,15.573,15.43,15.281,15.139,14.94,14.759,14.489,14.211,13.902,13.627,13.43,13.223,13.099,13.029,13.092,13.259,13.432,13.684,13.989,14.378,14.802,15.224,15.594,15.963,16.356,16.68,17.045,17.205,17.265,17.344,17.401,17.428,17.273,17.123,16.815,16.198,15.459,14.651,13.792,13.109,12.371,11.702,11.047,10.411,9.829,9.29,8.818,8.389,8.017,7.686,7.402,7.203,7.005,6.775,6.482,6.26,6.607,5.583,5.207,
Zimbabwe,ZWE,"Death rate, crude (per 1,000 people)",SP.DYN.CDRT.IN,14.164,13.827,13.484,13.14,12.796,12.47,12.153,11.872,11.616,11.395,11.226,11.111,11.042,11.092,11.054,11.05,11.306,11.602,12.69,12.66,10.588,10.125,9.818,9.605,9.156,8.865,8.663,8.613,8.696,8.932,9.325,9.834,10.416,11.381,12.128,12.831,14.009,14.349,15.011,15.893,16.254,17.426,16.339,16.743,16.246,15.893,15.501,15.204,14.714,13.983,12.745,11.694,10.946,10.233,9.621,9.18,8.816,8.587,8.321,8.281,8.138,8.782,7.779,7.614,
